{
"type": "FeatureCollection",
"name": "roads",
"crs": { "type": "name", "properties": { "name": "urn:ogc:def:crs:OGC:1.3:CRS84" } },
"features": [
{ "type": "Feature", "properties": { "name": null, "highway": "tertiary", "length": 52.0, "risk_tier": "critical", "zone_type": "riverine" }, "geometry": { "type": "MultiLineString", "coordinates": [ [ [ -86.4239759, 37.003512799999989 ], [ -86.423718, 37.003644 ] ], [ [ -86.423718, 37.003644 ], [ -86.423478, 37.003761 ] ] ] } },
{ "type": "Feature", "properties": { "name": "State Street", "highway": "tertiary", "length": 68.0, "risk_tier": "critical", "zone_type": "riverine" }, "geometry": { "type": "MultiLineString", "coordinates": [ [ [ -86.43129, 36.99882 ], [ -86.431105, 36.998944 ] ], [ [ -86.431105, 36.998944 ], [ -86.430987, 36.999021 ] ], [ [ -86.430987, 36.999021 ], [ -86.430867, 36.999098 ] ], [ [ -86.430867, 36.999098 ], [ -86.430745, 36.999175 ] ], [ [ -86.430745, 36.999175 ], [ -86.4306946, 36.999209 ] ] ] } },
{ "type": "Feature", "properties": { "name": "Brookwood Park", "highway": "residential", "length": 269.0, "risk_tier": "critical", "zone_type": "riverine" }, "geometry": { "type": "MultiLineString", "coordinates": [ [ [ -86.496269, 36.986455 ], [ -86.496304, 36.986492 ] ], [ [ -86.496304, 36.986492 ], [ -86.496405, 36.986592 ] ], [ [ -86.496405, 36.986592 ], [ -86.49646, 36.986637 ] ], [ [ -86.49646, 36.986637 ], [ -86.496596, 36.986737 ] ], [ [ -86.496596, 36.986737 ], [ -86.496671, 36.986785 ] ], [ [ -86.496671, 36.986785 ], [ -86.496752, 36.986827 ] ], [ [ -86.496752, 36.986827 ], [ -86.496818, 36.986854 ] ], [ [ -86.496818, 36.986854 ], [ -86.496928, 36.986892 ] ], [ [ -86.496928, 36.986892 ], [ -86.497223, 36.98697 ] ], [ [ -86.497223, 36.98697 ], [ -86.49744, 36.987021 ] ], [ [ -86.49744, 36.987021 ], [ -86.497565, 36.987046 ] ], [ [ -86.497565, 36.987046 ], [ -86.497877, 36.987102 ] ], [ [ -86.497877, 36.987102 ], [ -86.498327, 36.987174 ] ], [ [ -86.498327, 36.987174 ], [ -86.498632, 36.987219 ] ], [ [ -86.498632, 36.987219 ], [ -86.4990358, 36.9872664 ] ] ] } },
{ "type": "Feature", "properties": { "name": null, "highway": "residential", "length": 300.0, "risk_tier": "critical", "zone_type": "riverine" }, "geometry": { "type": "MultiLineString", "coordinates": [ [ [ -86.4321795, 37.0234825 ], [ -86.432651, 37.023811299999984 ] ], [ [ -86.432651, 37.023811299999984 ], [ -86.4333336, 37.0242874 ] ], [ [ -86.4333336, 37.0242874 ], [ -86.4334427, 37.0242815 ] ], [ [ -86.4334427, 37.0242815 ], [ -86.4335228, 37.0242489 ] ], [ [ -86.4335228, 37.0242489 ], [ -86.4337, 37.024054 ] ], [ [ -86.4337, 37.024054 ], [ -86.4338252, 37.023977 ] ], [ [ -86.4338252, 37.023977 ], [ -86.4340004, 37.0239304 ] ], [ [ -86.4340004, 37.0239304 ], [ -86.4345395, 37.0238629 ] ], [ [ -86.4345395, 37.0238629 ], [ -86.4349741, 37.0237484 ] ] ] } },
{ "type": "Feature", "properties": { "name": "Torridge Avenue", "highway": "residential", "length": 30.0, "risk_tier": "critical", "zone_type": "riverine" }, "geometry": { "type": "MultiLineString", "coordinates": [ [ [ -86.489594, 36.981725 ], [ -86.489598, 36.981771 ] ], [ [ -86.489598, 36.981771 ], [ -86.489598, 36.981811 ] ], [ [ -86.489598, 36.981811 ], [ -86.489593, 36.98185 ] ], [ [ -86.489593, 36.98185 ], [ -86.489584, 36.981886 ] ], [ [ -86.489584, 36.981886 ], [ -86.489576, 36.981911 ] ], [ [ -86.489576, 36.981911 ], [ -86.489567, 36.981931 ] ], [ [ -86.489567, 36.981931 ], [ -86.489542, 36.981992 ] ] ] } },
{ "type": "Feature", "properties": { "name": "Torridge Avenue", "highway": "residential", "length": 273.0, "risk_tier": "critical", "zone_type": "riverine" }, "geometry": { "type": "MultiLineString", "coordinates": [ [ [ -86.4912554, 36.9830293 ], [ -86.4913389, 36.983044499999977 ] ], [ [ -86.4913389, 36.983044499999977 ], [ -86.4914698, 36.9830821 ] ], [ [ -86.4914698, 36.9830821 ], [ -86.4915092, 36.983100299999982 ] ], [ [ -86.4915092, 36.983100299999982 ], [ -86.4915543, 36.983123 ] ], [ [ -86.4915543, 36.983123 ], [ -86.491617100000013, 36.9831586 ] ], [ [ -86.491617100000013, 36.9831586 ], [ -86.491692, 36.983232099999981 ] ], [ [ -86.491692, 36.983232099999981 ], [ -86.4918161, 36.98339 ] ], [ [ -86.4918161, 36.98339 ], [ -86.4918483, 36.983431 ] ], [ [ -86.4918483, 36.983431 ], [ -86.4921056, 36.9837653 ] ], [ [ -86.4921056, 36.9837653 ], [ -86.4922473, 36.9839602 ] ], [ [ -86.4922473, 36.9839602 ], [ -86.492335, 36.984080799999987 ] ], [ [ -86.492335, 36.984080799999987 ], [ -86.4923592, 36.9841951 ] ], [ [ -86.4923592, 36.9841951 ], [ -86.4923477, 36.9842982 ] ], [ [ -86.4923477, 36.9842982 ], [ -86.4920735, 36.9849898 ] ], [ [ -86.4920735, 36.9849898 ], [ -86.4920472, 36.9850384 ] ], [ [ -86.4920472, 36.9850384 ], [ -86.4919917, 36.9850578 ] ] ] } },
{ "type": "Feature", "properties": { "name": null, "highway": "residential", "length": 372.0, "risk_tier": "critical", "zone_type": "riverine" }, "geometry": { "type": "MultiLineString", "coordinates": [ [ [ -86.458772, 37.010589 ], [ -86.4587561, 37.0106876 ] ], [ [ -86.4587561, 37.0106876 ], [ -86.4586463, 37.0109181 ] ], [ [ -86.4586463, 37.0109181 ], [ -86.4584146, 37.0113109 ] ], [ [ -86.4584146, 37.0113109 ], [ -86.458191, 37.011664800000013 ] ], [ [ -86.458191, 37.011664800000013 ], [ -86.4582235, 37.0119342 ] ], [ [ -86.4582235, 37.0119342 ], [ -86.458143, 37.0128552 ] ], [ [ -86.458143, 37.0128552 ], [ -86.4581745, 37.0138335 ] ] ] } },
{ "type": "Feature", "properties": { "name": null, "highway": "residential", "length": 82.0, "risk_tier": "critical", "zone_type": "riverine" }, "geometry": { "type": "MultiLineString", "coordinates": [ [ [ -86.450688, 37.006485 ], [ -86.450653, 37.006434 ] ], [ [ -86.450653, 37.006434 ], [ -86.450438, 37.006041 ] ], [ [ -86.450438, 37.006041 ], [ -86.450317, 37.005814 ] ] ] } },
{ "type": "Feature", "properties": { "name": "Hillgreen Street", "highway": "residential", "length": 635.0, "risk_tier": "critical", "zone_type": "riverine" }, "geometry": { "type": "MultiLineString", "coordinates": [ [ [ -86.493989, 36.981964 ], [ -86.494155, 36.981904 ] ], [ [ -86.494155, 36.981904 ], [ -86.4943579, 36.9818213 ] ], [ [ -86.4943579, 36.9818213 ], [ -86.494506, 36.981709 ] ], [ [ -86.494506, 36.981709 ], [ -86.4957211, 36.9801635 ] ], [ [ -86.4957211, 36.9801635 ], [ -86.4962001, 36.9795567 ] ], [ [ -86.4962001, 36.9795567 ], [ -86.4972488, 36.97821 ] ], [ [ -86.4972488, 36.97821 ], [ -86.4973159, 36.9781614 ] ], [ [ -86.4973159, 36.9781614 ], [ -86.497399, 36.9781374 ] ], [ [ -86.497399, 36.9781374 ], [ -86.4975115, 36.9781287 ] ], [ [ -86.4975115, 36.9781287 ], [ -86.4976238, 36.9781612 ] ], [ [ -86.4976238, 36.9781612 ], [ -86.4983468, 36.9786529 ] ] ] } },
{ "type": "Feature", "properties": { "name": null, "highway": "residential", "length": 153.0, "risk_tier": "critical", "zone_type": "riverine" }, "geometry": { "type": "MultiLineString", "coordinates": [ [ [ -86.450919, 37.006404 ], [ -86.45102, 37.006627 ] ], [ [ -86.45102, 37.006627 ], [ -86.451071, 37.006727 ] ], [ [ -86.451071, 37.006727 ], [ -86.4512056, 37.0069746 ] ], [ [ -86.4512056, 37.0069746 ], [ -86.4512932, 37.007135899999987 ] ], [ [ -86.4512932, 37.007135899999987 ], [ -86.451397, 37.007327 ] ], [ [ -86.451397, 37.007327 ], [ -86.45158, 37.007675 ] ] ] } },
{ "type": "Feature", "properties": { "name": "Arrowhead Drive", "highway": "residential", "length": 242.0, "risk_tier": "critical", "zone_type": "riverine" }, "geometry": { "type": "MultiLineString", "coordinates": [ [ [ -86.400576, 36.953122 ], [ -86.400733, 36.953566 ] ], [ [ -86.400733, 36.953566 ], [ -86.4008405, 36.9538554 ] ], [ [ -86.4008405, 36.9538554 ], [ -86.400871800000019, 36.9539695 ] ], [ [ -86.400871800000019, 36.9539695 ], [ -86.4008823, 36.9540558 ] ], [ [ -86.4008823, 36.9540558 ], [ -86.4008805, 36.95412060000001 ] ], [ [ -86.4008805, 36.95412060000001 ], [ -86.4008556, 36.9542982 ] ], [ [ -86.4008556, 36.9542982 ], [ -86.4006811, 36.9552536 ] ] ] } },
{ "type": "Feature", "properties": { "name": null, "highway": "residential", "length": 421.0, "risk_tier": "critical", "zone_type": "riverine" }, "geometry": { "type": "MultiLineString", "coordinates": [ [ [ -86.390524, 37.01446 ], [ -86.3908001, 37.0142966 ] ], [ [ -86.3908001, 37.0142966 ], [ -86.392317, 37.013399 ] ], [ [ -86.392317, 37.013399 ], [ -86.3926077, 37.0132219 ] ], [ [ -86.3926077, 37.0132219 ], [ -86.393884, 37.012444 ] ], [ [ -86.393884, 37.012444 ], [ -86.39432840000002, 37.01219560000002 ] ] ] } },
{ "type": "Feature", "properties": { "name": "Daphne Court", "highway": "residential", "length": 133.0, "risk_tier": "critical", "zone_type": "riverine" }, "geometry": { "type": "MultiLineString", "coordinates": [ [ [ -86.4034743, 36.9522068 ], [ -86.4035175, 36.952291099999989 ] ], [ [ -86.4035175, 36.952291099999989 ], [ -86.403583, 36.952416 ] ], [ [ -86.403583, 36.952416 ], [ -86.403663, 36.952564 ] ], [ [ -86.403663, 36.952564 ], [ -86.403731, 36.952662 ] ], [ [ -86.403731, 36.952662 ], [ -86.403774, 36.952706 ] ], [ [ -86.403774, 36.952706 ], [ -86.403825, 36.952744 ] ], [ [ -86.403825, 36.952744 ], [ -86.40388, 36.95278 ] ], [ [ -86.40388, 36.95278 ], [ -86.403937, 36.952812 ] ], [ [ -86.403937, 36.952812 ], [ -86.4044348, 36.9530678 ] ] ] } },
{ "type": "Feature", "properties": { "name": null, "highway": "residential", "length": 66.0, "risk_tier": "critical", "zone_type": "riverine" }, "geometry": { "type": "MultiLineString", "coordinates": [ [ [ -86.4054811, 36.95049190000001 ], [ -86.4054624, 36.9506445 ] ], [ [ -86.4054624, 36.9506445 ], [ -86.4054379, 36.9508605 ] ], [ [ -86.4054379, 36.9508605 ], [ -86.4054003, 36.9510802 ] ] ] } },
{ "type": "Feature", "properties": { "name": null, "highway": "residential", "length": 173.0, "risk_tier": "critical", "zone_type": "riverine" }, "geometry": { "type": "MultiLineString", "coordinates": [ [ [ -86.477441, 36.986907 ], [ -86.477687, 36.987116 ] ], [ [ -86.477687, 36.987116 ], [ -86.477761, 36.987178 ] ], [ [ -86.477761, 36.987178 ], [ -86.47783, 36.987256 ] ], [ [ -86.47783, 36.987256 ], [ -86.47789, 36.987352 ] ], [ [ -86.47789, 36.987352 ], [ -86.478176, 36.988028 ] ], [ [ -86.478176, 36.988028 ], [ -86.478283, 36.988282 ] ] ] } },
{ "type": "Feature", "properties": { "name": "Scottsville Road", "highway": "trunk", "length": 978.0, "risk_tier": "critical", "zone_type": "riverine" }, "geometry": { "type": "MultiLineString", "coordinates": [ [ [ -86.383137, 36.8976776 ], [ -86.384018400000016, 36.898291 ] ], [ [ -86.384018400000016, 36.898291 ], [ -86.3849379, 36.8989308 ] ], [ [ -86.3849379, 36.8989308 ], [ -86.385237600000011, 36.8991218 ] ], [ [ -86.385237600000011, 36.8991218 ], [ -86.3855171, 36.89928219999998 ] ], [ [ -86.3855171, 36.89928219999998 ], [ -86.3858393, 36.89946960000001 ] ], [ [ -86.3858393, 36.89946960000001 ], [ -86.3863937, 36.8997489 ] ], [ [ -86.3863937, 36.8997489 ], [ -86.3869007, 36.8999778 ] ], [ [ -86.3869007, 36.8999778 ], [ -86.3874506, 36.900190500000022 ] ], [ [ -86.3874506, 36.900190500000022 ], [ -86.3880568, 36.9003923 ] ], [ [ -86.3880568, 36.9003923 ], [ -86.3903181, 36.9010871 ] ], [ [ -86.3903181, 36.9010871 ], [ -86.390733, 36.9012121 ] ], [ [ -86.390733, 36.9012121 ], [ -86.3923891, 36.9017109 ] ], [ [ -86.3923891, 36.9017109 ], [ -86.3927142, 36.9018088 ] ] ] } },
{ "type": "Feature", "properties": { "name": "Louisville Road", "highway": "primary", "length": 2325.0, "risk_tier": "critical", "zone_type": "riverine" }, "geometry": { "type": "MultiLineString", "coordinates": [ [ [ -86.405802, 37.008991 ], [ -86.405849, 37.00899 ] ], [ [ -86.405849, 37.00899 ], [ -86.406097, 37.008988 ] ], [ [ -86.406097, 37.008988 ], [ -86.40635, 37.00899 ] ], [ [ -86.40635, 37.00899 ], [ -86.407116, 37.00901 ] ], [ [ -86.407116, 37.00901 ], [ -86.407884, 37.009027 ] ], [ [ -86.407884, 37.009027 ], [ -86.408149, 37.009033 ] ], [ [ -86.408149, 37.009033 ], [ -86.408407, 37.00904 ] ], [ [ -86.408407, 37.00904 ], [ -86.408928, 37.009052 ] ], [ [ -86.408928, 37.009052 ], [ -86.409188, 37.009054 ] ], [ [ -86.409188, 37.009054 ], [ -86.409449, 37.009052 ] ], [ [ -86.409449, 37.009052 ], [ -86.409712, 37.009046 ] ], [ [ -86.409712, 37.009046 ], [ -86.409977, 37.009036 ] ], [ [ -86.409977, 37.009036 ], [ -86.410243, 37.009023 ] ], [ [ -86.410243, 37.009023 ], [ -86.410512, 37.009007 ] ], [ [ -86.410512, 37.009007 ], [ -86.410782, 37.008986 ] ], [ [ -86.410782, 37.008986 ], [ -86.411054, 37.008961 ] ], [ [ -86.411054, 37.008961 ], [ -86.411329, 37.008933 ] ], [ [ -86.411329, 37.008933 ], [ -86.412159, 37.008844 ] ], [ [ -86.412159, 37.008844 ], [ -86.41328, 37.008721 ] ], [ [ -86.41328, 37.008721 ], [ -86.413843, 37.008657 ] ], [ [ -86.413843, 37.008657 ], [ -86.414408, 37.008591 ] ], [ [ -86.414408, 37.008591 ], [ -86.414974, 37.008527 ] ], [ [ -86.414974, 37.008527 ], [ -86.4159328, 37.0084221 ] ], [ [ -86.4159328, 37.0084221 ], [ -86.416967, 37.008307 ] ], [ [ -86.416967, 37.008307 ], [ -86.4181898, 37.0081768 ] ], [ [ -86.4181898, 37.0081768 ], [ -86.418946, 37.008091 ] ], [ [ -86.418946, 37.008091 ], [ -86.419232, 37.008059 ] ], [ [ -86.419232, 37.008059 ], [ -86.419516, 37.008026 ] ], [ [ -86.419516, 37.008026 ], [ -86.4198, 37.007989 ] ], [ [ -86.4198, 37.007989 ], [ -86.420084, 37.007947 ] ], [ [ -86.420084, 37.007947 ], [ -86.420366, 37.007897 ] ], [ [ -86.420366, 37.007897 ], [ -86.420648, 37.007839 ] ], [ [ -86.420648, 37.007839 ], [ -86.420928, 37.007774 ] ], [ [ -86.420928, 37.007774 ], [ -86.421207, 37.007702 ] ], [ [ -86.421207, 37.007702 ], [ -86.421482, 37.007624 ] ], [ [ -86.421482, 37.007624 ], [ -86.421756, 37.00754 ] ], [ [ -86.421756, 37.00754 ], [ -86.422023, 37.007449 ] ], [ [ -86.422023, 37.007449 ], [ -86.422283, 37.007352 ] ], [ [ -86.422283, 37.007352 ], [ -86.422541, 37.00725 ] ], [ [ -86.422541, 37.00725 ], [ -86.422794, 37.007144 ] ], [ [ -86.422794, 37.007144 ], [ -86.423042, 37.007036 ] ], [ [ -86.423042, 37.007036 ], [ -86.423438, 37.006859 ] ], [ [ -86.423438, 37.006859 ], [ -86.423529, 37.006818 ] ], [ [ -86.423529, 37.006818 ], [ -86.424015, 37.006603 ] ], [ [ -86.424015, 37.006603 ], [ -86.424979, 37.006166 ] ], [ [ -86.424979, 37.006166 ], [ -86.425222, 37.006058 ] ], [ [ -86.425222, 37.006058 ], [ -86.425464, 37.005948 ] ], [ [ -86.425464, 37.005948 ], [ -86.425709, 37.005839 ] ], [ [ -86.425709, 37.005839 ], [ -86.426199, 37.005619 ] ], [ [ -86.426199, 37.005619 ], [ -86.426444, 37.00551 ] ], [ [ -86.426444, 37.00551 ], [ -86.426985, 37.005266 ] ], [ [ -86.426985, 37.005266 ], [ -86.427428, 37.005065 ] ], [ [ -86.427428, 37.005065 ], [ -86.427673, 37.004955 ] ], [ [ -86.427673, 37.004955 ], [ -86.427915, 37.004843 ] ], [ [ -86.427915, 37.004843 ], [ -86.428158, 37.004732 ] ], [ [ -86.428158, 37.004732 ], [ -86.42864, 37.004508 ] ], [ [ -86.42864, 37.004508 ], [ -86.42957, 37.0040868 ] ], [ [ -86.42957, 37.0040868 ], [ -86.4304983, 37.003579 ] ] ] } },
{ "type": "Feature", "properties": { "name": "Louisville Road", "highway": "primary", "length": 147.0, "risk_tier": "critical", "zone_type": "riverine" }, "geometry": { "type": "MultiLineString", "coordinates": [ [ [ -86.405822, 37.008785 ], [ -86.405702, 37.008788 ] ], [ [ -86.405702, 37.008788 ], [ -86.4055, 37.008796 ] ], [ [ -86.4055, 37.008796 ], [ -86.405289, 37.008808 ] ], [ [ -86.405289, 37.008808 ], [ -86.405073, 37.008825 ] ], [ [ -86.405073, 37.008825 ], [ -86.404853, 37.008846 ] ], [ [ -86.404853, 37.008846 ], [ -86.404628, 37.008872 ] ], [ [ -86.404628, 37.008872 ], [ -86.404402, 37.008903 ] ], [ [ -86.404402, 37.008903 ], [ -86.404174, 37.008937 ] ] ] } },
{ "type": "Feature", "properties": { "name": null, "highway": "residential", "length": 201.0, "risk_tier": "critical", "zone_type": "riverine" }, "geometry": { "type": "MultiLineString", "coordinates": [ [ [ -86.428343, 36.995851 ], [ -86.4281801, 36.995926 ] ], [ [ -86.4281801, 36.995926 ], [ -86.427468200000021, 36.9963477 ] ], [ [ -86.427468200000021, 36.9963477 ], [ -86.427113, 36.996543 ] ], [ [ -86.427113, 36.996543 ], [ -86.426612, 36.996766 ] ], [ [ -86.426612, 36.996766 ], [ -86.426462, 36.996844 ] ] ] } },
{ "type": "Feature", "properties": { "name": null, "highway": "residential", "length": 203.0, "risk_tier": "critical", "zone_type": "riverine" }, "geometry": { "type": "MultiLineString", "coordinates": [ [ [ -86.426504, 36.996904 ], [ -86.427173, 36.996608 ] ], [ [ -86.427173, 36.996608 ], [ -86.4282429, 36.9959897 ] ], [ [ -86.4282429, 36.9959897 ], [ -86.428343, 36.995851 ] ] ] } },
{ "type": "Feature", "properties": { "name": null, "highway": "residential", "length": 116.0, "risk_tier": "critical", "zone_type": "riverine" }, "geometry": { "type": "LineString", "coordinates": [ [ -86.416981, 37.004552 ], [ -86.4181047, 37.004019 ] ] } },
{ "type": "Feature", "properties": { "name": null, "highway": "residential", "length": 75.0, "risk_tier": "critical", "zone_type": "riverine" }, "geometry": { "type": "MultiLineString", "coordinates": [ [ [ -86.38081, 36.984355 ], [ -86.38088, 36.984304 ] ], [ [ -86.38088, 36.984304 ], [ -86.380834, 36.984299 ] ], [ [ -86.380834, 36.984299 ], [ -86.380813, 36.984294 ] ], [ [ -86.380813, 36.984294 ], [ -86.380726, 36.984262 ] ], [ [ -86.380726, 36.984262 ], [ -86.380695, 36.984255 ] ], [ [ -86.380695, 36.984255 ], [ -86.380662, 36.984254 ] ], [ [ -86.380662, 36.984254 ], [ -86.380631, 36.984261 ] ], [ [ -86.380631, 36.984261 ], [ -86.380604, 36.984274 ] ], [ [ -86.380604, 36.984274 ], [ -86.380579, 36.984295 ] ], [ [ -86.380579, 36.984295 ], [ -86.380563, 36.984322 ] ], [ [ -86.380563, 36.984322 ], [ -86.380557, 36.98435 ] ], [ [ -86.380557, 36.98435 ], [ -86.380563, 36.984372 ] ], [ [ -86.380563, 36.984372 ], [ -86.380575, 36.984391 ] ], [ [ -86.380575, 36.984391 ], [ -86.380613, 36.984418 ] ], [ [ -86.380613, 36.984418 ], [ -86.38064, 36.984428 ] ], [ [ -86.38064, 36.984428 ], [ -86.38066, 36.984432 ] ], [ [ -86.38066, 36.984432 ], [ -86.380696, 36.984432 ] ], [ [ -86.380696, 36.984432 ], [ -86.380726, 36.984425 ] ], [ [ -86.380726, 36.984425 ], [ -86.380751, 36.98441 ] ], [ [ -86.380751, 36.98441 ], [ -86.38081, 36.984355 ] ] ] } },
{ "type": "Feature", "properties": { "name": "Russellville Road", "highway": "primary", "length": 84.0, "risk_tier": "critical", "zone_type": "riverine" }, "geometry": { "type": "MultiLineString", "coordinates": [ [ [ -86.4649481, 36.9816408 ], [ -86.465007, 36.9816636 ] ], [ [ -86.465007, 36.9816636 ], [ -86.4652081, 36.9816681 ] ], [ [ -86.4652081, 36.9816681 ], [ -86.4654027, 36.9816621 ] ], [ [ -86.4654027, 36.9816621 ], [ -86.4656056, 36.9816411 ] ], [ [ -86.4656056, 36.9816411 ], [ -86.4656929, 36.981626599999984 ] ], [ [ -86.4656929, 36.981626599999984 ], [ -86.4658283, 36.9815977 ] ], [ [ -86.4658283, 36.9815977 ], [ -86.4658604, 36.9815617 ] ] ] } },
{ "type": "Feature", "properties": { "name": "Russellville Road", "highway": "primary", "length": 21.0, "risk_tier": "critical", "zone_type": "riverine" }, "geometry": { "type": "LineString", "coordinates": [ [ -86.4649481, 36.9816408 ], [ -86.464708, 36.9816415 ] ] } },
{ "type": "Feature", "properties": { "name": "Russellville Road", "highway": "primary", "length": 13.0, "risk_tier": "critical", "zone_type": "riverine" }, "geometry": { "type": "LineString", "coordinates": [ [ -86.4659882, 36.9815095 ], [ -86.4658604, 36.9815617 ] ] } },
{ "type": "Feature", "properties": { "name": "Russellville Road", "highway": "primary", "length": 23.0, "risk_tier": "critical", "zone_type": "riverine" }, "geometry": { "type": "LineString", "coordinates": [ [ -86.464708, 36.9816415 ], [ -86.4644495, 36.9816508 ] ] } },
{ "type": "Feature", "properties": { "name": null, "highway": "residential", "length": 64.0, "risk_tier": "critical", "zone_type": "riverine" }, "geometry": { "type": "MultiLineString", "coordinates": [ [ [ -86.393476, 36.987369 ], [ -86.393399, 36.98735 ] ], [ [ -86.393399, 36.98735 ], [ -86.393475, 36.987449 ] ], [ [ -86.393475, 36.987449 ], [ -86.39349, 36.987466 ] ], [ [ -86.39349, 36.987466 ], [ -86.393525, 36.987495 ] ], [ [ -86.393525, 36.987495 ], [ -86.393545, 36.987505 ] ], [ [ -86.393545, 36.987505 ], [ -86.393573, 36.987512 ] ], [ [ -86.393573, 36.987512 ], [ -86.393591, 36.987513 ] ], [ [ -86.393591, 36.987513 ], [ -86.393607, 36.987511 ] ], [ [ -86.393607, 36.987511 ], [ -86.393636, 36.987497 ] ], [ [ -86.393636, 36.987497 ], [ -86.393655, 36.987478 ] ], [ [ -86.393655, 36.987478 ], [ -86.393661, 36.98745 ] ], [ [ -86.393661, 36.98745 ], [ -86.393655, 36.987427 ] ], [ [ -86.393655, 36.987427 ], [ -86.393638, 36.987407 ] ], [ [ -86.393638, 36.987407 ], [ -86.393601, 36.987391 ] ], [ [ -86.393601, 36.987391 ], [ -86.393476, 36.987369 ] ] ] } },
{ "type": "Feature", "properties": { "name": null, "highway": "primary_link", "length": 23.0, "risk_tier": "critical", "zone_type": "riverine" }, "geometry": { "type": "LineString", "coordinates": [ [ -86.405822, 37.008785 ], [ -86.405802, 37.008991 ] ] } },
{ "type": "Feature", "properties": { "name": "Ridgeway Drive", "highway": "residential", "length": 151.0, "risk_tier": "critical", "zone_type": "riverine" }, "geometry": { "type": "MultiLineString", "coordinates": [ [ [ -86.398234, 36.953656 ], [ -86.398265, 36.953784 ] ], [ [ -86.398265, 36.953784 ], [ -86.398383, 36.954169 ] ], [ [ -86.398383, 36.954169 ], [ -86.3984778, 36.95444830000001 ] ], [ [ -86.3984778, 36.95444830000001 ], [ -86.3984963, 36.954538900000017 ] ], [ [ -86.3984963, 36.954538900000017 ], [ -86.3985074, 36.954624500000016 ] ], [ [ -86.3985074, 36.954624500000016 ], [ -86.3985012, 36.9547141 ] ], [ [ -86.3985012, 36.9547141 ], [ -86.3984506, 36.9549839 ] ] ] } },
{ "type": "Feature", "properties": { "name": "Morgantown Road", "highway": "primary", "length": 18.0, "risk_tier": "critical", "zone_type": "riverine" }, "geometry": { "type": "MultiLineString", "coordinates": [ [ [ -86.492334, 36.989677 ], [ -86.492446, 36.989701 ] ], [ [ -86.492446, 36.989701 ], [ -86.492525, 36.989717 ] ] ] } },
{ "type": "Feature", "properties": { "name": "Old Louisville Road", "highway": "tertiary", "length": 168.0, "risk_tier": "critical", "zone_type": "riverine" }, "geometry": { "type": "MultiLineString", "coordinates": [ [ [ -86.423478, 37.003761 ], [ -86.423098, 37.003948 ] ], [ [ -86.423098, 37.003948 ], [ -86.4230004, 37.0039952 ] ], [ [ -86.4230004, 37.0039952 ], [ -86.4228802, 37.0040534 ] ], [ [ -86.4228802, 37.0040534 ], [ -86.42279, 37.004097 ] ], [ [ -86.42279, 37.004097 ], [ -86.42275, 37.004117 ] ], [ [ -86.42275, 37.004117 ], [ -86.4226846, 37.0041472 ] ], [ [ -86.4226846, 37.0041472 ], [ -86.42262, 37.004177 ] ], [ [ -86.42262, 37.004177 ], [ -86.4224725, 37.0042422 ] ], [ [ -86.4224725, 37.0042422 ], [ -86.4223813, 37.004282499999974 ] ], [ [ -86.4223813, 37.004282499999974 ], [ -86.4221605, 37.0043802 ] ], [ [ -86.4221605, 37.0043802 ], [ -86.4219696, 37.0044652 ] ], [ [ -86.4219696, 37.0044652 ], [ -86.4218787, 37.0045016 ] ], [ [ -86.4218787, 37.0045016 ], [ -86.4218387, 37.0045184 ] ] ] } },
{ "type": "Feature", "properties": { "name": "Sterling Court", "highway": "residential", "length": 90.0, "risk_tier": "critical", "zone_type": "riverine" }, "geometry": { "type": "MultiLineString", "coordinates": [ [ [ -86.4995751, 36.9808176 ], [ -86.4994799, 36.9809779 ] ], [ [ -86.4994799, 36.9809779 ], [ -86.4994144, 36.9810615 ] ], [ [ -86.4994144, 36.9810615 ], [ -86.4993417, 36.9811269 ] ], [ [ -86.4993417, 36.9811269 ], [ -86.4992305, 36.9811879 ] ], [ [ -86.4992305, 36.9811879 ], [ -86.4990999, 36.9812329 ] ], [ [ -86.4990999, 36.9812329 ], [ -86.4988265, 36.9812923 ] ] ] } },
{ "type": "Feature", "properties": { "name": "Natural Way", "highway": "residential", "length": 526.0, "risk_tier": "critical", "zone_type": "riverine" }, "geometry": { "type": "MultiLineString", "coordinates": [ [ [ -86.4988378, 36.9850805 ], [ -86.4990697, 36.982719599999982 ] ], [ [ -86.4990697, 36.982719599999982 ], [ -86.4990652, 36.9826109 ] ], [ [ -86.4990652, 36.9826109 ], [ -86.4990256, 36.9823119 ] ], [ [ -86.4990256, 36.9823119 ], [ -86.4989636, 36.9820309 ] ], [ [ -86.4989636, 36.9820309 ], [ -86.4989253, 36.9818288 ] ], [ [ -86.4989253, 36.9818288 ], [ -86.4988825, 36.9815748 ] ], [ [ -86.4988825, 36.9815748 ], [ -86.4988265, 36.9812923 ] ], [ [ -86.4988265, 36.9812923 ], [ -86.4987079, 36.9809098 ] ], [ [ -86.4987079, 36.9809098 ], [ -86.498611400000016, 36.9808155 ] ], [ [ -86.498611400000016, 36.9808155 ], [ -86.4982014, 36.9805735 ] ] ] } },
{ "type": "Feature", "properties": { "name": "Power Street", "highway": "residential", "length": 776.0, "risk_tier": "critical", "zone_type": "riverine" }, "geometry": { "type": "MultiLineString", "coordinates": [ [ [ -86.452939, 37.011455 ], [ -86.452666, 37.011547 ] ], [ [ -86.452666, 37.011547 ], [ -86.4508317, 37.0121743 ] ], [ [ -86.4508317, 37.0121743 ], [ -86.449964, 37.012471 ] ], [ [ -86.449964, 37.012471 ], [ -86.449866, 37.012508 ] ], [ [ -86.449866, 37.012508 ], [ -86.448472, 37.012994 ] ], [ [ -86.448472, 37.012994 ], [ -86.4484558, 37.0129995 ] ], [ [ -86.4484558, 37.0129995 ], [ -86.447944, 37.013173 ] ], [ [ -86.447944, 37.013173 ], [ -86.4478, 37.0132227 ] ], [ [ -86.4478, 37.0132227 ], [ -86.44755, 37.013309 ] ], [ [ -86.44755, 37.013309 ], [ -86.447265, 37.013405 ] ], [ [ -86.447265, 37.013405 ], [ -86.447009, 37.013496 ] ], [ [ -86.447009, 37.013496 ], [ -86.4458, 37.013938 ] ], [ [ -86.4458, 37.013938 ], [ -86.445368, 37.014086 ] ], [ [ -86.445368, 37.014086 ], [ -86.445281, 37.014115 ] ], [ [ -86.445281, 37.014115 ], [ -86.44514, 37.014157 ] ], [ [ -86.44514, 37.014157 ], [ -86.444913, 37.014216 ] ] ] } },
{ "type": "Feature", "properties": { "name": "McFadden's Ferry Way", "highway": "residential", "length": 164.0, "risk_tier": "critical", "zone_type": "riverine" }, "geometry": { "type": "MultiLineString", "coordinates": [ [ [ -86.4107441, 36.9451358 ], [ -86.4103819, 36.94500810000001 ] ], [ [ -86.4103819, 36.94500810000001 ], [ -86.4102862, 36.944992100000022 ] ], [ [ -86.4102862, 36.944992100000022 ], [ -86.409808, 36.944945 ] ], [ [ -86.409808, 36.944945 ], [ -86.408941, 36.944854 ] ] ] } },
{ "type": "Feature", "properties": { "name": null, "highway": "residential", "length": 401.0, "risk_tier": "critical", "zone_type": "riverine" }, "geometry": { "type": "MultiLineString", "coordinates": [ [ [ -86.397594, 36.987119 ], [ -86.396756, 36.988964 ] ], [ [ -86.396756, 36.988964 ], [ -86.39655, 36.98942 ] ], [ [ -86.39655, 36.98942 ], [ -86.396411, 36.989591 ] ], [ [ -86.396411, 36.989591 ], [ -86.396144, 36.989567 ] ], [ [ -86.396144, 36.989567 ], [ -86.395249, 36.98937 ] ] ] } },
{ "type": "Feature", "properties": { "name": null, "highway": "residential", "length": 31.0, "risk_tier": "critical", "zone_type": "riverine" }, "geometry": { "type": "MultiLineString", "coordinates": [ [ [ -86.489542, 36.981992 ], [ -86.489596, 36.981981 ] ], [ [ -86.489596, 36.981981 ], [ -86.489631, 36.981977 ] ], [ [ -86.489631, 36.981977 ], [ -86.489677, 36.981978 ] ], [ [ -86.489677, 36.981978 ], [ -86.489725, 36.981983 ] ], [ [ -86.489725, 36.981983 ], [ -86.489766, 36.981989 ] ], [ [ -86.489766, 36.981989 ], [ -86.489796, 36.981996 ] ], [ [ -86.489796, 36.981996 ], [ -86.4898869, 36.982011 ] ] ] } },
{ "type": "Feature", "properties": { "name": "Russellville Road", "highway": "primary", "length": 82.0, "risk_tier": "critical", "zone_type": "riverine" }, "geometry": { "type": "MultiLineString", "coordinates": [ [ [ -86.4658604, 36.9815617 ], [ -86.465796, 36.981544 ] ], [ [ -86.465796, 36.981544 ], [ -86.4656583, 36.9815646 ] ], [ [ -86.4656583, 36.9815646 ], [ -86.4655731, 36.9815786 ] ], [ [ -86.4655731, 36.9815786 ], [ -86.4654993, 36.98158930000001 ] ], [ [ -86.4654993, 36.98158930000001 ], [ -86.465383, 36.9816014 ] ], [ [ -86.465383, 36.9816014 ], [ -86.4653057, 36.98160690000001 ] ], [ [ -86.4653057, 36.98160690000001 ], [ -86.4652173, 36.981613 ] ], [ [ -86.4652173, 36.981613 ], [ -86.4650061, 36.9816214 ] ], [ [ -86.4650061, 36.9816214 ], [ -86.4649481, 36.9816408 ] ] ] } },
{ "type": "Feature", "properties": { "name": null, "highway": "unclassified", "length": 326.0, "risk_tier": "critical", "zone_type": "riverine" }, "geometry": { "type": "MultiLineString", "coordinates": [ [ [ -86.3701135, 36.9962902 ], [ -86.3700777, 36.995864199999978 ] ], [ [ -86.3700777, 36.995864199999978 ], [ -86.3698344, 36.9955035 ] ], [ [ -86.3698344, 36.9955035 ], [ -86.3695415, 36.995256800000021 ] ], [ [ -86.3695415, 36.995256800000021 ], [ -86.369355, 36.9950997 ] ], [ [ -86.369355, 36.9950997 ], [ -86.3689743, 36.9948229 ] ], [ [ -86.3689743, 36.9948229 ], [ -86.3687504, 36.99454990000001 ] ], [ [ -86.3687504, 36.99454990000001 ], [ -86.3686193, 36.9942265 ] ], [ [ -86.3686193, 36.9942265 ], [ -86.3685308, 36.993768599999989 ] ] ] } },
{ "type": "Feature", "properties": { "name": null, "highway": "residential", "length": 692.0, "risk_tier": "critical", "zone_type": "riverine" }, "geometry": { "type": "MultiLineString", "coordinates": [ [ [ -86.3951824, 36.9609204 ], [ -86.3929419, 36.9600479 ] ], [ [ -86.3929419, 36.9600479 ], [ -86.3927135, 36.959966299999977 ] ], [ [ -86.3927135, 36.959966299999977 ], [ -86.3925587, 36.9599457 ] ], [ [ -86.3925587, 36.9599457 ], [ -86.3917036, 36.9598324 ] ], [ [ -86.3917036, 36.9598324 ], [ -86.3915188, 36.959829 ] ], [ [ -86.3915188, 36.959829 ], [ -86.3912911, 36.959877 ] ], [ [ -86.3912911, 36.959877 ], [ -86.39111920000002, 36.9599457 ] ], [ [ -86.39111920000002, 36.9599457 ], [ -86.3901995, 36.9604093 ] ], [ [ -86.3901995, 36.9604093 ], [ -86.3895635, 36.96072860000001 ] ], [ [ -86.3895635, 36.96072860000001 ], [ -86.3892413, 36.9608454 ] ], [ [ -86.3892413, 36.9608454 ], [ -86.3881282, 36.9612299 ] ] ] } },
{ "type": "Feature", "properties": { "name": "Lowe Avenue", "highway": "residential", "length": 379.0, "risk_tier": "critical", "zone_type": "riverine" }, "geometry": { "type": "MultiLineString", "coordinates": [ [ [ -86.3947499, 36.9617229 ], [ -86.3925827, 36.9608745 ] ], [ [ -86.3925827, 36.9608745 ], [ -86.3922794, 36.960763 ] ], [ [ -86.3922794, 36.960763 ], [ -86.3920903, 36.9607252 ] ], [ [ -86.3920903, 36.9607252 ], [ -86.3918927, 36.9607217 ] ], [ [ -86.3918927, 36.9607217 ], [ -86.391695, 36.960742299999986 ] ], [ [ -86.391695, 36.960742299999986 ], [ -86.3914801, 36.9608213 ] ], [ [ -86.3914801, 36.9608213 ], [ -86.3913254, 36.9609072 ] ], [ [ -86.3913254, 36.9609072 ], [ -86.3912094, 36.9610136 ] ], [ [ -86.3912094, 36.9610136 ], [ -86.3910375, 36.9612334 ] ] ] } },
{ "type": "Feature", "properties": { "name": "Old Louisville Road", "highway": "primary_link", "length": 23.0, "risk_tier": "critical", "zone_type": "riverine" }, "geometry": { "type": "LineString", "coordinates": [ [ -86.407929, 37.008822 ], [ -86.407884, 37.009027 ] ] } },
{ "type": "Feature", "properties": { "name": "Kendale Street", "highway": "residential", "length": 372.0, "risk_tier": "critical", "zone_type": "riverine" }, "geometry": { "type": "MultiLineString", "coordinates": [ [ [ -86.408375, 36.947794 ], [ -86.408509, 36.947622 ] ], [ [ -86.408509, 36.947622 ], [ -86.408594, 36.947524 ] ], [ [ -86.408594, 36.947524 ], [ -86.408645, 36.947478 ] ], [ [ -86.408645, 36.947478 ], [ -86.408702, 36.947436 ] ], [ [ -86.408702, 36.947436 ], [ -86.408769, 36.947393 ] ], [ [ -86.408769, 36.947393 ], [ -86.409523, 36.946945 ] ], [ [ -86.409523, 36.946945 ], [ -86.409659, 36.946859 ] ], [ [ -86.409659, 36.946859 ], [ -86.409715, 36.946822 ] ], [ [ -86.409715, 36.946822 ], [ -86.409759, 36.946783 ] ], [ [ -86.409759, 36.946783 ], [ -86.409799, 36.946741 ] ], [ [ -86.409799, 36.946741 ], [ -86.409868, 36.946645 ] ], [ [ -86.409868, 36.946645 ], [ -86.409903, 36.946586 ] ], [ [ -86.409903, 36.946586 ], [ -86.4107136, 36.9451852 ] ], [ [ -86.4107136, 36.9451852 ], [ -86.4107441, 36.9451358 ] ] ] } },
{ "type": "Feature", "properties": { "name": null, "highway": "residential", "length": 102.0, "risk_tier": "critical", "zone_type": "riverine" }, "geometry": { "type": "MultiLineString", "coordinates": [ [ [ -86.407884, 37.009027 ], [ -86.407725, 37.0094764 ] ], [ [ -86.407725, 37.0094764 ], [ -86.4077003, 37.009587 ] ], [ [ -86.4077003, 37.009587 ], [ -86.4077145, 37.0096345 ] ], [ [ -86.4077145, 37.0096345 ], [ -86.4079466, 37.009853 ] ] ] } },
{ "type": "Feature", "properties": { "name": "Clay Street", "highway": "residential", "length": 870.0, "risk_tier": "critical", "zone_type": "riverine" }, "geometry": { "type": "MultiLineString", "coordinates": [ [ [ -86.4417175, 37.0004891 ], [ -86.4415516, 37.0006034 ] ], [ [ -86.4415516, 37.0006034 ], [ -86.4413753, 37.0007114 ] ], [ [ -86.4413753, 37.0007114 ], [ -86.4410807, 37.0008962 ] ], [ [ -86.4410807, 37.0008962 ], [ -86.440942, 37.000977399999982 ] ], [ [ -86.440942, 37.000977399999982 ], [ -86.440814, 37.0010367 ] ], [ [ -86.440814, 37.0010367 ], [ -86.440664, 37.001075 ] ], [ [ -86.440664, 37.001075 ], [ -86.440615, 37.001085 ] ], [ [ -86.440615, 37.001085 ], [ -86.440563, 37.001093 ] ], [ [ -86.440563, 37.001093 ], [ -86.440455, 37.001104 ] ], [ [ -86.440455, 37.001104 ], [ -86.440319, 37.00111 ] ], [ [ -86.440319, 37.00111 ], [ -86.440196, 37.001104 ] ], [ [ -86.440196, 37.001104 ], [ -86.440093, 37.001092 ] ], [ [ -86.440093, 37.001092 ], [ -86.439966, 37.001077 ] ], [ [ -86.439966, 37.001077 ], [ -86.439828, 37.00106 ] ], [ [ -86.439828, 37.00106 ], [ -86.439562, 37.001029 ] ], [ [ -86.439562, 37.001029 ], [ -86.439281, 37.000993 ] ], [ [ -86.439281, 37.000993 ], [ -86.439137, 37.000976 ] ], [ [ -86.439137, 37.000976 ], [ -86.438995, 37.000963 ] ], [ [ -86.438995, 37.000963 ], [ -86.438851, 37.000957 ] ], [ [ -86.438851, 37.000957 ], [ -86.438709, 37.000964 ] ], [ [ -86.438709, 37.000964 ], [ -86.438569, 37.000985 ] ], [ [ -86.438569, 37.000985 ], [ -86.438248, 37.001043 ] ], [ [ -86.438248, 37.001043 ], [ -86.438109, 37.001063 ] ], [ [ -86.438109, 37.001063 ], [ -86.43797, 37.001077 ] ], [ [ -86.43797, 37.001077 ], [ -86.437835, 37.001086 ] ], [ [ -86.437835, 37.001086 ], [ -86.437591, 37.001095 ] ], [ [ -86.437591, 37.001095 ], [ -86.437467, 37.001103 ] ], [ [ -86.437467, 37.001103 ], [ -86.437362, 37.001116 ] ], [ [ -86.437362, 37.001116 ], [ -86.437242, 37.001139 ] ], [ [ -86.437242, 37.001139 ], [ -86.4371535, 37.0011648 ] ], [ [ -86.4371535, 37.0011648 ], [ -86.437132, 37.001171 ] ], [ [ -86.437132, 37.001171 ], [ -86.437021, 37.001216 ] ], [ [ -86.437021, 37.001216 ], [ -86.436906, 37.001272 ] ], [ [ -86.436906, 37.001272 ], [ -86.436783, 37.001328 ] ], [ [ -86.436783, 37.001328 ], [ -86.436522, 37.001439 ] ], [ [ -86.436522, 37.001439 ], [ -86.436264, 37.001555 ] ], [ [ -86.436264, 37.001555 ], [ -86.43613, 37.001618 ] ], [ [ -86.43613, 37.001618 ], [ -86.435858, 37.001739 ] ], [ [ -86.435858, 37.001739 ], [ -86.435717, 37.001799 ] ], [ [ -86.435717, 37.001799 ], [ -86.435577, 37.00186 ] ], [ [ -86.435577, 37.00186 ], [ -86.435437, 37.001925 ] ], [ [ -86.435437, 37.001925 ], [ -86.434722, 37.002242 ] ], [ [ -86.434722, 37.002242 ], [ -86.434437, 37.00237 ] ], [ [ -86.434437, 37.00237 ], [ -86.434151, 37.002494 ] ], [ [ -86.434151, 37.002494 ], [ -86.433582, 37.002746 ] ], [ [ -86.433582, 37.002746 ], [ -86.433452, 37.002801 ] ], [ [ -86.433452, 37.002801 ], [ -86.433238, 37.002895 ] ], [ [ -86.433238, 37.002895 ], [ -86.433021, 37.002987 ] ], [ [ -86.433021, 37.002987 ], [ -86.432958, 37.003012 ] ], [ [ -86.432958, 37.003012 ], [ -86.432808, 37.003065 ] ] ] } },
{ "type": "Feature", "properties": { "name": "Louisville Road", "highway": "primary", "length": 138.0, "risk_tier": "critical", "zone_type": "riverine" }, "geometry": { "type": "LineString", "coordinates": [ [ -86.4324442, 37.0027083 ], [ -86.4310888, 37.003312399999984 ] ] } },
{ "type": "Feature", "properties": { "name": "Louisville Road", "highway": "primary", "length": 60.0, "risk_tier": "critical", "zone_type": "riverine" }, "geometry": { "type": "LineString", "coordinates": [ [ -86.4310888, 37.003312399999984 ], [ -86.4304983, 37.003579 ] ] } },
{ "type": "Feature", "properties": { "name": "Louisville Road", "highway": "primary", "length": 2015.0, "risk_tier": "critical", "zone_type": "riverine" }, "geometry": { "type": "MultiLineString", "coordinates": [ [ [ -86.381866, 37.01072 ], [ -86.382245, 37.010572 ] ], [ [ -86.382245, 37.010572 ], [ -86.382453, 37.010502 ] ], [ [ -86.382453, 37.010502 ], [ -86.382665, 37.010443 ] ], [ [ -86.382665, 37.010443 ], [ -86.382739, 37.010428 ] ], [ [ -86.382739, 37.010428 ], [ -86.382884, 37.010396 ] ], [ [ -86.382884, 37.010396 ], [ -86.383102, 37.010355 ] ], [ [ -86.383102, 37.010355 ], [ -86.383325, 37.010318 ] ], [ [ -86.383325, 37.010318 ], [ -86.383551, 37.010288 ] ], [ [ -86.383551, 37.010288 ], [ -86.383778, 37.010266 ] ], [ [ -86.383778, 37.010266 ], [ -86.38401, 37.01025 ] ], [ [ -86.38401, 37.01025 ], [ -86.384241, 37.010244 ] ], [ [ -86.384241, 37.010244 ], [ -86.384709, 37.01025 ] ], [ [ -86.384709, 37.01025 ], [ -86.385221, 37.010273 ] ], [ [ -86.385221, 37.010273 ], [ -86.385682, 37.010292 ] ], [ [ -86.385682, 37.010292 ], [ -86.385922, 37.010309 ] ], [ [ -86.385922, 37.010309 ], [ -86.386163, 37.010326 ] ], [ [ -86.386163, 37.010326 ], [ -86.386401, 37.010344 ] ], [ [ -86.386401, 37.010344 ], [ -86.387555, 37.010422 ] ], [ [ -86.387555, 37.010422 ], [ -86.387991, 37.01045 ] ], [ [ -86.387991, 37.01045 ], [ -86.388202, 37.010467 ] ], [ [ -86.388202, 37.010467 ], [ -86.388746, 37.010503 ] ], [ [ -86.388746, 37.010503 ], [ -86.389265, 37.010534 ] ], [ [ -86.389265, 37.010534 ], [ -86.389301, 37.010538 ] ], [ [ -86.389301, 37.010538 ], [ -86.389955, 37.010582 ] ], [ [ -86.389955, 37.010582 ], [ -86.390219, 37.010599 ] ], [ [ -86.390219, 37.010599 ], [ -86.390372, 37.01061 ] ], [ [ -86.390372, 37.01061 ], [ -86.3910863, 37.0106548 ] ], [ [ -86.3910863, 37.0106548 ], [ -86.391226, 37.010667 ] ], [ [ -86.391226, 37.010667 ], [ -86.3915431, 37.010684 ] ], [ [ -86.3915431, 37.010684 ], [ -86.3920295, 37.0107138 ] ], [ [ -86.3920295, 37.0107138 ], [ -86.392473, 37.010741 ] ], [ [ -86.392473, 37.010741 ], [ -86.393034, 37.010775 ] ], [ [ -86.393034, 37.010775 ], [ -86.393382, 37.010793 ] ], [ [ -86.393382, 37.010793 ], [ -86.393533, 37.0108 ] ], [ [ -86.393533, 37.0108 ], [ -86.394071, 37.010815 ] ], [ [ -86.394071, 37.010815 ], [ -86.394136, 37.010815 ] ], [ [ -86.394136, 37.010815 ], [ -86.394324, 37.010811 ] ], [ [ -86.394324, 37.010811 ], [ -86.3946897, 37.010798 ] ], [ [ -86.3946897, 37.010798 ], [ -86.395024, 37.010775 ] ], [ [ -86.395024, 37.010775 ], [ -86.39519, 37.01076 ] ], [ [ -86.39519, 37.01076 ], [ -86.395362, 37.010741 ] ], [ [ -86.395362, 37.010741 ], [ -86.395541, 37.010718 ] ], [ [ -86.395541, 37.010718 ], [ -86.395727, 37.010693 ] ], [ [ -86.395727, 37.010693 ], [ -86.395917, 37.010664 ] ], [ [ -86.395917, 37.010664 ], [ -86.396109, 37.010633 ] ], [ [ -86.396109, 37.010633 ], [ -86.396164, 37.0106234 ] ], [ [ -86.396164, 37.0106234 ], [ -86.396304, 37.010599 ] ], [ [ -86.396304, 37.010599 ], [ -86.396498, 37.010562 ] ], [ [ -86.396498, 37.010562 ], [ -86.396725, 37.0105198 ] ], [ [ -86.396725, 37.0105198 ], [ -86.396896, 37.010487 ] ], [ [ -86.396896, 37.010487 ], [ -86.397562, 37.0103625 ] ], [ [ -86.397562, 37.0103625 ], [ -86.397923, 37.010295 ] ], [ [ -86.397923, 37.010295 ], [ -86.3980042, 37.0102789 ] ], [ [ -86.3980042, 37.0102789 ], [ -86.398135, 37.010253 ] ], [ [ -86.398135, 37.010253 ], [ -86.3984187, 37.010198699999989 ] ], [ [ -86.3984187, 37.010198699999989 ], [ -86.3987774, 37.0101301 ] ], [ [ -86.3987774, 37.0101301 ], [ -86.399002, 37.010087 ] ], [ [ -86.399002, 37.010087 ], [ -86.39918, 37.0100526 ] ], [ [ -86.39918, 37.0100526 ], [ -86.399437, 37.010003 ] ], [ [ -86.399437, 37.010003 ], [ -86.3997518, 37.0099437 ] ], [ [ -86.3997518, 37.0099437 ], [ -86.399872, 37.009921 ] ], [ [ -86.399872, 37.009921 ], [ -86.4001773, 37.009858199999989 ] ], [ [ -86.4001773, 37.009858199999989 ], [ -86.400725, 37.009758 ] ], [ [ -86.400725, 37.009758 ], [ -86.400938, 37.009717 ] ], [ [ -86.400938, 37.009717 ], [ -86.401573, 37.0096 ] ], [ [ -86.401573, 37.0096 ], [ -86.401638, 37.009587 ] ], [ [ -86.401638, 37.009587 ], [ -86.401785, 37.00956 ] ], [ [ -86.401785, 37.00956 ], [ -86.402425, 37.009439 ] ], [ [ -86.402425, 37.009439 ], [ -86.4025932, 37.0094063 ] ], [ [ -86.4025932, 37.0094063 ], [ -86.402641, 37.009397 ] ], [ [ -86.402641, 37.009397 ], [ -86.403077, 37.009314 ] ], [ [ -86.403077, 37.009314 ], [ -86.403297, 37.009273 ] ], [ [ -86.403297, 37.009273 ], [ -86.403741, 37.009192 ] ], [ [ -86.403741, 37.009192 ], [ -86.403966, 37.009152 ] ], [ [ -86.403966, 37.009152 ], [ -86.404192, 37.009114 ] ] ] } },
{ "type": "Feature", "properties": { "name": null, "highway": "motorway", "length": 1143.0, "risk_tier": "critical", "zone_type": "riverine" }, "geometry": { "type": "MultiLineString", "coordinates": [ [ [ -86.3779284, 36.9978816 ], [ -86.3819903, 36.9937644 ] ], [ [ -86.3819903, 36.9937644 ], [ -86.382837, 36.992720099999985 ] ], [ [ -86.382837, 36.992720099999985 ], [ -86.3834857, 36.991798299999985 ] ], [ [ -86.3834857, 36.991798299999985 ], [ -86.3849163, 36.9893082 ] ] ] } },
{ "type": "Feature", "properties": { "name": "Audley Avenue", "highway": "residential", "length": 237.0, "risk_tier": "critical", "zone_type": "riverine" }, "geometry": { "type": "MultiLineString", "coordinates": [ [ [ -86.4900266, 36.984574 ], [ -86.4896211, 36.984483 ] ], [ [ -86.4896211, 36.984483 ], [ -86.4890417, 36.984333900000031 ] ], [ [ -86.4890417, 36.984333900000031 ], [ -86.488258, 36.9841323 ] ], [ [ -86.488258, 36.9841323 ], [ -86.4878469, 36.983939399999969 ] ], [ [ -86.4878469, 36.983939399999969 ], [ -86.4875285, 36.9838409 ] ] ] } },
{ "type": "Feature", "properties": { "name": "Fern Hill Street", "highway": "residential", "length": 2006.0, "risk_tier": "critical", "zone_type": "riverine" }, "geometry": { "type": "MultiLineString", "coordinates": [ [ [ -86.4944596, 36.9842823 ], [ -86.4951484, 36.9840486 ] ], [ [ -86.4951484, 36.9840486 ], [ -86.4954933, 36.9839157 ] ], [ [ -86.4954933, 36.9839157 ], [ -86.4955679, 36.9838764 ] ], [ [ -86.4955679, 36.9838764 ], [ -86.4956317, 36.983826200000017 ] ], [ [ -86.4956317, 36.983826200000017 ], [ -86.4957231, 36.9837126 ] ], [ [ -86.4957231, 36.9837126 ], [ -86.4977243, 36.9811725 ] ], [ [ -86.4977243, 36.9811725 ], [ -86.4982014, 36.9805735 ] ], [ [ -86.4982014, 36.9805735 ], [ -86.4987678, 36.9798379 ] ], [ [ -86.4987678, 36.9798379 ], [ -86.498832, 36.979774 ] ], [ [ -86.498832, 36.979774 ], [ -86.498934500000018, 36.9797144 ] ], [ [ -86.498934500000018, 36.9797144 ], [ -86.499055, 36.9796633 ] ], [ [ -86.499055, 36.9796633 ], [ -86.4991823, 36.979634199999985 ] ], [ [ -86.4991823, 36.979634199999985 ], [ -86.4995287, 36.9795929 ] ], [ [ -86.4995287, 36.9795929 ], [ -86.499673500000014, 36.9795556 ] ], [ [ -86.499673500000014, 36.9795556 ], [ -86.4998034, 36.9795063 ] ], [ [ -86.4998034, 36.9795063 ], [ -86.4999221, 36.979426600000011 ] ], [ [ -86.4999221, 36.979426600000011 ], [ -86.5000201, 36.9793211 ] ], [ [ -86.5000201, 36.9793211 ], [ -86.5000926, 36.9792012 ] ], [ [ -86.5000926, 36.9792012 ], [ -86.5001058, 36.979062499999976 ] ], [ [ -86.5001058, 36.979062499999976 ], [ -86.5000957, 36.9789271 ] ], [ [ -86.5000957, 36.9789271 ], [ -86.4999421, 36.9781527 ] ], [ [ -86.4999421, 36.9781527 ], [ -86.4998756, 36.9777859 ] ], [ [ -86.4998756, 36.9777859 ], [ -86.4998353, 36.9775896 ] ], [ [ -86.4998353, 36.9775896 ], [ -86.4997808, 36.9774986 ] ], [ [ -86.4997808, 36.9774986 ], [ -86.4997105, 36.97743160000001 ] ], [ [ -86.4997105, 36.97743160000001 ], [ -86.4996325, 36.9773842 ] ], [ [ -86.4996325, 36.9773842 ], [ -86.4994334, 36.97734 ] ], [ [ -86.4994334, 36.97734 ], [ -86.4986175, 36.9771781 ] ], [ [ -86.4986175, 36.9771781 ], [ -86.4981957, 36.977098 ] ], [ [ -86.4981957, 36.977098 ], [ -86.4980917, 36.977083 ] ], [ [ -86.4980917, 36.977083 ], [ -86.497985700000015, 36.977075 ] ], [ [ -86.497985700000015, 36.977075 ], [ -86.4978787, 36.977084500000011 ] ], [ [ -86.4978787, 36.977084500000011 ], [ -86.497741, 36.9770945 ] ], [ [ -86.497741, 36.9770945 ], [ -86.4976399, 36.9771152 ] ], [ [ -86.4976399, 36.9771152 ], [ -86.4974517, 36.9771472 ] ], [ [ -86.4974517, 36.9771472 ], [ -86.4972393, 36.9771859 ] ], [ [ -86.4972393, 36.9771859 ], [ -86.4971493, 36.9772029 ] ], [ [ -86.4971493, 36.9772029 ], [ -86.4969713, 36.9772349 ] ], [ [ -86.4969713, 36.9772349 ], [ -86.4968813, 36.9772499 ] ], [ [ -86.4968813, 36.9772499 ], [ -86.4967913, 36.9772679 ] ], [ [ -86.4967913, 36.9772679 ], [ -86.4967033, 36.977290899999986 ] ], [ [ -86.4967033, 36.977290899999986 ], [ -86.4966173, 36.9773219 ] ], [ [ -86.4966173, 36.9773219 ], [ -86.496547, 36.977368 ] ], [ [ -86.496547, 36.977368 ], [ -86.496474, 36.977419 ] ], [ [ -86.496474, 36.977419 ], [ -86.49641, 36.977487 ] ], [ [ -86.49641, 36.977487 ], [ -86.496341, 36.977567 ] ], [ [ -86.496341, 36.977567 ], [ -86.496271, 36.977655 ] ], [ [ -86.496271, 36.977655 ], [ -86.495984, 36.978026 ] ], [ [ -86.495984, 36.978026 ], [ -86.495909, 36.97812 ] ], [ [ -86.495909, 36.97812 ], [ -86.495761, 36.978309 ] ], [ [ -86.495761, 36.978309 ], [ -86.495617, 36.978495 ] ], [ [ -86.495617, 36.978495 ], [ -86.4951807, 36.9790452 ] ], [ [ -86.4951807, 36.9790452 ], [ -86.495, 36.979273 ] ], [ [ -86.495, 36.979273 ], [ -86.494954, 36.979333 ] ], [ [ -86.494954, 36.979333 ], [ -86.494764, 36.979576 ] ], [ [ -86.494764, 36.979576 ], [ -86.494694, 36.979668 ] ], [ [ -86.494694, 36.979668 ], [ -86.49462, 36.97976 ] ], [ [ -86.49462, 36.97976 ], [ -86.494549, 36.979852 ] ], [ [ -86.494549, 36.979852 ], [ -86.494475, 36.979943 ] ], [ [ -86.494475, 36.979943 ], [ -86.494332, 36.980123 ] ], [ [ -86.494332, 36.980123 ], [ -86.494265, 36.980209 ] ], [ [ -86.494265, 36.980209 ], [ -86.494069, 36.980455 ] ], [ [ -86.494069, 36.980455 ], [ -86.493936, 36.980624 ] ], [ [ -86.493936, 36.980624 ], [ -86.493868, 36.980712 ] ], [ [ -86.493868, 36.980712 ], [ -86.493748, 36.980879 ] ], [ [ -86.493748, 36.980879 ], [ -86.493696, 36.980956 ] ], [ [ -86.493696, 36.980956 ], [ -86.49365, 36.981029 ] ], [ [ -86.49365, 36.981029 ], [ -86.493617, 36.981099 ] ], [ [ -86.493617, 36.981099 ], [ -86.4936, 36.981167 ] ], [ [ -86.4936, 36.981167 ], [ -86.493602, 36.981235 ] ], [ [ -86.493602, 36.981235 ], [ -86.493623, 36.981302 ] ], [ [ -86.493623, 36.981302 ], [ -86.493692, 36.981437 ] ], [ [ -86.493692, 36.981437 ], [ -86.493729, 36.981506 ] ], [ [ -86.493729, 36.981506 ], [ -86.493807, 36.981646 ] ], [ [ -86.493807, 36.981646 ], [ -86.49388, 36.981775 ] ], [ [ -86.49388, 36.981775 ], [ -86.493915, 36.981833 ] ], [ [ -86.493915, 36.981833 ], [ -86.493947, 36.981888 ] ], [ [ -86.493947, 36.981888 ], [ -86.493989, 36.981964 ] ], [ [ -86.493989, 36.981964 ], [ -86.4942872, 36.9824785 ] ], [ [ -86.4942872, 36.9824785 ], [ -86.4944263, 36.982728599999987 ] ], [ [ -86.4944263, 36.982728599999987 ], [ -86.4945311, 36.982953799999969 ] ], [ [ -86.4945311, 36.982953799999969 ], [ -86.4944915, 36.983061 ] ] ] } },
{ "type": "Feature", "properties": { "name": "River Aire Close Court", "highway": "residential", "length": 55.0, "risk_tier": "critical", "zone_type": "riverine" }, "geometry": { "type": "MultiLineString", "coordinates": [ [ [ -86.491638, 36.9840781 ], [ -86.491761, 36.9839332 ] ], [ [ -86.491761, 36.9839332 ], [ -86.4921056, 36.9837653 ] ] ] } },
{ "type": "Feature", "properties": { "name": "Louisville Road", "highway": "primary", "length": 2312.0, "risk_tier": "critical", "zone_type": "riverine" }, "geometry": { "type": "MultiLineString", "coordinates": [ [ [ -86.4304983, 37.003579 ], [ -86.428373, 37.004417 ] ], [ [ -86.428373, 37.004417 ], [ -86.428169, 37.004503 ] ], [ [ -86.428169, 37.004503 ], [ -86.427966, 37.004592 ] ], [ [ -86.427966, 37.004592 ], [ -86.427765, 37.004683 ] ], [ [ -86.427765, 37.004683 ], [ -86.427357, 37.004865 ] ], [ [ -86.427357, 37.004865 ], [ -86.427151, 37.004954 ] ], [ [ -86.427151, 37.004954 ], [ -86.42688, 37.005075 ] ], [ [ -86.42688, 37.005075 ], [ -86.425502, 37.005696 ] ], [ [ -86.425502, 37.005696 ], [ -86.425291, 37.00579 ] ], [ [ -86.425291, 37.00579 ], [ -86.4249082, 37.0059648 ] ], [ [ -86.4249082, 37.0059648 ], [ -86.424658, 37.006079 ] ], [ [ -86.424658, 37.006079 ], [ -86.423799, 37.006465 ] ], [ [ -86.423799, 37.006465 ], [ -86.423586, 37.006562 ] ], [ [ -86.423586, 37.006562 ], [ -86.423305, 37.006688 ] ], [ [ -86.423305, 37.006688 ], [ -86.42294, 37.006851 ] ], [ [ -86.42294, 37.006851 ], [ -86.422721, 37.006946 ] ], [ [ -86.422721, 37.006946 ], [ -86.422499, 37.007039 ] ], [ [ -86.422499, 37.007039 ], [ -86.422276, 37.00713 ] ], [ [ -86.422276, 37.00713 ], [ -86.422048, 37.007217 ] ], [ [ -86.422048, 37.007217 ], [ -86.421816, 37.0073 ] ], [ [ -86.421816, 37.0073 ], [ -86.421583, 37.007378 ] ], [ [ -86.421583, 37.007378 ], [ -86.421348, 37.00745 ] ], [ [ -86.421348, 37.00745 ], [ -86.421111, 37.007518 ] ], [ [ -86.421111, 37.007518 ], [ -86.420871, 37.007579 ] ], [ [ -86.420871, 37.007579 ], [ -86.420629, 37.007634 ] ], [ [ -86.420629, 37.007634 ], [ -86.420386, 37.007684 ] ], [ [ -86.420386, 37.007684 ], [ -86.420143, 37.007728 ] ], [ [ -86.420143, 37.007728 ], [ -86.419892, 37.007768 ] ], [ [ -86.419892, 37.007768 ], [ -86.419655, 37.007802 ] ], [ [ -86.419655, 37.007802 ], [ -86.419349, 37.007839 ] ], [ [ -86.419349, 37.007839 ], [ -86.4181487, 37.0079712 ] ], [ [ -86.4181487, 37.0079712 ], [ -86.417199, 37.008073 ] ], [ [ -86.417199, 37.008073 ], [ -86.416945, 37.008102 ] ], [ [ -86.416945, 37.008102 ], [ -86.416692, 37.008132 ] ], [ [ -86.416692, 37.008132 ], [ -86.416436, 37.00816 ] ], [ [ -86.416436, 37.00816 ], [ -86.4158974, 37.0082212 ] ], [ [ -86.4158974, 37.0082212 ], [ -86.414877, 37.008335 ] ], [ [ -86.414877, 37.008335 ], [ -86.414352, 37.008395 ] ], [ [ -86.414352, 37.008395 ], [ -86.4131344, 37.0085286 ] ], [ [ -86.4131344, 37.0085286 ], [ -86.411467, 37.008712 ] ], [ [ -86.411467, 37.008712 ], [ -86.410934, 37.008767 ] ], [ [ -86.410934, 37.008767 ], [ -86.410666, 37.008792 ] ], [ [ -86.410666, 37.008792 ], [ -86.410398, 37.008813 ] ], [ [ -86.410398, 37.008813 ], [ -86.410131, 37.008829 ] ], [ [ -86.410131, 37.008829 ], [ -86.409868, 37.008839 ] ], [ [ -86.409868, 37.008839 ], [ -86.409608, 37.008846 ] ], [ [ -86.409608, 37.008846 ], [ -86.409351, 37.008848 ] ], [ [ -86.409351, 37.008848 ], [ -86.409095, 37.008847 ] ], [ [ -86.409095, 37.008847 ], [ -86.408586, 37.008837 ] ], [ [ -86.408586, 37.008837 ], [ -86.407929, 37.008822 ] ], [ [ -86.407929, 37.008822 ], [ -86.407672, 37.008817 ] ], [ [ -86.407672, 37.008817 ], [ -86.406749, 37.008789 ] ], [ [ -86.406749, 37.008789 ], [ -86.406596, 37.008786 ] ], [ [ -86.406596, 37.008786 ], [ -86.406433, 37.008784 ] ], [ [ -86.406433, 37.008784 ], [ -86.406263, 37.008783 ] ], [ [ -86.406263, 37.008783 ], [ -86.405897, 37.008784 ] ], [ [ -86.405897, 37.008784 ], [ -86.405822, 37.008785 ] ] ] } },
{ "type": "Feature", "properties": { "name": "Donald Drive", "highway": "residential", "length": 285.0, "risk_tier": "critical", "zone_type": "riverine" }, "geometry": { "type": "LineString", "coordinates": [ [ -86.39432, 37.006614 ], [ -86.3916375, 37.0080274 ] ] } },
{ "type": "Feature", "properties": { "name": null, "highway": "primary_link", "length": 18.0, "risk_tier": "critical", "zone_type": "riverine" }, "geometry": { "type": "LineString", "coordinates": [ [ -86.39918, 37.0100526 ], [ -86.3991223, 37.0098932 ] ] } },
{ "type": "Feature", "properties": { "name": null, "highway": "residential", "length": 81.0, "risk_tier": "critical", "zone_type": "riverine" }, "geometry": { "type": "MultiLineString", "coordinates": [ [ [ -86.4087836, 36.9408506 ], [ -86.408592, 36.940830799999986 ] ], [ [ -86.408592, 36.940830799999986 ], [ -86.40857, 36.9408074 ] ], [ [ -86.40857, 36.9408074 ], [ -86.4086576, 36.9402703 ] ] ] } },
{ "type": "Feature", "properties": { "name": null, "highway": "residential", "length": 52.0, "risk_tier": "critical", "zone_type": "riverine" }, "geometry": { "type": "MultiLineString", "coordinates": [ [ [ -86.3885829, 36.9053975 ], [ -86.3885598, 36.9055108 ] ], [ [ -86.3885598, 36.9055108 ], [ -86.3885873, 36.9057167 ] ], [ [ -86.3885873, 36.9057167 ], [ -86.3886043, 36.905861500000015 ] ] ] } },
{ "type": "Feature", "properties": { "name": null, "highway": "residential", "length": 61.0, "risk_tier": "critical", "zone_type": "riverine" }, "geometry": { "type": "MultiLineString", "coordinates": [ [ [ -86.3885829, 36.9053975 ], [ -86.3885165, 36.9054998 ] ], [ [ -86.3885165, 36.9054998 ], [ -86.388489, 36.9055501 ] ], [ [ -86.388489, 36.9055501 ], [ -86.3885086, 36.9057262 ] ], [ [ -86.3885086, 36.9057262 ], [ -86.3885381, 36.9057953 ] ], [ [ -86.3885381, 36.9057953 ], [ -86.3886043, 36.905861500000015 ] ], [ [ -86.3886043, 36.905861500000015 ], [ -86.3886404, 36.9058975 ] ] ] } },
{ "type": "Feature", "properties": { "name": null, "highway": "residential", "length": 57.0, "risk_tier": "critical", "zone_type": "riverine" }, "geometry": { "type": "MultiLineString", "coordinates": [ [ [ -86.3886404, 36.9058975 ], [ -86.3886679, 36.905734 ] ], [ [ -86.3886679, 36.905734 ], [ -86.388662, 36.9056145 ] ], [ [ -86.388662, 36.9056145 ], [ -86.3886423, 36.905518599999979 ] ], [ [ -86.3886423, 36.905518599999979 ], [ -86.3885829, 36.9053975 ] ] ] } },
{ "type": "Feature", "properties": { "name": null, "highway": "residential", "length": 20.0, "risk_tier": "critical", "zone_type": "riverine" }, "geometry": { "type": "LineString", "coordinates": [ [ -86.3886603, 36.90607820000001 ], [ -86.3886404, 36.9058975 ] ] } },
{ "type": "Feature", "properties": { "name": "Old Stone Way", "highway": "residential", "length": 113.0, "risk_tier": "critical", "zone_type": "riverine" }, "geometry": { "type": "LineString", "coordinates": [ [ -86.3884592, 36.9042812 ], [ -86.3885708, 36.9052922 ] ] } },
{ "type": "Feature", "properties": { "name": "Ridgewood Drive", "highway": "residential", "length": 617.0, "risk_tier": "critical", "zone_type": "riverine" }, "geometry": { "type": "MultiLineString", "coordinates": [ [ [ -86.397435, 36.997719 ], [ -86.39729, 36.997717 ] ], [ [ -86.39729, 36.997717 ], [ -86.397214, 36.997722 ] ], [ [ -86.397214, 36.997722 ], [ -86.397179, 36.99773 ] ], [ [ -86.397179, 36.99773 ], [ -86.397147, 36.997741 ] ], [ [ -86.397147, 36.997741 ], [ -86.397118, 36.997758 ] ], [ [ -86.397118, 36.997758 ], [ -86.397096, 36.997779 ] ], [ [ -86.397096, 36.997779 ], [ -86.397083, 36.997803 ] ], [ [ -86.397083, 36.997803 ], [ -86.397074, 36.997831 ] ], [ [ -86.397074, 36.997831 ], [ -86.397067, 36.997878 ] ], [ [ -86.397067, 36.997878 ], [ -86.397057, 36.997974 ] ], [ [ -86.397057, 36.997974 ], [ -86.397053, 36.998073 ] ], [ [ -86.397053, 36.998073 ], [ -86.397063, 36.998309 ] ], [ [ -86.397063, 36.998309 ], [ -86.397068, 36.998381 ] ], [ [ -86.397068, 36.998381 ], [ -86.397071, 36.998458 ] ], [ [ -86.397071, 36.998458 ], [ -86.397084, 36.998632 ] ], [ [ -86.397084, 36.998632 ], [ -86.397101, 36.998828 ] ], [ [ -86.397101, 36.998828 ], [ -86.397109, 36.99893 ] ], [ [ -86.397109, 36.99893 ], [ -86.39713, 36.999142 ] ], [ [ -86.39713, 36.999142 ], [ -86.397139, 36.999251 ] ], [ [ -86.397139, 36.999251 ], [ -86.39715, 36.999361 ] ], [ [ -86.39715, 36.999361 ], [ -86.397159, 36.99947 ] ], [ [ -86.397159, 36.99947 ], [ -86.397166, 36.999577 ] ], [ [ -86.397166, 36.999577 ], [ -86.3972197, 37.0000793 ] ], [ [ -86.3972197, 37.0000793 ], [ -86.397302, 37.0002667 ] ], [ [ -86.397302, 37.0002667 ], [ -86.3975004, 37.0005041 ] ], [ [ -86.3975004, 37.0005041 ], [ -86.3975295, 37.0005987 ] ], [ [ -86.3975295, 37.0005987 ], [ -86.3975164, 37.000691899999985 ] ], [ [ -86.3975164, 37.000691899999985 ], [ -86.397439, 37.000822 ] ], [ [ -86.397439, 37.000822 ], [ -86.397403, 37.000886 ] ], [ [ -86.397403, 37.000886 ], [ -86.397374, 37.000949 ] ], [ [ -86.397374, 37.000949 ], [ -86.397343, 37.001012 ] ], [ [ -86.397343, 37.001012 ], [ -86.397327, 37.001047 ] ], [ [ -86.397327, 37.001047 ], [ -86.397315, 37.001083 ] ], [ [ -86.397315, 37.001083 ], [ -86.397307, 37.001114 ] ], [ [ -86.397307, 37.001114 ], [ -86.397305, 37.001147 ] ], [ [ -86.397305, 37.001147 ], [ -86.397279, 37.00138 ] ], [ [ -86.397279, 37.00138 ], [ -86.397275, 37.001444 ] ], [ [ -86.397275, 37.001444 ], [ -86.397279, 37.001568 ] ], [ [ -86.397279, 37.001568 ], [ -86.397284, 37.001637 ] ], [ [ -86.397284, 37.001637 ], [ -86.397291, 37.001711 ] ], [ [ -86.397291, 37.001711 ], [ -86.397301, 37.001786 ] ], [ [ -86.397301, 37.001786 ], [ -86.397313, 37.001936 ] ], [ [ -86.397313, 37.001936 ], [ -86.397323, 37.002023 ] ], [ [ -86.397323, 37.002023 ], [ -86.397331, 37.002088 ] ], [ [ -86.397331, 37.002088 ], [ -86.397343, 37.002169 ] ], [ [ -86.397343, 37.002169 ], [ -86.397352, 37.00225 ] ], [ [ -86.397352, 37.00225 ], [ -86.397365, 37.002333 ] ], [ [ -86.397365, 37.002333 ], [ -86.397381, 37.002415 ] ], [ [ -86.397381, 37.002415 ], [ -86.397407, 37.002498 ] ], [ [ -86.397407, 37.002498 ], [ -86.397436, 37.002579 ] ], [ [ -86.397436, 37.002579 ], [ -86.3976477, 37.0028806 ] ] ] } },
{ "type": "Feature", "properties": { "name": "Preston Avenue", "highway": "residential", "length": 349.0, "risk_tier": "critical", "zone_type": "riverine" }, "geometry": { "type": "MultiLineString", "coordinates": [ [ [ -86.452934, 37.007166 ], [ -86.453604, 37.008346 ] ], [ [ -86.453604, 37.008346 ], [ -86.453636, 37.008404 ] ], [ [ -86.453636, 37.008404 ], [ -86.453694, 37.008504 ] ], [ [ -86.453694, 37.008504 ], [ -86.453752, 37.008607 ] ], [ [ -86.453752, 37.008607 ], [ -86.453861, 37.008816 ] ], [ [ -86.453861, 37.008816 ], [ -86.453969, 37.009016 ] ], [ [ -86.453969, 37.009016 ], [ -86.454078, 37.009212 ] ], [ [ -86.454078, 37.009212 ], [ -86.454132, 37.009307 ] ], [ [ -86.454132, 37.009307 ], [ -86.454185, 37.009398 ] ], [ [ -86.454185, 37.009398 ], [ -86.454233, 37.009484 ] ], [ [ -86.454233, 37.009484 ], [ -86.454276, 37.009564 ] ], [ [ -86.454276, 37.009564 ], [ -86.4543293, 37.0096574 ] ], [ [ -86.4543293, 37.0096574 ], [ -86.454353, 37.009699 ] ], [ [ -86.454353, 37.009699 ], [ -86.454391, 37.009764 ] ], [ [ -86.454391, 37.009764 ], [ -86.454437, 37.009825 ] ], [ [ -86.454437, 37.009825 ], [ -86.454497, 37.00988 ] ], [ [ -86.454497, 37.00988 ], [ -86.454567, 37.009926 ] ], [ [ -86.454567, 37.009926 ], [ -86.454647, 37.009964 ] ] ] } },
{ "type": "Feature", "properties": { "name": "Ownsby Way", "highway": "residential", "length": 135.0, "risk_tier": "critical", "zone_type": "riverine" }, "geometry": { "type": "LineString", "coordinates": [ [ -86.433512, 37.0061175 ], [ -86.434992, 37.0063933 ] ] } },
{ "type": "Feature", "properties": { "name": "Denali Street", "highway": "residential", "length": 740.0, "risk_tier": "critical", "zone_type": "riverine" }, "geometry": { "type": "MultiLineString", "coordinates": [ [ [ -86.4999421, 36.9781527 ], [ -86.4991296, 36.97827 ] ], [ [ -86.4991296, 36.97827 ], [ -86.498939, 36.9783229 ] ], [ [ -86.498939, 36.9783229 ], [ -86.4987303, 36.9784145 ] ], [ [ -86.4987303, 36.9784145 ], [ -86.4985534, 36.9785059 ] ], [ [ -86.4985534, 36.9785059 ], [ -86.4983468, 36.9786529 ] ], [ [ -86.4983468, 36.9786529 ], [ -86.4982235, 36.9787829 ] ], [ [ -86.4982235, 36.9787829 ], [ -86.4967478, 36.9806847 ] ], [ [ -86.4967478, 36.9806847 ], [ -86.4958094, 36.98185 ] ], [ [ -86.4958094, 36.98185 ], [ -86.4954837, 36.9822577 ] ], [ [ -86.4954837, 36.9822577 ], [ -86.495417, 36.982330799999986 ] ], [ [ -86.495417, 36.982330799999986 ], [ -86.4953605, 36.9823754 ] ], [ [ -86.4953605, 36.9823754 ], [ -86.495257, 36.982434200000021 ] ], [ [ -86.495257, 36.982434200000021 ], [ -86.4951719, 36.9824672 ] ], [ [ -86.4951719, 36.9824672 ], [ -86.4944263, 36.982728599999987 ] ] ] } },
{ "type": "Feature", "properties": { "name": "Riverview Drive", "highway": "residential", "length": 690.0, "risk_tier": "critical", "zone_type": "riverine" }, "geometry": { "type": "MultiLineString", "coordinates": [ [ [ -86.432632, 37.00261 ], [ -86.432727, 37.002846 ] ], [ [ -86.432727, 37.002846 ], [ -86.4327665, 37.0029481 ] ], [ [ -86.4327665, 37.0029481 ], [ -86.432808, 37.003065 ] ], [ [ -86.432808, 37.003065 ], [ -86.432849, 37.003185 ] ], [ [ -86.432849, 37.003185 ], [ -86.432878, 37.003285 ] ], [ [ -86.432878, 37.003285 ], [ -86.432911, 37.003395 ] ], [ [ -86.432911, 37.003395 ], [ -86.432943, 37.003512 ] ], [ [ -86.432943, 37.003512 ], [ -86.4329888, 37.003648699999985 ] ], [ [ -86.4329888, 37.003648699999985 ], [ -86.433027, 37.003763 ] ], [ [ -86.433027, 37.003763 ], [ -86.433082, 37.003894 ] ], [ [ -86.433082, 37.003894 ], [ -86.433145, 37.004025 ] ], [ [ -86.433145, 37.004025 ], [ -86.433217, 37.004154 ] ], [ [ -86.433217, 37.004154 ], [ -86.433295, 37.004281 ] ], [ [ -86.433295, 37.004281 ], [ -86.433374, 37.004406 ] ], [ [ -86.433374, 37.004406 ], [ -86.4333958, 37.0044451 ] ], [ [ -86.4333958, 37.0044451 ], [ -86.433445, 37.004533 ] ], [ [ -86.433445, 37.004533 ], [ -86.433504, 37.004664 ] ], [ [ -86.433504, 37.004664 ], [ -86.433541, 37.004799 ] ], [ [ -86.433541, 37.004799 ], [ -86.433563, 37.004938 ] ], [ [ -86.433563, 37.004938 ], [ -86.433564, 37.004977 ] ], [ [ -86.433564, 37.004977 ], [ -86.433571, 37.005081 ] ], [ [ -86.433571, 37.005081 ], [ -86.433566, 37.005371 ] ], [ [ -86.433566, 37.005371 ], [ -86.433561, 37.00543 ] ], [ [ -86.433561, 37.00543 ], [ -86.433554, 37.005517 ] ], [ [ -86.433554, 37.005517 ], [ -86.433549, 37.005663 ] ], [ [ -86.433549, 37.005663 ], [ -86.433542, 37.00581 ] ], [ [ -86.433542, 37.00581 ], [ -86.433531, 37.005961 ] ], [ [ -86.433531, 37.005961 ], [ -86.4335287, 37.0060256 ] ], [ [ -86.4335287, 37.0060256 ], [ -86.433512, 37.0061175 ] ], [ [ -86.433512, 37.0061175 ], [ -86.433408, 37.006772 ] ], [ [ -86.433408, 37.006772 ], [ -86.433379, 37.006939 ] ], [ [ -86.433379, 37.006939 ], [ -86.433352, 37.007106 ] ], [ [ -86.433352, 37.007106 ], [ -86.433323, 37.007271 ] ], [ [ -86.433323, 37.007271 ], [ -86.433296, 37.007434 ] ], [ [ -86.433296, 37.007434 ], [ -86.433266, 37.007595 ] ], [ [ -86.433266, 37.007595 ], [ -86.43324, 37.007751 ] ], [ [ -86.43324, 37.007751 ], [ -86.433213, 37.007902 ] ], [ [ -86.433213, 37.007902 ], [ -86.433165, 37.008188 ] ], [ [ -86.433165, 37.008188 ], [ -86.43313, 37.008322 ] ], [ [ -86.43313, 37.008322 ], [ -86.4330766, 37.0086645 ] ] ] } },
{ "type": "Feature", "properties": { "name": "Cumberland Trace Road", "highway": "residential", "length": 1056.0, "risk_tier": "critical", "zone_type": "riverine" }, "geometry": { "type": "MultiLineString", "coordinates": [ [ [ -86.3877335, 36.9761172 ], [ -86.3876316, 36.9762567 ] ], [ [ -86.3876316, 36.9762567 ], [ -86.3875887, 36.9763869 ] ], [ [ -86.3875887, 36.9763869 ], [ -86.38759730000001, 36.9765241 ] ], [ [ -86.38759730000001, 36.9765241 ], [ -86.3876574, 36.976722899999977 ] ], [ [ -86.3876574, 36.976722899999977 ], [ -86.387769, 36.9768464 ] ], [ [ -86.387769, 36.9768464 ], [ -86.3879234, 36.976983499999982 ] ], [ [ -86.3879234, 36.976983499999982 ], [ -86.3881724, 36.9771823 ] ], [ [ -86.3881724, 36.9771823 ], [ -86.3883612, 36.9772989 ] ], [ [ -86.3883612, 36.9772989 ], [ -86.38855, 36.9774429 ] ], [ [ -86.38855, 36.9774429 ], [ -86.3887131, 36.9775937 ] ], [ [ -86.3887131, 36.9775937 ], [ -86.3888418, 36.9777446 ] ], [ [ -86.3888418, 36.9777446 ], [ -86.3889448, 36.977922900000017 ] ], [ [ -86.3889448, 36.977922900000017 ], [ -86.3890221, 36.9781011 ] ], [ [ -86.3890221, 36.9781011 ], [ -86.3890822, 36.9782863 ] ], [ [ -86.3890822, 36.9782863 ], [ -86.3891165, 36.9784645 ] ], [ [ -86.3891165, 36.9784645 ], [ -86.3891337, 36.978636 ] ], [ [ -86.3891337, 36.978636 ], [ -86.3891422, 36.9788074 ] ], [ [ -86.3891422, 36.9788074 ], [ -86.3891422, 36.9789308 ] ], [ [ -86.3891422, 36.9789308 ], [ -86.3891337, 36.9790474 ] ], [ [ -86.3891337, 36.9790474 ], [ -86.389142, 36.979184 ] ], [ [ -86.389142, 36.979184 ], [ -86.389137, 36.979273 ] ], [ [ -86.389137, 36.979273 ], [ -86.389135, 36.979407 ] ], [ [ -86.389135, 36.979407 ], [ -86.3891444, 36.9798759 ] ], [ [ -86.3891444, 36.9798759 ], [ -86.389144, 36.98001 ] ], [ [ -86.389144, 36.98001 ], [ -86.389133, 36.980099 ] ], [ [ -86.389133, 36.980099 ], [ -86.389114, 36.980188 ] ], [ [ -86.389114, 36.980188 ], [ -86.389073, 36.980319 ] ], [ [ -86.389073, 36.980319 ], [ -86.389037, 36.980405 ] ], [ [ -86.389037, 36.980405 ], [ -86.388994, 36.98049 ] ], [ [ -86.388994, 36.98049 ], [ -86.388946, 36.980575 ] ], [ [ -86.388946, 36.980575 ], [ -86.388894, 36.980657 ] ], [ [ -86.388894, 36.980657 ], [ -86.388649, 36.981004 ] ], [ [ -86.388649, 36.981004 ], [ -86.388297, 36.981472 ] ], [ [ -86.388297, 36.981472 ], [ -86.388126, 36.98171 ] ], [ [ -86.388126, 36.98171 ], [ -86.388038, 36.981852 ] ], [ [ -86.388038, 36.981852 ], [ -86.3877046, 36.982468 ] ], [ [ -86.3877046, 36.982468 ], [ -86.387164, 36.983464 ] ], [ [ -86.387164, 36.983464 ], [ -86.386994, 36.983801 ] ], [ [ -86.386994, 36.983801 ], [ -86.386771, 36.984218 ] ], [ [ -86.386771, 36.984218 ], [ -86.3865293, 36.9847056 ] ] ] } },
{ "type": "Feature", "properties": { "name": "Ewing Ford Road", "highway": "residential", "length": 2321.0, "risk_tier": "critical", "zone_type": "riverine" }, "geometry": { "type": "MultiLineString", "coordinates": [ [ [ -86.393595, 36.980082 ], [ -86.3932579, 36.9804067 ] ], [ [ -86.3932579, 36.9804067 ], [ -86.393061, 36.980636 ] ], [ [ -86.393061, 36.980636 ], [ -86.393001, 36.980689 ] ], [ [ -86.393001, 36.980689 ], [ -86.392942, 36.980743 ] ], [ [ -86.392942, 36.980743 ], [ -86.392721, 36.980929 ] ], [ [ -86.392721, 36.980929 ], [ -86.392563, 36.981065 ] ], [ [ -86.392563, 36.981065 ], [ -86.392373, 36.981214 ] ], [ [ -86.392373, 36.981214 ], [ -86.392121, 36.981414 ] ], [ [ -86.392121, 36.981414 ], [ -86.392038, 36.98149 ] ], [ [ -86.392038, 36.98149 ], [ -86.391863, 36.981643 ] ], [ [ -86.391863, 36.981643 ], [ -86.391595, 36.981887 ] ], [ [ -86.391595, 36.981887 ], [ -86.39112, 36.982292 ] ], [ [ -86.39112, 36.982292 ], [ -86.3908163, 36.982538 ] ], [ [ -86.3908163, 36.982538 ], [ -86.390357, 36.982928 ] ], [ [ -86.390357, 36.982928 ], [ -86.390274, 36.983003 ] ], [ [ -86.390274, 36.983003 ], [ -86.390189, 36.983076 ] ], [ [ -86.390189, 36.983076 ], [ -86.390015, 36.983229 ] ], [ [ -86.390015, 36.983229 ], [ -86.38984, 36.983371 ] ], [ [ -86.38984, 36.983371 ], [ -86.389677, 36.983508 ] ], [ [ -86.389677, 36.983508 ], [ -86.389356, 36.983765 ] ], [ [ -86.389356, 36.983765 ], [ -86.389205, 36.983892 ] ], [ [ -86.389205, 36.983892 ], [ -86.389007, 36.984071 ] ], [ [ -86.389007, 36.984071 ], [ -86.388949, 36.984128 ] ], [ [ -86.388949, 36.984128 ], [ -86.388895, 36.984186 ] ], [ [ -86.388895, 36.984186 ], [ -86.388844, 36.984245 ] ], [ [ -86.388844, 36.984245 ], [ -86.388798, 36.984304 ] ], [ [ -86.388798, 36.984304 ], [ -86.388759, 36.98436 ] ], [ [ -86.388759, 36.98436 ], [ -86.388726, 36.984419 ] ], [ [ -86.388726, 36.984419 ], [ -86.388691, 36.984474 ] ], [ [ -86.388691, 36.984474 ], [ -86.388662, 36.984529 ] ], [ [ -86.388662, 36.984529 ], [ -86.388633, 36.984581 ] ], [ [ -86.388633, 36.984581 ], [ -86.388608, 36.98463 ] ], [ [ -86.388608, 36.98463 ], [ -86.388586, 36.984676 ] ], [ [ -86.388586, 36.984676 ], [ -86.388566, 36.984721 ] ], [ [ -86.388566, 36.984721 ], [ -86.388465, 36.984965 ] ], [ [ -86.388465, 36.984965 ], [ -86.388456, 36.985021 ] ], [ [ -86.388456, 36.985021 ], [ -86.388455, 36.985076 ] ], [ [ -86.388455, 36.985076 ], [ -86.388455, 36.985133 ] ], [ [ -86.388455, 36.985133 ], [ -86.388462, 36.985188 ] ], [ [ -86.388462, 36.985188 ], [ -86.388472, 36.98524 ] ], [ [ -86.388472, 36.98524 ], [ -86.388484, 36.985289 ] ], [ [ -86.388484, 36.985289 ], [ -86.388501, 36.985332 ] ], [ [ -86.388501, 36.985332 ], [ -86.388544, 36.985419 ] ], [ [ -86.388544, 36.985419 ], [ -86.38857, 36.985468 ] ], [ [ -86.38857, 36.985468 ], [ -86.388627, 36.985559 ] ], [ [ -86.388627, 36.985559 ], [ -86.388677, 36.985621 ] ], [ [ -86.388677, 36.985621 ], [ -86.38871, 36.985654 ] ], [ [ -86.38871, 36.985654 ], [ -86.388755, 36.985688 ] ], [ [ -86.388755, 36.985688 ], [ -86.388827, 36.985729 ] ], [ [ -86.388827, 36.985729 ], [ -86.388892, 36.985759 ] ], [ [ -86.388892, 36.985759 ], [ -86.388963, 36.98578 ] ], [ [ -86.388963, 36.98578 ], [ -86.389059, 36.985801 ] ], [ [ -86.389059, 36.985801 ], [ -86.389276, 36.985842 ] ], [ [ -86.389276, 36.985842 ], [ -86.389329, 36.985851 ] ], [ [ -86.389329, 36.985851 ], [ -86.389824, 36.985905 ] ], [ [ -86.389824, 36.985905 ], [ -86.390069, 36.985942 ] ], [ [ -86.390069, 36.985942 ], [ -86.390382, 36.986 ] ], [ [ -86.390382, 36.986 ], [ -86.390603, 36.986032 ] ], [ [ -86.390603, 36.986032 ], [ -86.390819, 36.986062 ] ], [ [ -86.390819, 36.986062 ], [ -86.391065, 36.986103 ] ], [ [ -86.391065, 36.986103 ], [ -86.3918321, 36.9862281 ] ], [ [ -86.3918321, 36.9862281 ], [ -86.3922036, 36.9862887 ] ], [ [ -86.3922036, 36.9862887 ], [ -86.392806, 36.986387 ] ], [ [ -86.392806, 36.986387 ], [ -86.3930449, 36.9864239 ] ], [ [ -86.3930449, 36.9864239 ], [ -86.393467, 36.986489 ] ], [ [ -86.393467, 36.986489 ], [ -86.394397, 36.986627 ] ], [ [ -86.394397, 36.986627 ], [ -86.395255, 36.986759 ] ], [ [ -86.395255, 36.986759 ], [ -86.395566500000015, 36.9868106 ] ], [ [ -86.395566500000015, 36.9868106 ], [ -86.39604, 36.986889 ] ], [ [ -86.39604, 36.986889 ], [ -86.397594, 36.987119 ] ], [ [ -86.397594, 36.987119 ], [ -86.397873, 36.987159 ] ], [ [ -86.397873, 36.987159 ], [ -86.3978964, 36.9871625 ] ], [ [ -86.3978964, 36.9871625 ], [ -86.3985448, 36.9872585 ] ], [ [ -86.3985448, 36.9872585 ], [ -86.399007, 36.987327 ] ], [ [ -86.399007, 36.987327 ], [ -86.400295, 36.98757 ] ], [ [ -86.400295, 36.98757 ], [ -86.4004, 36.987591 ] ], [ [ -86.4004, 36.987591 ], [ -86.400503, 36.987608 ] ], [ [ -86.400503, 36.987608 ], [ -86.400614, 36.987625 ] ], [ [ -86.400614, 36.987625 ], [ -86.400726, 36.987644 ] ], [ [ -86.400726, 36.987644 ], [ -86.40078, 36.987652 ] ], [ [ -86.40078, 36.987652 ], [ -86.4009541, 36.9876812 ] ], [ [ -86.4009541, 36.9876812 ], [ -86.4013015, 36.9877396 ] ], [ [ -86.4013015, 36.9877396 ], [ -86.401429, 36.987761 ] ], [ [ -86.401429, 36.987761 ], [ -86.401719, 36.987804 ] ], [ [ -86.401719, 36.987804 ], [ -86.4018018, 36.9878183 ] ], [ [ -86.4018018, 36.9878183 ], [ -86.401944, 36.987843 ] ], [ [ -86.401944, 36.987843 ], [ -86.4020579, 36.987862599999985 ] ], [ [ -86.4020579, 36.987862599999985 ], [ -86.402385, 36.987919 ] ], [ [ -86.402385, 36.987919 ], [ -86.402792, 36.987985 ] ], [ [ -86.402792, 36.987985 ], [ -86.403101, 36.988037 ] ], [ [ -86.403101, 36.988037 ], [ -86.403385, 36.988086 ] ], [ [ -86.403385, 36.988086 ], [ -86.40384, 36.988158 ] ], [ [ -86.40384, 36.988158 ], [ -86.4039686, 36.9881769 ] ], [ [ -86.4039686, 36.9881769 ], [ -86.405024, 36.988332 ] ], [ [ -86.405024, 36.988332 ], [ -86.4052762, 36.9883743 ] ], [ [ -86.4052762, 36.9883743 ], [ -86.4053136, 36.988322599999989 ] ], [ [ -86.4053136, 36.988322599999989 ], [ -86.4053898, 36.9882171 ] ] ] } },
{ "type": "Feature", "properties": { "name": "Paddle Wheel Street", "highway": "residential", "length": 259.0, "risk_tier": "critical", "zone_type": "riverine" }, "geometry": { "type": "MultiLineString", "coordinates": [ [ [ -86.3910149, 37.0062061 ], [ -86.391298800000015, 37.0057354 ] ], [ [ -86.391298800000015, 37.0057354 ], [ -86.3915099, 37.0053568 ] ], [ [ -86.3915099, 37.0053568 ], [ -86.3915796, 37.0051591 ] ], [ [ -86.3915796, 37.0051591 ], [ -86.3916492, 37.004952199999984 ] ], [ [ -86.3916492, 37.004952199999984 ], [ -86.3917381, 37.004668 ] ], [ [ -86.3917381, 37.004668 ], [ -86.3917888, 37.0045594 ] ], [ [ -86.3917888, 37.0045594 ], [ -86.3918232, 37.0044858 ] ], [ [ -86.3918232, 37.0044858 ], [ -86.391966300000021, 37.0043406 ] ], [ [ -86.391966300000021, 37.0043406 ], [ -86.3922022, 37.004109 ] ] ] } },
{ "type": "Feature", "properties": { "name": "Swain Street", "highway": "residential", "length": 156.0, "risk_tier": "critical", "zone_type": "riverine" }, "geometry": { "type": "MultiLineString", "coordinates": [ [ [ -86.388008, 37.018525 ], [ -86.38788, 37.018614 ] ], [ [ -86.38788, 37.018614 ], [ -86.387679, 37.018736 ] ], [ [ -86.387679, 37.018736 ], [ -86.387559, 37.018813 ] ], [ [ -86.387559, 37.018813 ], [ -86.38708, 37.019133 ] ], [ [ -86.38708, 37.019133 ], [ -86.386726, 37.019374 ] ], [ [ -86.386726, 37.019374 ], [ -86.386657, 37.019424 ] ] ] } },
{ "type": "Feature", "properties": { "name": "Beech Street", "highway": "residential", "length": 573.0, "risk_tier": "critical", "zone_type": "riverine" }, "geometry": { "type": "MultiLineString", "coordinates": [ [ [ -86.452253, 37.01026 ], [ -86.452123, 37.01031 ] ], [ [ -86.452123, 37.01031 ], [ -86.451992, 37.010358 ] ], [ [ -86.451992, 37.010358 ], [ -86.4503529, 37.0109418 ] ], [ [ -86.4503529, 37.0109418 ], [ -86.449294, 37.011319 ] ], [ [ -86.449294, 37.011319 ], [ -86.447824, 37.011843 ] ], [ [ -86.447824, 37.011843 ], [ -86.4463644, 37.0123689 ] ] ] } },
{ "type": "Feature", "properties": { "name": "Pinehurst Way", "highway": "residential", "length": 177.0, "risk_tier": "critical", "zone_type": "riverine" }, "geometry": { "type": "MultiLineString", "coordinates": [ [ [ -86.399178, 36.999159 ], [ -86.399137, 36.999145 ] ], [ [ -86.399137, 36.999145 ], [ -86.399101, 36.999128 ] ], [ [ -86.399101, 36.999128 ], [ -86.399059, 36.999103 ] ], [ [ -86.399059, 36.999103 ], [ -86.399018, 36.999068 ] ], [ [ -86.399018, 36.999068 ], [ -86.398977, 36.999022 ] ], [ [ -86.398977, 36.999022 ], [ -86.398729, 36.998633 ] ], [ [ -86.398729, 36.998633 ], [ -86.3983145, 36.997980299999988 ] ], [ [ -86.3983145, 36.997980299999988 ], [ -86.3982763, 36.9977766 ] ] ] } },
{ "type": "Feature", "properties": { "name": "Victoria Street", "highway": "residential", "length": 459.0, "risk_tier": "critical", "zone_type": "riverine" }, "geometry": { "type": "MultiLineString", "coordinates": [ [ [ -86.453164, 37.005134 ], [ -86.453067, 37.005199 ] ], [ [ -86.453067, 37.005199 ], [ -86.452815, 37.005373 ] ], [ [ -86.452815, 37.005373 ], [ -86.452541, 37.005554 ] ], [ [ -86.452541, 37.005554 ], [ -86.45245, 37.005617 ] ], [ [ -86.45245, 37.005617 ], [ -86.452355, 37.005679 ] ], [ [ -86.452355, 37.005679 ], [ -86.452253, 37.00574 ] ], [ [ -86.452253, 37.00574 ], [ -86.452142, 37.005811 ] ], [ [ -86.452142, 37.005811 ], [ -86.452059, 37.005866 ] ], [ [ -86.452059, 37.005866 ], [ -86.451861, 37.005989 ] ], [ [ -86.451861, 37.005989 ], [ -86.451758, 37.006047 ] ], [ [ -86.451758, 37.006047 ], [ -86.451656, 37.006106 ] ], [ [ -86.451656, 37.006106 ], [ -86.451526, 37.006165 ] ], [ [ -86.451526, 37.006165 ], [ -86.451432, 37.006207 ] ], [ [ -86.451432, 37.006207 ], [ -86.451318, 37.006254 ] ], [ [ -86.451318, 37.006254 ], [ -86.451125, 37.00633 ] ], [ [ -86.451125, 37.00633 ], [ -86.45097, 37.006388 ] ], [ [ -86.45097, 37.006388 ], [ -86.450919, 37.006404 ] ], [ [ -86.450919, 37.006404 ], [ -86.450741, 37.006467 ] ], [ [ -86.450741, 37.006467 ], [ -86.450688, 37.006485 ] ], [ [ -86.450688, 37.006485 ], [ -86.450486, 37.006565 ] ], [ [ -86.450486, 37.006565 ], [ -86.450355, 37.006619 ] ], [ [ -86.450355, 37.006619 ], [ -86.450285, 37.006647 ] ], [ [ -86.450285, 37.006647 ], [ -86.4502641, 37.0066564 ] ], [ [ -86.4502641, 37.0066564 ], [ -86.450209, 37.006681 ] ], [ [ -86.450209, 37.006681 ], [ -86.450111, 37.006726 ] ], [ [ -86.450111, 37.006726 ], [ -86.449304, 37.007071 ] ], [ [ -86.449304, 37.007071 ], [ -86.44905, 37.007171 ] ], [ [ -86.44905, 37.007171 ], [ -86.4487674, 37.0072632 ] ] ] } },
{ "type": "Feature", "properties": { "name": "River Wye Drive", "highway": "residential", "length": 207.0, "risk_tier": "critical", "zone_type": "riverine" }, "geometry": { "type": "MultiLineString", "coordinates": [ [ [ -86.4897528, 36.98186530000001 ], [ -86.489665, 36.981917 ] ], [ [ -86.489665, 36.981917 ], [ -86.489554, 36.981982 ] ], [ [ -86.489554, 36.981982 ], [ -86.489542, 36.981992 ] ], [ [ -86.489542, 36.981992 ], [ -86.489505, 36.982017 ] ], [ [ -86.489505, 36.982017 ], [ -86.489456, 36.98206 ] ], [ [ -86.489456, 36.98206 ], [ -86.48941, 36.98211 ] ], [ [ -86.48941, 36.98211 ], [ -86.489365, 36.982168 ] ], [ [ -86.489365, 36.982168 ], [ -86.489277, 36.982298 ] ], [ [ -86.489277, 36.982298 ], [ -86.489234, 36.982365 ] ], [ [ -86.489234, 36.982365 ], [ -86.489189, 36.98243 ] ], [ [ -86.489189, 36.98243 ], [ -86.489139, 36.982493 ] ], [ [ -86.489139, 36.982493 ], [ -86.489087, 36.982552 ] ], [ [ -86.489087, 36.982552 ], [ -86.489029, 36.982607 ] ], [ [ -86.489029, 36.982607 ], [ -86.488966, 36.982657 ] ], [ [ -86.488966, 36.982657 ], [ -86.488902, 36.982704 ] ], [ [ -86.488902, 36.982704 ], [ -86.488834, 36.98275 ] ], [ [ -86.488834, 36.98275 ], [ -86.488768, 36.982793 ] ], [ [ -86.488768, 36.982793 ], [ -86.488702, 36.982833 ] ], [ [ -86.488702, 36.982833 ], [ -86.488637, 36.982871 ] ], [ [ -86.488637, 36.982871 ], [ -86.488517, 36.982944 ] ], [ [ -86.488517, 36.982944 ], [ -86.488461, 36.982982 ] ], [ [ -86.488461, 36.982982 ], [ -86.488407, 36.983021 ] ], [ [ -86.488407, 36.983021 ], [ -86.488358, 36.983063 ] ], [ [ -86.488358, 36.983063 ], [ -86.48832, 36.983105 ] ], [ [ -86.48832, 36.983105 ], [ -86.488292, 36.983145 ] ], [ [ -86.488292, 36.983145 ], [ -86.488275, 36.983179 ] ], [ [ -86.488275, 36.983179 ], [ -86.488245, 36.983246 ] ] ] } },
{ "type": "Feature", "properties": { "name": "Vinewood Drive", "highway": "residential", "length": 79.0, "risk_tier": "critical", "zone_type": "riverine" }, "geometry": { "type": "LineString", "coordinates": [ [ -86.397323, 37.002023 ], [ -86.398215, 37.001993 ] ] } },
{ "type": "Feature", "properties": { "name": "Gary Avenue", "highway": "residential", "length": 326.0, "risk_tier": "critical", "zone_type": "riverine" }, "geometry": { "type": "MultiLineString", "coordinates": [ [ [ -86.463266, 36.983851 ], [ -86.463301, 36.983867 ] ], [ [ -86.463301, 36.983867 ], [ -86.463329, 36.983881 ] ], [ [ -86.463329, 36.983881 ], [ -86.46337, 36.983904 ] ], [ [ -86.46337, 36.983904 ], [ -86.463442, 36.983958 ] ], [ [ -86.463442, 36.983958 ], [ -86.463482, 36.983986 ] ], [ [ -86.463482, 36.983986 ], [ -86.463514, 36.984011 ] ], [ [ -86.463514, 36.984011 ], [ -86.465429, 36.985347 ] ], [ [ -86.465429, 36.985347 ], [ -86.465491, 36.985391 ] ], [ [ -86.465491, 36.985391 ], [ -86.465617, 36.985475 ] ], [ [ -86.465617, 36.985475 ], [ -86.465688, 36.985513 ] ], [ [ -86.465688, 36.985513 ], [ -86.465759, 36.985547 ] ], [ [ -86.465759, 36.985547 ], [ -86.465829, 36.985571 ] ], [ [ -86.465829, 36.985571 ], [ -86.466132, 36.985645 ] ] ] } },
{ "type": "Feature", "properties": { "name": null, "highway": "tertiary", "length": 63.0, "risk_tier": "critical", "zone_type": "riverine" }, "geometry": { "type": "MultiLineString", "coordinates": [ [ [ -86.4298458, 36.9997573 ], [ -86.4297454, 36.9998324 ] ], [ [ -86.4297454, 36.9998324 ], [ -86.429671, 36.999888 ] ], [ [ -86.429671, 36.999888 ], [ -86.429599, 36.999933 ] ], [ [ -86.429599, 36.999933 ], [ -86.429439, 37.000036 ] ], [ [ -86.429439, 37.000036 ], [ -86.4293689, 37.000086499999988 ] ], [ [ -86.4293689, 37.000086499999988 ], [ -86.4293014, 37.0001241 ] ] ] } },
{ "type": "Feature", "properties": { "name": "Clover Court", "highway": "residential", "length": 66.0, "risk_tier": "critical", "zone_type": "riverine" }, "geometry": { "type": "LineString", "coordinates": [ [ -86.484997, 36.979442 ], [ -86.4857296, 36.9793433 ] ] } },
{ "type": "Feature", "properties": { "name": "Blue Heron Court", "highway": "residential", "length": 102.0, "risk_tier": "critical", "zone_type": "riverine" }, "geometry": { "type": "MultiLineString", "coordinates": [ [ [ -86.393467, 36.986489 ], [ -86.393429, 36.986602 ] ], [ [ -86.393429, 36.986602 ], [ -86.393357, 36.986781 ] ], [ [ -86.393357, 36.986781 ], [ -86.39328, 36.986985 ] ], [ [ -86.39328, 36.986985 ], [ -86.393265, 36.987034 ] ], [ [ -86.393265, 36.987034 ], [ -86.393259, 36.987084 ] ], [ [ -86.393259, 36.987084 ], [ -86.393261, 36.987131 ] ], [ [ -86.393261, 36.987131 ], [ -86.393268, 36.987178 ] ], [ [ -86.393268, 36.987178 ], [ -86.393282, 36.987219 ] ], [ [ -86.393282, 36.987219 ], [ -86.393346, 36.987295 ] ], [ [ -86.393346, 36.987295 ], [ -86.393399, 36.98735 ] ] ] } },
{ "type": "Feature", "properties": { "name": null, "highway": "residential", "length": 313.0, "risk_tier": "critical", "zone_type": "riverine" }, "geometry": { "type": "MultiLineString", "coordinates": [ [ [ -86.3850632, 36.9606716 ], [ -86.3848039, 36.9607413 ] ], [ [ -86.3848039, 36.9607413 ], [ -86.3826021, 36.9613897 ] ], [ [ -86.3826021, 36.9613897 ], [ -86.3824141, 36.961402 ] ], [ [ -86.3824141, 36.961402 ], [ -86.3822447, 36.961365 ] ], [ [ -86.3822447, 36.961365 ], [ -86.3817764, 36.9611533 ] ] ] } },
{ "type": "Feature", "properties": { "name": "Torridge Avenue", "highway": "residential", "length": 171.0, "risk_tier": "critical", "zone_type": "riverine" }, "geometry": { "type": "MultiLineString", "coordinates": [ [ [ -86.4919917, 36.9850578 ], [ -86.4919103, 36.9850394 ] ], [ [ -86.4919103, 36.9850394 ], [ -86.49113490000002, 36.9848527 ] ], [ [ -86.49113490000002, 36.9848527 ], [ -86.4901514, 36.9846168 ] ] ] } },
{ "type": "Feature", "properties": { "name": "Natcher Lane", "highway": "residential", "length": 227.0, "risk_tier": "critical", "zone_type": "riverine" }, "geometry": { "type": "MultiLineString", "coordinates": [ [ [ -86.4248032, 36.9977255 ], [ -86.42594, 36.997759 ] ], [ [ -86.42594, 36.997759 ], [ -86.425984, 36.99776 ] ], [ [ -86.425984, 36.99776 ], [ -86.426018, 36.997762 ] ], [ [ -86.426018, 36.997762 ], [ -86.426053, 36.997761 ] ], [ [ -86.426053, 36.997761 ], [ -86.426099, 36.997765 ] ], [ [ -86.426099, 36.997765 ], [ -86.426147, 36.997772 ] ], [ [ -86.426147, 36.997772 ], [ -86.42626, 36.997782 ] ], [ [ -86.42626, 36.997782 ], [ -86.426434, 36.997782 ] ], [ [ -86.426434, 36.997782 ], [ -86.426512, 36.997783 ] ], [ [ -86.426512, 36.997783 ], [ -86.426576, 36.997782 ] ], [ [ -86.426576, 36.997782 ], [ -86.426833, 36.997764 ] ], [ [ -86.426833, 36.997764 ], [ -86.427039, 36.997756 ] ], [ [ -86.427039, 36.997756 ], [ -86.4272286, 36.997724 ] ], [ [ -86.4272286, 36.997724 ], [ -86.427347, 36.997704 ] ] ] } },
{ "type": "Feature", "properties": { "name": "West Main Avenue", "highway": "residential", "length": 98.0, "risk_tier": "critical", "zone_type": "riverine" }, "geometry": { "type": "LineString", "coordinates": [ [ -86.458772, 37.010589 ], [ -86.4592853, 37.0113727 ] ] } },
{ "type": "Feature", "properties": { "name": "Sailor Avenue", "highway": "residential", "length": 114.0, "risk_tier": "critical", "zone_type": "riverine" }, "geometry": { "type": "MultiLineString", "coordinates": [ [ [ -86.392290200000019, 37.0063626 ], [ -86.3920846, 37.0061703 ] ], [ [ -86.3920846, 37.0061703 ], [ -86.391923700000021, 37.006022 ] ], [ [ -86.391923700000021, 37.006022 ], [ -86.391769, 37.0059281 ] ], [ [ -86.391769, 37.0059281 ], [ -86.3915277, 37.0058194 ] ], [ [ -86.3915277, 37.0058194 ], [ -86.391298800000015, 37.0057354 ] ] ] } },
{ "type": "Feature", "properties": { "name": "Pirates Cove Court", "highway": "residential", "length": 64.0, "risk_tier": "critical", "zone_type": "riverine" }, "geometry": { "type": "MultiLineString", "coordinates": [ [ [ -86.3928903, 37.0060484 ], [ -86.3925411, 37.006218699999977 ] ], [ [ -86.3925411, 37.006218699999977 ], [ -86.392290200000019, 37.0063626 ] ] ] } },
{ "type": "Feature", "properties": { "name": null, "highway": "motorway", "length": 193.0, "risk_tier": "critical", "zone_type": "riverine" }, "geometry": { "type": "MultiLineString", "coordinates": [ [ [ -86.3849163, 36.9893082 ], [ -86.385434, 36.988362 ] ], [ [ -86.385434, 36.988362 ], [ -86.3857794, 36.9877106 ] ] ] } },
{ "type": "Feature", "properties": { "name": null, "highway": "motorway", "length": 1129.0, "risk_tier": "critical", "zone_type": "riverine" }, "geometry": { "type": "MultiLineString", "coordinates": [ [ [ -86.3846711, 36.9893571 ], [ -86.384214, 36.9900784 ] ], [ [ -86.384214, 36.9900784 ], [ -86.383657, 36.99103 ] ], [ [ -86.383657, 36.99103 ], [ -86.383082, 36.991951 ] ], [ [ -86.383082, 36.991951 ], [ -86.382446, 36.99281 ] ], [ [ -86.382446, 36.99281 ], [ -86.381743, 36.993644 ] ], [ [ -86.381743, 36.993644 ], [ -86.38094, 36.994478 ] ], [ [ -86.38094, 36.994478 ], [ -86.379191, 36.996211 ] ], [ [ -86.379191, 36.996211 ], [ -86.3776378, 36.9977562 ] ] ] } },
{ "type": "Feature", "properties": { "name": "Pirates Cove Lane", "highway": "residential", "length": 557.0, "risk_tier": "critical", "zone_type": "riverine" }, "geometry": { "type": "MultiLineString", "coordinates": [ [ [ -86.392290200000019, 37.0063626 ], [ -86.3921912, 37.00641940000002 ] ], [ [ -86.3921912, 37.00641940000002 ], [ -86.3917459, 37.0066988 ] ], [ [ -86.3917459, 37.0066988 ], [ -86.3914755, 37.0068715 ] ], [ [ -86.3914755, 37.0068715 ], [ -86.3913355, 37.006935 ] ], [ [ -86.3913355, 37.006935 ], [ -86.3911813, 37.0069833 ] ], [ [ -86.3911813, 37.0069833 ], [ -86.3910779, 37.0070062 ] ], [ [ -86.3910779, 37.0070062 ], [ -86.3909602, 37.0070112 ] ], [ [ -86.3909602, 37.0070112 ], [ -86.390868, 37.00701380000001 ] ], [ [ -86.390868, 37.00701380000001 ], [ -86.3907598, 37.0070036 ] ], [ [ -86.3907598, 37.0070036 ], [ -86.3906644, 37.0069858 ] ], [ [ -86.3906644, 37.0069858 ], [ -86.3905499, 37.006957899999989 ] ], [ [ -86.3905499, 37.006957899999989 ], [ -86.3904544, 37.006922299999978 ] ], [ [ -86.3904544, 37.006922299999978 ], [ -86.390359, 37.0068766 ] ], [ [ -86.390359, 37.0068766 ], [ -86.3902604, 37.006808 ] ], [ [ -86.3902604, 37.006808 ], [ -86.3901745, 37.006731799999983 ] ], [ [ -86.3901745, 37.006731799999983 ], [ -86.3900886, 37.0066302 ] ], [ [ -86.3900886, 37.0066302 ], [ -86.3900187, 37.00652860000001 ] ], [ [ -86.3900187, 37.00652860000001 ], [ -86.3899232, 37.0063508 ] ], [ [ -86.3899232, 37.0063508 ], [ -86.3898215, 37.00620090000001 ] ], [ [ -86.3898215, 37.00620090000001 ], [ -86.3896465, 37.005883399999988 ] ], [ [ -86.3896465, 37.005883399999988 ], [ -86.3895924, 37.0057488 ] ], [ [ -86.3895924, 37.0057488 ], [ -86.3895733, 37.0056065 ] ], [ [ -86.3895733, 37.0056065 ], [ -86.389602, 37.005436299999985 ] ], [ [ -86.389602, 37.005436299999985 ], [ -86.3896592, 37.0051823 ] ], [ [ -86.3896592, 37.0051823 ], [ -86.3897222, 37.0049196 ] ], [ [ -86.3897222, 37.0049196 ], [ -86.3898932, 37.0042063 ] ], [ [ -86.3898932, 37.0042063 ], [ -86.3899796, 37.0038461 ] ] ] } },
{ "type": "Feature", "properties": { "name": null, "highway": "tertiary", "length": 147.0, "risk_tier": "critical", "zone_type": "riverine" }, "geometry": { "type": "MultiLineString", "coordinates": [ [ [ -86.4293014, 37.0001241 ], [ -86.429164, 37.000215 ] ], [ [ -86.429164, 37.000215 ], [ -86.428017, 37.000953 ] ] ] } },
{ "type": "Feature", "properties": { "name": null, "highway": "motorway", "length": 6504.0, "risk_tier": "critical", "zone_type": "riverine" }, "geometry": { "type": "MultiLineString", "coordinates": [ [ [ -86.3857794, 36.9877106 ], [ -86.386551, 36.986282 ] ], [ [ -86.386551, 36.986282 ], [ -86.387675, 36.984186 ] ], [ [ -86.387675, 36.984186 ], [ -86.388247, 36.983113 ] ], [ [ -86.388247, 36.983113 ], [ -86.388782, 36.982091 ] ], [ [ -86.388782, 36.982091 ], [ -86.3893211, 36.9810872 ] ], [ [ -86.3893211, 36.9810872 ], [ -86.390372, 36.979134 ] ], [ [ -86.390372, 36.979134 ], [ -86.392033, 36.975992 ] ], [ [ -86.392033, 36.975992 ], [ -86.393225, 36.973764 ] ], [ [ -86.393225, 36.973764 ], [ -86.393816, 36.972659 ] ], [ [ -86.393816, 36.972659 ], [ -86.394389, 36.971573 ] ], [ [ -86.394389, 36.971573 ], [ -86.395581, 36.969349 ] ], [ [ -86.395581, 36.969349 ], [ -86.396822, 36.967022 ] ], [ [ -86.396822, 36.967022 ], [ -86.397465, 36.965865 ] ], [ [ -86.397465, 36.965865 ], [ -86.39816, 36.964757 ] ], [ [ -86.39816, 36.964757 ], [ -86.3984413, 36.964344 ] ], [ [ -86.3984413, 36.964344 ], [ -86.398895, 36.963678 ] ], [ [ -86.398895, 36.963678 ], [ -86.400479, 36.961426 ] ], [ [ -86.400479, 36.961426 ], [ -86.401297, 36.960408 ] ], [ [ -86.401297, 36.960408 ], [ -86.403722, 36.957123 ] ], [ [ -86.403722, 36.957123 ], [ -86.405248, 36.955046 ] ], [ [ -86.405248, 36.955046 ], [ -86.4065981, 36.9532155 ] ], [ [ -86.4065981, 36.9532155 ], [ -86.407496, 36.952003 ] ], [ [ -86.407496, 36.952003 ], [ -86.409697, 36.949002 ] ], [ [ -86.409697, 36.949002 ], [ -86.410404, 36.947977 ] ], [ [ -86.410404, 36.947977 ], [ -86.411053, 36.946935 ] ], [ [ -86.411053, 36.946935 ], [ -86.411676, 36.945879 ] ], [ [ -86.411676, 36.945879 ], [ -86.413252, 36.943189 ] ], [ [ -86.413252, 36.943189 ], [ -86.415774, 36.93888 ] ], [ [ -86.415774, 36.93888 ], [ -86.417392, 36.936127 ] ], [ [ -86.417392, 36.936127 ], [ -86.4179046, 36.935248199999975 ] ] ] } },
{ "type": "Feature", "properties": { "name": null, "highway": "motorway", "length": 193.0, "risk_tier": "critical", "zone_type": "riverine" }, "geometry": { "type": "MultiLineString", "coordinates": [ [ [ -86.3855378, 36.9877677 ], [ -86.3852257, 36.988386499999976 ] ], [ [ -86.3852257, 36.988386499999976 ], [ -86.385064, 36.9886581 ] ], [ [ -86.385064, 36.9886581 ], [ -86.3848717, 36.9890254 ] ], [ [ -86.3848717, 36.9890254 ], [ -86.3846711, 36.9893571 ] ] ] } },
{ "type": "Feature", "properties": { "name": "Kendale Court", "highway": "residential", "length": 43.0, "risk_tier": "critical", "zone_type": "riverine" }, "geometry": { "type": "LineString", "coordinates": [ [ -86.409222, 36.943115 ], [ -86.4087424, 36.9430614 ] ] } },
{ "type": "Feature", "properties": { "name": "Sheffield Way", "highway": "residential", "length": 101.0, "risk_tier": "critical", "zone_type": "riverine" }, "geometry": { "type": "MultiLineString", "coordinates": [ [ [ -86.414559, 36.996012 ], [ -86.41452, 36.996007 ] ], [ [ -86.41452, 36.996007 ], [ -86.414489, 36.996 ] ], [ [ -86.414489, 36.996 ], [ -86.414462, 36.995992 ] ], [ [ -86.414462, 36.995992 ], [ -86.414436, 36.995982 ] ], [ [ -86.414436, 36.995982 ], [ -86.414406, 36.995969 ] ], [ [ -86.414406, 36.995969 ], [ -86.414372, 36.995957 ] ], [ [ -86.414372, 36.995957 ], [ -86.414345, 36.99595 ] ], [ [ -86.414345, 36.99595 ], [ -86.414279, 36.995939 ] ], [ [ -86.414279, 36.995939 ], [ -86.41421, 36.995934 ] ], [ [ -86.41421, 36.995934 ], [ -86.413787, 36.995927 ] ], [ [ -86.413787, 36.995927 ], [ -86.413722, 36.995927 ] ], [ [ -86.413722, 36.995927 ], [ -86.413659, 36.995934 ] ], [ [ -86.413659, 36.995934 ], [ -86.413632, 36.995942 ] ], [ [ -86.413632, 36.995942 ], [ -86.413607, 36.995954 ] ], [ [ -86.413607, 36.995954 ], [ -86.413585, 36.995969 ] ], [ [ -86.413585, 36.995969 ], [ -86.413567, 36.995986 ] ], [ [ -86.413567, 36.995986 ], [ -86.413552, 36.996006 ] ], [ [ -86.413552, 36.996006 ], [ -86.413544, 36.996027 ] ], [ [ -86.413544, 36.996027 ], [ -86.413538, 36.996049 ] ], [ [ -86.413538, 36.996049 ], [ -86.413536, 36.996064 ] ] ] } },
{ "type": "Feature", "properties": { "name": "Cherry Blossom Road", "highway": "residential", "length": 451.0, "risk_tier": "critical", "zone_type": "riverine" }, "geometry": { "type": "MultiLineString", "coordinates": [ [ [ -86.384756200000012, 36.9907639 ], [ -86.3849924, 36.9908267 ] ], [ [ -86.3849924, 36.9908267 ], [ -86.3852348, 36.9908502 ] ], [ [ -86.3852348, 36.9908502 ], [ -86.3855398, 36.9908379 ] ], [ [ -86.3855398, 36.9908379 ], [ -86.3879432, 36.9906258 ] ], [ [ -86.3879432, 36.9906258 ], [ -86.388776, 36.9905618 ] ], [ [ -86.388776, 36.9905618 ], [ -86.3898006, 36.990483199999979 ] ] ] } },
{ "type": "Feature", "properties": { "name": "Veterans Memorial Lane", "highway": "primary", "length": 1555.0, "risk_tier": "critical", "zone_type": "riverine" }, "geometry": { "type": "MultiLineString", "coordinates": [ [ [ -86.480697, 36.968555 ], [ -86.481411, 36.969212 ] ], [ [ -86.481411, 36.969212 ], [ -86.481922, 36.96974 ] ], [ [ -86.481922, 36.96974 ], [ -86.4820207, 36.9698572 ] ], [ [ -86.4820207, 36.9698572 ], [ -86.482329, 36.970223 ] ], [ [ -86.482329, 36.970223 ], [ -86.4826745, 36.970698200000022 ] ], [ [ -86.4826745, 36.970698200000022 ], [ -86.483139, 36.971352 ] ], [ [ -86.483139, 36.971352 ], [ -86.4837822, 36.972256100000017 ] ], [ [ -86.4837822, 36.972256100000017 ], [ -86.4842336, 36.9728783 ] ], [ [ -86.4842336, 36.9728783 ], [ -86.4848068, 36.9736726 ] ], [ [ -86.4848068, 36.9736726 ], [ -86.4853111, 36.9743411 ] ], [ [ -86.4853111, 36.9743411 ], [ -86.4855874, 36.9747847 ] ], [ [ -86.4855874, 36.9747847 ], [ -86.485812700000011, 36.9751832 ] ], [ [ -86.485812700000011, 36.9751832 ], [ -86.4860004, 36.9755861 ] ], [ [ -86.4860004, 36.9755861 ], [ -86.4862123, 36.9760746 ] ], [ [ -86.4862123, 36.9760746 ], [ -86.4863572, 36.9765289 ] ], [ [ -86.4863572, 36.9765289 ], [ -86.4864886, 36.977109600000013 ] ], [ [ -86.4864886, 36.977109600000013 ], [ -86.4865574, 36.977665899999984 ] ], [ [ -86.4865574, 36.977665899999984 ], [ -86.4865787, 36.9779727 ] ], [ [ -86.4865787, 36.9779727 ], [ -86.4865329, 36.9800904 ] ], [ [ -86.4865329, 36.9800904 ], [ -86.4864879, 36.9812724 ] ] ] } },
{ "type": "Feature", "properties": { "name": "Barren River Road", "highway": "tertiary", "length": 15175.0, "risk_tier": "critical", "zone_type": "riverine" }, "geometry": { "type": "MultiLineString", "coordinates": [ [ [ -86.474226, 37.007355 ], [ -86.4742111, 37.007485699999975 ] ], [ [ -86.4742111, 37.007485699999975 ], [ -86.474152, 37.008014 ] ], [ [ -86.474152, 37.008014 ], [ -86.47407, 37.008661 ] ], [ [ -86.47407, 37.008661 ], [ -86.474008, 37.009295 ] ], [ [ -86.474008, 37.009295 ], [ -86.473997, 37.009468 ] ], [ [ -86.473997, 37.009468 ], [ -86.473992, 37.009648 ] ], [ [ -86.473992, 37.009648 ], [ -86.473993, 37.00974 ] ], [ [ -86.473993, 37.00974 ], [ -86.474002, 37.009927 ] ], [ [ -86.474002, 37.009927 ], [ -86.474022, 37.01012 ] ], [ [ -86.474022, 37.01012 ], [ -86.474037, 37.010216 ] ], [ [ -86.474037, 37.010216 ], [ -86.474077, 37.010413 ] ], [ [ -86.474077, 37.010413 ], [ -86.474132, 37.010612 ] ], [ [ -86.474132, 37.010612 ], [ -86.474227, 37.01088 ] ], [ [ -86.474227, 37.01088 ], [ -86.474316, 37.011082 ] ], [ [ -86.474316, 37.011082 ], [ -86.474383, 37.011215 ] ], [ [ -86.474383, 37.011215 ], [ -86.474497, 37.011415 ] ], [ [ -86.474497, 37.011415 ], [ -86.474624, 37.011612 ] ], [ [ -86.474624, 37.011612 ], [ -86.474765, 37.011805 ] ], [ [ -86.474765, 37.011805 ], [ -86.474925, 37.011991 ] ], [ [ -86.474925, 37.011991 ], [ -86.475039, 37.012113 ] ], [ [ -86.475039, 37.012113 ], [ -86.475157, 37.012231 ] ], [ [ -86.475157, 37.012231 ], [ -86.47528, 37.012348 ] ], [ [ -86.47528, 37.012348 ], [ -86.47547, 37.012521 ] ], [ [ -86.47547, 37.012521 ], [ -86.4760575, 37.0130452 ] ], [ [ -86.4760575, 37.0130452 ], [ -86.476764, 37.0136758 ] ], [ [ -86.476764, 37.0136758 ], [ -86.4772014, 37.014074 ] ], [ [ -86.4772014, 37.014074 ], [ -86.4774079, 37.0142743 ] ], [ [ -86.4774079, 37.0142743 ], [ -86.477504, 37.014374 ] ], [ [ -86.477504, 37.014374 ], [ -86.477574, 37.014452 ] ], [ [ -86.477574, 37.014452 ], [ -86.477657, 37.014548 ] ], [ [ -86.477657, 37.014548 ], [ -86.477726, 37.014637 ] ], [ [ -86.477726, 37.014637 ], [ -86.477793, 37.014728 ] ], [ [ -86.477793, 37.014728 ], [ -86.477914, 37.014913 ] ], [ [ -86.477914, 37.014913 ], [ -86.478021, 37.015103 ] ], [ [ -86.478021, 37.015103 ], [ -86.478113, 37.015296 ] ], [ [ -86.478113, 37.015296 ], [ -86.478195, 37.015492 ] ], [ [ -86.478195, 37.015492 ], [ -86.478272, 37.01569 ] ], [ [ -86.478272, 37.01569 ], [ -86.47842, 37.016089 ] ], [ [ -86.47842, 37.016089 ], [ -86.478493300000011, 37.016263199999969 ] ], [ [ -86.478493300000011, 37.016263199999969 ], [ -86.478545, 37.016386 ] ], [ [ -86.478545, 37.016386 ], [ -86.478614300000018, 37.0165347 ] ], [ [ -86.478614300000018, 37.0165347 ], [ -86.4786679, 37.0166425 ] ], [ [ -86.4786679, 37.0166425 ], [ -86.4787536, 37.0167959 ] ], [ [ -86.4787536, 37.0167959 ], [ -86.478795, 37.016868 ] ], [ [ -86.478795, 37.016868 ], [ -86.478918, 37.017052 ] ], [ [ -86.478918, 37.017052 ], [ -86.479049, 37.01723 ] ], [ [ -86.479049, 37.01723 ], [ -86.4794417, 37.0177186 ] ], [ [ -86.4794417, 37.0177186 ], [ -86.480699, 37.019279 ] ], [ [ -86.480699, 37.019279 ], [ -86.481488, 37.020266 ] ], [ [ -86.481488, 37.020266 ], [ -86.481696, 37.020517 ] ], [ [ -86.481696, 37.020517 ], [ -86.4818205, 37.0206971 ] ], [ [ -86.4818205, 37.0206971 ], [ -86.481999, 37.020838 ] ], [ [ -86.481999, 37.020838 ], [ -86.482167, 37.020989 ] ], [ [ -86.482167, 37.020989 ], [ -86.482254, 37.021063 ] ], [ [ -86.482254, 37.021063 ], [ -86.482607, 37.021354 ] ], [ [ -86.482607, 37.021354 ], [ -86.483051, 37.021717 ] ], [ [ -86.483051, 37.021717 ], [ -86.483412, 37.022001 ] ], [ [ -86.483412, 37.022001 ], [ -86.4834928, 37.0220788 ] ], [ [ -86.4834928, 37.0220788 ], [ -86.483602, 37.022134 ] ], [ [ -86.483602, 37.022134 ], [ -86.483803, 37.022258 ] ], [ [ -86.483803, 37.022258 ], [ -86.483908, 37.022314 ] ], [ [ -86.483908, 37.022314 ], [ -86.484014, 37.022369 ] ], [ [ -86.484014, 37.022369 ], [ -86.484236, 37.02247 ] ], [ [ -86.484236, 37.02247 ], [ -86.484469, 37.022562 ] ], [ [ -86.484469, 37.022562 ], [ -86.485133, 37.022799 ] ], [ [ -86.485133, 37.022799 ], [ -86.486046, 37.023118 ] ], [ [ -86.486046, 37.023118 ], [ -86.486402, 37.02325 ] ], [ [ -86.486402, 37.02325 ], [ -86.48663, 37.023349 ] ], [ [ -86.48663, 37.023349 ], [ -86.486671, 37.0233806 ] ], [ [ -86.486671, 37.0233806 ], [ -86.486739, 37.023404 ] ], [ [ -86.486739, 37.023404 ], [ -86.486848, 37.023461 ] ], [ [ -86.486848, 37.023461 ], [ -86.4870469, 37.0235794 ] ], [ [ -86.4870469, 37.0235794 ], [ -86.487159, 37.023654 ] ], [ [ -86.487159, 37.023654 ], [ -86.487257, 37.023724 ] ], [ [ -86.487257, 37.023724 ], [ -86.487445, 37.023873 ] ], [ [ -86.487445, 37.023873 ], [ -86.487623, 37.024034 ] ], [ [ -86.487623, 37.024034 ], [ -86.487792, 37.024201 ] ], [ [ -86.487792, 37.024201 ], [ -86.4880937, 37.0245108 ] ], [ [ -86.4880937, 37.0245108 ], [ -86.4883589, 37.0247803 ] ], [ [ -86.4883589, 37.0247803 ], [ -86.489664, 37.026116 ] ], [ [ -86.489664, 37.026116 ], [ -86.4901197, 37.0265919 ] ], [ [ -86.4901197, 37.0265919 ], [ -86.490249, 37.026731 ] ], [ [ -86.490249, 37.026731 ], [ -86.490416, 37.026917 ] ], [ [ -86.490416, 37.026917 ], [ -86.490578, 37.027105 ] ], [ [ -86.490578, 37.027105 ], [ -86.490787, 37.02736 ] ], [ [ -86.490787, 37.02736 ], [ -86.49089, 37.027488 ] ], [ [ -86.49089, 37.027488 ], [ -86.4911798, 37.0278722 ] ], [ [ -86.4911798, 37.0278722 ], [ -86.4912733, 37.0280034 ] ], [ [ -86.4912733, 37.0280034 ], [ -86.4914453, 37.0282436 ] ], [ [ -86.4914453, 37.0282436 ], [ -86.491631600000019, 37.0285045 ] ], [ [ -86.491631600000019, 37.0285045 ], [ -86.4918452, 37.0288094 ] ], [ [ -86.4918452, 37.0288094 ], [ -86.4923197, 37.029487299999985 ] ], [ [ -86.4923197, 37.029487299999985 ], [ -86.492654, 37.029961 ] ], [ [ -86.492654, 37.029961 ], [ -86.492822, 37.0302 ] ], [ [ -86.492822, 37.0302 ], [ -86.4928814, 37.030285699999986 ] ], [ [ -86.4928814, 37.030285699999986 ], [ -86.493023, 37.030484 ] ], [ [ -86.493023, 37.030484 ], [ -86.49312, 37.030607 ] ], [ [ -86.49312, 37.030607 ], [ -86.493169, 37.030667 ] ], [ [ -86.493169, 37.030667 ], [ -86.493274, 37.030784 ] ], [ [ -86.493274, 37.030784 ], [ -86.493331, 37.030841 ] ], [ [ -86.493331, 37.030841 ], [ -86.493447, 37.03095 ] ], [ [ -86.493447, 37.03095 ], [ -86.493633, 37.031106 ] ], [ [ -86.493633, 37.031106 ], [ -86.493834, 37.03125 ] ], [ [ -86.493834, 37.03125 ], [ -86.493904, 37.031295 ] ], [ [ -86.493904, 37.031295 ], [ -86.494048, 37.031382 ] ], [ [ -86.494048, 37.031382 ], [ -86.494276, 37.0315 ] ], [ [ -86.494276, 37.0315 ], [ -86.494516, 37.031604 ] ], [ [ -86.494516, 37.031604 ], [ -86.494684, 37.031666 ] ], [ [ -86.494684, 37.031666 ], [ -86.494941, 37.031748 ] ], [ [ -86.494941, 37.031748 ], [ -86.495399, 37.031877 ] ], [ [ -86.495399, 37.031877 ], [ -86.495559, 37.031923 ] ], [ [ -86.495559, 37.031923 ], [ -86.4957653, 37.0319873 ] ], [ [ -86.4957653, 37.0319873 ], [ -86.496, 37.03207 ] ], [ [ -86.496, 37.03207 ], [ -86.496087, 37.032104 ] ], [ [ -86.496087, 37.032104 ], [ -86.496256, 37.032178 ] ], [ [ -86.496256, 37.032178 ], [ -86.496338, 37.032217 ] ], [ [ -86.496338, 37.032217 ], [ -86.496585, 37.032341 ] ], [ [ -86.496585, 37.032341 ], [ -86.498711, 37.033471 ] ], [ [ -86.498711, 37.033471 ], [ -86.498952, 37.033603 ] ], [ [ -86.498952, 37.033603 ], [ -86.499185, 37.03374 ] ], [ [ -86.499185, 37.03374 ], [ -86.499335, 37.033837 ] ], [ [ -86.499335, 37.033837 ], [ -86.49948, 37.033939 ] ], [ [ -86.49948, 37.033939 ], [ -86.499678, 37.034103 ] ], [ [ -86.499678, 37.034103 ], [ -86.499861, 37.034279 ] ], [ [ -86.499861, 37.034279 ], [ -86.499917, 37.03434 ] ], [ [ -86.499917, 37.03434 ], [ -86.500024, 37.034464 ] ], [ [ -86.500024, 37.034464 ], [ -86.500145, 37.034626 ] ], [ [ -86.500145, 37.034626 ], [ -86.50021, 37.034725 ] ], [ [ -86.50021, 37.034725 ], [ -86.500292, 37.03486 ] ], [ [ -86.500292, 37.03486 ], [ -86.500396, 37.035067 ] ], [ [ -86.500396, 37.035067 ], [ -86.500452, 37.035207 ] ], [ [ -86.500452, 37.035207 ], [ -86.500501, 37.03535 ] ], [ [ -86.500501, 37.03535 ], [ -86.500548, 37.035521 ] ], [ [ -86.500548, 37.035521 ], [ -86.500571, 37.035639 ] ], [ [ -86.500571, 37.035639 ], [ -86.500588900000011, 37.035791299999985 ] ], [ [ -86.500588900000011, 37.035791299999985 ], [ -86.500603, 37.035932 ] ], [ [ -86.500603, 37.035932 ], [ -86.500645, 37.036583 ] ], [ [ -86.500645, 37.036583 ], [ -86.500714, 37.037222 ] ], [ [ -86.500714, 37.037222 ], [ -86.500774, 37.037419 ] ], [ [ -86.500774, 37.037419 ], [ -86.50085, 37.037605 ] ], [ [ -86.50085, 37.037605 ], [ -86.500934, 37.037785 ] ], [ [ -86.500934, 37.037785 ], [ -86.501098, 37.038082 ] ], [ [ -86.501098, 37.038082 ], [ -86.5013559, 37.0385315 ] ], [ [ -86.5013559, 37.0385315 ], [ -86.50178, 37.039293 ] ], [ [ -86.50178, 37.039293 ], [ -86.501828, 37.039381 ] ], [ [ -86.501828, 37.039381 ], [ -86.501916, 37.039556 ] ], [ [ -86.501916, 37.039556 ], [ -86.501954, 37.039644 ] ], [ [ -86.501954, 37.039644 ], [ -86.501988, 37.039734 ] ], [ [ -86.501988, 37.039734 ], [ -86.502016, 37.039824 ] ], [ [ -86.502016, 37.039824 ], [ -86.502041, 37.039915 ] ], [ [ -86.502041, 37.039915 ], [ -86.502067, 37.040049 ] ], [ [ -86.502067, 37.040049 ], [ -86.502212, 37.040985 ] ], [ [ -86.502212, 37.040985 ], [ -86.502242, 37.041141 ] ], [ [ -86.502242, 37.041141 ], [ -86.502286, 37.041297 ] ], [ [ -86.502286, 37.041297 ], [ -86.502314, 37.041372 ] ], [ [ -86.502314, 37.041372 ], [ -86.502385, 37.041518 ] ], [ [ -86.502385, 37.041518 ], [ -86.502424, 37.041589 ] ], [ [ -86.502424, 37.041589 ], [ -86.502469, 37.041658 ] ], [ [ -86.502469, 37.041658 ], [ -86.502519, 37.041724 ] ], [ [ -86.502519, 37.041724 ], [ -86.502569, 37.041787 ] ], [ [ -86.502569, 37.041787 ], [ -86.502623, 37.041848 ] ], [ [ -86.502623, 37.041848 ], [ -86.502735, 37.041958 ] ], [ [ -86.502735, 37.041958 ], [ -86.50286, 37.042063 ] ], [ [ -86.50286, 37.042063 ], [ -86.502991, 37.042166 ] ], [ [ -86.502991, 37.042166 ], [ -86.503272, 37.042365 ] ], [ [ -86.503272, 37.042365 ], [ -86.503406, 37.042465 ] ], [ [ -86.503406, 37.042465 ], [ -86.503543, 37.042572 ] ], [ [ -86.503543, 37.042572 ], [ -86.503606, 37.042625 ] ], [ [ -86.503606, 37.042625 ], [ -86.503662, 37.042686 ] ], [ [ -86.503662, 37.042686 ], [ -86.503712, 37.042752 ] ], [ [ -86.503712, 37.042752 ], [ -86.503854, 37.042953 ] ], [ [ -86.503854, 37.042953 ], [ -86.503889, 37.043022 ] ], [ [ -86.503889, 37.043022 ], [ -86.50392, 37.043093 ] ], [ [ -86.50392, 37.043093 ], [ -86.503972, 37.043238 ] ], [ [ -86.503972, 37.043238 ], [ -86.504007, 37.043386 ] ], [ [ -86.504007, 37.043386 ], [ -86.504034, 37.043679 ] ], [ [ -86.504034, 37.043679 ], [ -86.504054, 37.043965 ] ], [ [ -86.504054, 37.043965 ], [ -86.50407, 37.044108 ] ], [ [ -86.50407, 37.044108 ], [ -86.504095, 37.044203 ] ], [ [ -86.504095, 37.044203 ], [ -86.504156, 37.044389 ] ], [ [ -86.504156, 37.044389 ], [ -86.504187, 37.044456 ] ], [ [ -86.504187, 37.044456 ], [ -86.504227, 37.044523 ] ], [ [ -86.504227, 37.044523 ], [ -86.504271, 37.044585 ] ], [ [ -86.504271, 37.044585 ], [ -86.504319, 37.044645 ] ], [ [ -86.504319, 37.044645 ], [ -86.504432, 37.044763 ] ], [ [ -86.504432, 37.044763 ], [ -86.504559, 37.044864 ] ], [ [ -86.504559, 37.044864 ], [ -86.504707, 37.044959 ] ], [ [ -86.504707, 37.044959 ], [ -86.504861, 37.045045 ] ], [ [ -86.504861, 37.045045 ], [ -86.50494, 37.045085 ] ], [ [ -86.50494, 37.045085 ], [ -86.505188, 37.045197 ] ], [ [ -86.505188, 37.045197 ], [ -86.505533, 37.04533 ] ], [ [ -86.505533, 37.04533 ], [ -86.505757, 37.045422 ] ], [ [ -86.505757, 37.045422 ], [ -86.506048, 37.045534 ] ], [ [ -86.506048, 37.045534 ], [ -86.507023, 37.045926 ] ], [ [ -86.507023, 37.045926 ], [ -86.508162, 37.046372 ] ], [ [ -86.508162, 37.046372 ], [ -86.50845, 37.0464804 ] ], [ [ -86.50845, 37.0464804 ], [ -86.5087038, 37.0465756 ] ], [ [ -86.5087038, 37.0465756 ], [ -86.508979, 37.046675 ] ], [ [ -86.508979, 37.046675 ], [ -86.50921, 37.046751 ] ], [ [ -86.50921, 37.046751 ], [ -86.509448, 37.046824 ] ], [ [ -86.509448, 37.046824 ], [ -86.509698, 37.046896 ] ], [ [ -86.509698, 37.046896 ], [ -86.509874, 37.046943 ] ], [ [ -86.509874, 37.046943 ], [ -86.510143, 37.04701 ] ], [ [ -86.510143, 37.04701 ], [ -86.510526, 37.047095 ] ], [ [ -86.510526, 37.047095 ], [ -86.5109795, 37.0471877 ] ], [ [ -86.5109795, 37.0471877 ], [ -86.5114794, 37.0472856 ] ], [ [ -86.5114794, 37.0472856 ], [ -86.5123546, 37.047457 ] ], [ [ -86.5123546, 37.047457 ], [ -86.5133925, 37.0476651 ] ], [ [ -86.5133925, 37.0476651 ], [ -86.51386, 37.0477567 ] ], [ [ -86.51386, 37.0477567 ], [ -86.514141100000018, 37.047810699999978 ] ], [ [ -86.514141100000018, 37.047810699999978 ], [ -86.514326, 37.047847 ] ], [ [ -86.514326, 37.047847 ], [ -86.514951, 37.047973 ] ], [ [ -86.514951, 37.047973 ], [ -86.515155, 37.048016 ] ], [ [ -86.515155, 37.048016 ], [ -86.515361, 37.048064 ] ], [ [ -86.515361, 37.048064 ], [ -86.515563, 37.048123 ] ], [ [ -86.515563, 37.048123 ], [ -86.515765, 37.048195 ] ], [ [ -86.515765, 37.048195 ], [ -86.515959, 37.048281 ] ], [ [ -86.515959, 37.048281 ], [ -86.516141, 37.048379 ] ], [ [ -86.516141, 37.048379 ], [ -86.516226, 37.048433 ] ], [ [ -86.516226, 37.048433 ], [ -86.516311, 37.048489 ] ], [ [ -86.516311, 37.048489 ], [ -86.516469, 37.048607 ] ], [ [ -86.516469, 37.048607 ], [ -86.516542, 37.048668 ] ], [ [ -86.516542, 37.048668 ], [ -86.516678, 37.048795 ] ], [ [ -86.516678, 37.048795 ], [ -86.516801, 37.048927 ] ], [ [ -86.516801, 37.048927 ], [ -86.516896, 37.049046 ] ], [ [ -86.516896, 37.049046 ], [ -86.516965, 37.049135 ] ], [ [ -86.516965, 37.049135 ], [ -86.517064, 37.049282 ] ], [ [ -86.517064, 37.049282 ], [ -86.517156, 37.049434 ] ], [ [ -86.517156, 37.049434 ], [ -86.517388, 37.0498447 ] ], [ [ -86.517388, 37.0498447 ], [ -86.517742, 37.05049 ] ], [ [ -86.517742, 37.05049 ], [ -86.517876, 37.050744 ] ], [ [ -86.517876, 37.050744 ], [ -86.5180221, 37.0510452 ] ], [ [ -86.5180221, 37.0510452 ], [ -86.518203, 37.051434 ] ], [ [ -86.518203, 37.051434 ], [ -86.518436, 37.051958 ] ], [ [ -86.518436, 37.051958 ], [ -86.518507, 37.052136 ] ], [ [ -86.518507, 37.052136 ], [ -86.51857, 37.052318 ] ], [ [ -86.51857, 37.052318 ], [ -86.518625, 37.052503 ] ], [ [ -86.518625, 37.052503 ], [ -86.518672, 37.052691 ] ], [ [ -86.518672, 37.052691 ], [ -86.51871, 37.05288 ] ], [ [ -86.51871, 37.05288 ], [ -86.518742, 37.053069 ] ], [ [ -86.518742, 37.053069 ], [ -86.5187682, 37.0533119 ] ], [ [ -86.5187682, 37.0533119 ], [ -86.5187942, 37.053524 ] ], [ [ -86.5187942, 37.053524 ], [ -86.518833, 37.053797 ] ], [ [ -86.518833, 37.053797 ], [ -86.518851, 37.053884 ] ], [ [ -86.518851, 37.053884 ], [ -86.518872, 37.053969 ] ], [ [ -86.518872, 37.053969 ], [ -86.518899, 37.054053 ] ], [ [ -86.518899, 37.054053 ], [ -86.518931, 37.054135 ] ], [ [ -86.518931, 37.054135 ], [ -86.51901, 37.054293 ] ], [ [ -86.51901, 37.054293 ], [ -86.519111, 37.054443 ] ], [ [ -86.519111, 37.054443 ], [ -86.519226, 37.054586 ] ], [ [ -86.519226, 37.054586 ], [ -86.5193267, 37.054696299999989 ] ], [ [ -86.5193267, 37.054696299999989 ], [ -86.519484, 37.05486 ] ], [ [ -86.519484, 37.05486 ], [ -86.519618, 37.054993 ] ], [ [ -86.519618, 37.054993 ], [ -86.519758, 37.055117 ] ], [ [ -86.519758, 37.055117 ], [ -86.519906, 37.055225 ] ], [ [ -86.519906, 37.055225 ], [ -86.519985, 37.055268 ] ], [ [ -86.519985, 37.055268 ], [ -86.520063, 37.055308 ] ], [ [ -86.520063, 37.055308 ], [ -86.520232, 37.055367 ] ], [ [ -86.520232, 37.055367 ], [ -86.52032, 37.055387 ] ], [ [ -86.52032, 37.055387 ], [ -86.520408, 37.055403 ] ], [ [ -86.520408, 37.055403 ], [ -86.520543, 37.05542 ] ], [ [ -86.520543, 37.05542 ], [ -86.52059, 37.055424 ] ], [ [ -86.52059, 37.055424 ], [ -86.520683, 37.055426 ] ], [ [ -86.520683, 37.055426 ], [ -86.520776, 37.055425 ] ], [ [ -86.520776, 37.055425 ], [ -86.520872, 37.055418 ] ], [ [ -86.520872, 37.055418 ], [ -86.520963, 37.055405 ] ], [ [ -86.520963, 37.055405 ], [ -86.521151, 37.055367 ] ], [ [ -86.521151, 37.055367 ], [ -86.521532, 37.055272 ] ], [ [ -86.521532, 37.055272 ], [ -86.521732, 37.055219 ] ], [ [ -86.521732, 37.055219 ], [ -86.522141, 37.05512 ] ], [ [ -86.522141, 37.05512 ], [ -86.522351, 37.05508 ] ], [ [ -86.522351, 37.05508 ], [ -86.522562, 37.055052 ] ], [ [ -86.522562, 37.055052 ], [ -86.522774, 37.055044 ] ], [ [ -86.522774, 37.055044 ], [ -86.522988, 37.055055 ] ], [ [ -86.522988, 37.055055 ], [ -86.523201, 37.055083 ] ], [ [ -86.523201, 37.055083 ], [ -86.523412, 37.05513 ] ], [ [ -86.523412, 37.05513 ], [ -86.524665, 37.055465 ] ], [ [ -86.524665, 37.055465 ], [ -86.525083, 37.055574 ] ], [ [ -86.525083, 37.055574 ], [ -86.525293, 37.055624 ] ], [ [ -86.525293, 37.055624 ], [ -86.525616, 37.055693 ] ], [ [ -86.525616, 37.055693 ], [ -86.525939, 37.055756 ] ], [ [ -86.525939, 37.055756 ], [ -86.526161, 37.055788 ] ], [ [ -86.526161, 37.055788 ], [ -86.526387, 37.055814 ] ], [ [ -86.526387, 37.055814 ], [ -86.526614, 37.055831 ] ], [ [ -86.526614, 37.055831 ], [ -86.527428, 37.055878 ] ], [ [ -86.527428, 37.055878 ], [ -86.527782, 37.055896 ] ], [ [ -86.527782, 37.055896 ], [ -86.5281073, 37.0559152 ] ], [ [ -86.5281073, 37.0559152 ], [ -86.52871, 37.05595 ] ], [ [ -86.52871, 37.05595 ], [ -86.528926, 37.055965 ] ], [ [ -86.528926, 37.055965 ], [ -86.529141, 37.055984 ] ], [ [ -86.529141, 37.055984 ], [ -86.529353, 37.056007 ] ], [ [ -86.529353, 37.056007 ], [ -86.5294904, 37.0560252 ] ], [ [ -86.5294904, 37.0560252 ], [ -86.530646, 37.056184 ] ], [ [ -86.530646, 37.056184 ], [ -86.530857, 37.056216 ] ], [ [ -86.530857, 37.056216 ], [ -86.531062, 37.056253 ] ], [ [ -86.531062, 37.056253 ], [ -86.531265, 37.056298 ] ], [ [ -86.531265, 37.056298 ], [ -86.531458, 37.056358 ] ], [ [ -86.531458, 37.056358 ], [ -86.531638, 37.056435 ] ], [ [ -86.531638, 37.056435 ], [ -86.531803, 37.056525 ] ], [ [ -86.531803, 37.056525 ], [ -86.5319364, 37.0566136 ] ], [ [ -86.5319364, 37.0566136 ], [ -86.531963, 37.056631 ] ], [ [ -86.531963, 37.056631 ], [ -86.532101, 37.056748 ] ], [ [ -86.532101, 37.056748 ], [ -86.532236, 37.05687 ] ], [ [ -86.532236, 37.05687 ], [ -86.532353, 37.057003 ] ], [ [ -86.532353, 37.057003 ], [ -86.532626, 37.057348 ] ], [ [ -86.532626, 37.057348 ], [ -86.532744, 37.057483 ] ], [ [ -86.532744, 37.057483 ], [ -86.532809, 37.057547 ] ], [ [ -86.532809, 37.057547 ], [ -86.532879, 37.05761 ] ], [ [ -86.532879, 37.05761 ], [ -86.532951, 37.057669 ] ], [ [ -86.532951, 37.057669 ], [ -86.533111, 37.057779 ] ], [ [ -86.533111, 37.057779 ], [ -86.533196, 37.057828 ] ], [ [ -86.533196, 37.057828 ], [ -86.533284, 37.057874 ] ], [ [ -86.533284, 37.057874 ], [ -86.53347, 37.057955 ] ], [ [ -86.53347, 37.057955 ], [ -86.533567, 37.05799 ] ], [ [ -86.533567, 37.05799 ], [ -86.533664, 37.058023 ] ], [ [ -86.533664, 37.058023 ], [ -86.533764, 37.058053 ] ], [ [ -86.533764, 37.058053 ], [ -86.534267, 37.058191 ] ], [ [ -86.534267, 37.058191 ], [ -86.53482, 37.058353 ] ], [ [ -86.53482, 37.058353 ], [ -86.534992, 37.058412 ] ], [ [ -86.534992, 37.058412 ], [ -86.535141, 37.058477 ] ], [ [ -86.535141, 37.058477 ], [ -86.535227, 37.058522 ] ], [ [ -86.535227, 37.058522 ], [ -86.535298, 37.058565 ] ], [ [ -86.535298, 37.058565 ], [ -86.535363, 37.058613 ] ], [ [ -86.535363, 37.058613 ], [ -86.535426, 37.058665 ] ], [ [ -86.535426, 37.058665 ], [ -86.535477, 37.058715 ] ], [ [ -86.535477, 37.058715 ], [ -86.535538, 37.058782 ] ], [ [ -86.535538, 37.058782 ], [ -86.535583, 37.058847 ] ], [ [ -86.535583, 37.058847 ], [ -86.535621, 37.058917 ] ], [ [ -86.535621, 37.058917 ], [ -86.53565, 37.058988 ] ], [ [ -86.53565, 37.058988 ], [ -86.535671, 37.059063 ] ], [ [ -86.535671, 37.059063 ], [ -86.535683, 37.05914 ] ], [ [ -86.535683, 37.05914 ], [ -86.535689, 37.059219 ] ], [ [ -86.535689, 37.059219 ], [ -86.535684, 37.059297 ] ], [ [ -86.535684, 37.059297 ], [ -86.535674, 37.059377 ] ], [ [ -86.535674, 37.059377 ], [ -86.535656, 37.059457 ] ], [ [ -86.535656, 37.059457 ], [ -86.535623, 37.059537 ] ], [ [ -86.535623, 37.059537 ], [ -86.535537, 37.05969 ] ], [ [ -86.535537, 37.05969 ], [ -86.535421, 37.059835 ] ], [ [ -86.535421, 37.059835 ], [ -86.535291, 37.059979 ] ], [ [ -86.535291, 37.059979 ], [ -86.534873, 37.060416 ] ], [ [ -86.534873, 37.060416 ], [ -86.534739, 37.06056 ] ], [ [ -86.534739, 37.06056 ], [ -86.5346587, 37.0606522 ] ], [ [ -86.5346587, 37.0606522 ], [ -86.534611, 37.060705 ] ], [ [ -86.534611, 37.060705 ], [ -86.5345372, 37.060796799999977 ] ], [ [ -86.5345372, 37.060796799999977 ], [ -86.534492, 37.060853 ] ], [ [ -86.534492, 37.060853 ], [ -86.534387, 37.061006 ] ], [ [ -86.534387, 37.061006 ], [ -86.5343, 37.061166 ] ], [ [ -86.5343, 37.061166 ], [ -86.534231, 37.061336 ] ], [ [ -86.534231, 37.061336 ], [ -86.534203, 37.061424 ] ], [ [ -86.534203, 37.061424 ], [ -86.534154, 37.061603 ] ], [ [ -86.534154, 37.061603 ], [ -86.534108, 37.061786 ] ], [ [ -86.534108, 37.061786 ], [ -86.534028, 37.062163 ] ], [ [ -86.534028, 37.062163 ], [ -86.53385, 37.062938 ] ], [ [ -86.53385, 37.062938 ], [ -86.533667, 37.063726 ] ], [ [ -86.533667, 37.063726 ], [ -86.533521, 37.064389 ] ], [ [ -86.533521, 37.064389 ], [ -86.533487, 37.064569 ] ], [ [ -86.533487, 37.064569 ], [ -86.533465, 37.064743 ] ], [ [ -86.533465, 37.064743 ], [ -86.533465, 37.064912 ] ], [ [ -86.533465, 37.064912 ], [ -86.533485, 37.065075 ] ], [ [ -86.533485, 37.065075 ], [ -86.533522, 37.065232 ] ], [ [ -86.533522, 37.065232 ], [ -86.533549, 37.06531 ] ], [ [ -86.533549, 37.06531 ], [ -86.533705, 37.065689 ] ], [ [ -86.533705, 37.065689 ], [ -86.53375, 37.065843 ] ], [ [ -86.53375, 37.065843 ], [ -86.533779, 37.066002 ] ], [ [ -86.533779, 37.066002 ], [ -86.533784, 37.066163 ] ], [ [ -86.533784, 37.066163 ], [ -86.53378, 37.066244 ] ], [ [ -86.53378, 37.066244 ], [ -86.533769, 37.066325 ] ], [ [ -86.533769, 37.066325 ], [ -86.533736, 37.066483 ] ], [ [ -86.533736, 37.066483 ], [ -86.533712, 37.066562 ] ], [ [ -86.533712, 37.066562 ], [ -86.533683, 37.066642 ] ], [ [ -86.533683, 37.066642 ], [ -86.533557, 37.066947 ] ], [ [ -86.533557, 37.066947 ], [ -86.5335, 37.0671 ] ], [ [ -86.5335, 37.0671 ], [ -86.533456, 37.067257 ] ], [ [ -86.533456, 37.067257 ], [ -86.533441, 37.067338 ] ], [ [ -86.533441, 37.067338 ], [ -86.53343, 37.067419 ] ], [ [ -86.53343, 37.067419 ], [ -86.533418, 37.067582 ] ], [ [ -86.533418, 37.067582 ], [ -86.5334215, 37.0676881 ] ], [ [ -86.5334215, 37.0676881 ], [ -86.533435, 37.067827 ] ], [ [ -86.533435, 37.067827 ], [ -86.533472, 37.067988 ] ], [ [ -86.533472, 37.067988 ], [ -86.533495, 37.068069 ] ], [ [ -86.533495, 37.068069 ], [ -86.533554, 37.06823 ] ], [ [ -86.533554, 37.06823 ], [ -86.533748, 37.068719 ] ], [ [ -86.533748, 37.068719 ], [ -86.533803, 37.068888 ] ], [ [ -86.533803, 37.068888 ], [ -86.533846, 37.069061 ] ], [ [ -86.533846, 37.069061 ], [ -86.533882, 37.069239 ] ], [ [ -86.533882, 37.069239 ], [ -86.533919, 37.069514 ] ], [ [ -86.533919, 37.069514 ], [ -86.533947, 37.069798 ] ], [ [ -86.533947, 37.069798 ], [ -86.534015, 37.070586 ] ], [ [ -86.534015, 37.070586 ], [ -86.534055, 37.070991 ] ], [ [ -86.534055, 37.070991 ], [ -86.534103, 37.0714 ] ], [ [ -86.534103, 37.0714 ], [ -86.534135, 37.071605 ] ], [ [ -86.534135, 37.071605 ], [ -86.534213, 37.072019 ] ], [ [ -86.534213, 37.072019 ], [ -86.53447, 37.073267 ] ], [ [ -86.53447, 37.073267 ], [ -86.534557, 37.073662 ] ], [ [ -86.534557, 37.073662 ], [ -86.534612, 37.073845 ] ], [ [ -86.534612, 37.073845 ], [ -86.534645, 37.073934 ] ], [ [ -86.534645, 37.073934 ], [ -86.534682, 37.074021 ] ], [ [ -86.534682, 37.074021 ], [ -86.53477, 37.07418 ] ], [ [ -86.53477, 37.07418 ], [ -86.534794, 37.074218 ] ], [ [ -86.534794, 37.074218 ], [ -86.534875, 37.074327 ] ], [ [ -86.534875, 37.074327 ], [ -86.534928, 37.074384 ] ], [ [ -86.534928, 37.074384 ], [ -86.535001, 37.074458 ] ], [ [ -86.535001, 37.074458 ], [ -86.535147, 37.074574 ] ], [ [ -86.535147, 37.074574 ], [ -86.535227, 37.074629 ] ], [ [ -86.535227, 37.074629 ], [ -86.535352, 37.074707 ] ], [ [ -86.535352, 37.074707 ], [ -86.535485, 37.074782 ] ], [ [ -86.535485, 37.074782 ], [ -86.535674, 37.074879 ] ], [ [ -86.535674, 37.074879 ], [ -86.53582, 37.07495 ] ], [ [ -86.53582, 37.07495 ], [ -86.536678, 37.075357 ] ], [ [ -86.536678, 37.075357 ], [ -86.537089, 37.075544 ] ], [ [ -86.537089, 37.075544 ], [ -86.537351, 37.075652 ] ], [ [ -86.537351, 37.075652 ], [ -86.537512, 37.075711 ] ], [ [ -86.537512, 37.075711 ], [ -86.537731, 37.075781 ] ], [ [ -86.537731, 37.075781 ], [ -86.537899, 37.075827 ] ], [ [ -86.537899, 37.075827 ], [ -86.538069, 37.075866 ] ], [ [ -86.538069, 37.075866 ], [ -86.538243, 37.0759 ] ], [ [ -86.538243, 37.0759 ], [ -86.538535, 37.075946 ] ], [ [ -86.538535, 37.075946 ], [ -86.538985, 37.076 ] ], [ [ -86.538985, 37.076 ], [ -86.5391406, 37.0760162 ] ], [ [ -86.5391406, 37.0760162 ], [ -86.539694, 37.076074 ] ], [ [ -86.539694, 37.076074 ], [ -86.540415, 37.076156 ] ], [ [ -86.540415, 37.076156 ], [ -86.540653, 37.07619 ] ], [ [ -86.540653, 37.07619 ], [ -86.540883, 37.076232 ] ], [ [ -86.540883, 37.076232 ], [ -86.541051, 37.076271 ] ], [ [ -86.541051, 37.076271 ], [ -86.541268, 37.076338 ] ], [ [ -86.541268, 37.076338 ], [ -86.541472, 37.076426 ] ], [ [ -86.541472, 37.076426 ], [ -86.5415769, 37.0764856 ] ], [ [ -86.5415769, 37.0764856 ], [ -86.541664, 37.076535 ] ], [ [ -86.541664, 37.076535 ], [ -86.541796, 37.076629 ] ], [ [ -86.541796, 37.076629 ], [ -86.542035, 37.076844 ] ], [ [ -86.542035, 37.076844 ], [ -86.542143, 37.076962 ] ], [ [ -86.542143, 37.076962 ], [ -86.542446, 37.077318 ] ], [ [ -86.542446, 37.077318 ], [ -86.542647, 37.077541 ] ], [ [ -86.542647, 37.077541 ], [ -86.542819, 37.077713 ] ], [ [ -86.542819, 37.077713 ], [ -86.542965, 37.077837 ] ], [ [ -86.542965, 37.077837 ], [ -86.54312, 37.077948 ] ], [ [ -86.54312, 37.077948 ], [ -86.543286, 37.078046 ] ], [ [ -86.543286, 37.078046 ], [ -86.543454, 37.078134 ] ], [ [ -86.543454, 37.078134 ], [ -86.543544, 37.078171 ] ], [ [ -86.543544, 37.078171 ], [ -86.543679, 37.078218 ] ], [ [ -86.543679, 37.078218 ], [ -86.543819, 37.078252 ] ], [ [ -86.543819, 37.078252 ], [ -86.543866, 37.07826 ] ], [ [ -86.543866, 37.07826 ], [ -86.544026, 37.078279 ] ], [ [ -86.544026, 37.078279 ], [ -86.544201, 37.078288 ] ], [ [ -86.544201, 37.078288 ], [ -86.544391, 37.078281 ] ], [ [ -86.544391, 37.078281 ], [ -86.544568, 37.078262 ] ], [ [ -86.544568, 37.078262 ], [ -86.544724, 37.078231 ] ], [ [ -86.544724, 37.078231 ], [ -86.544862, 37.078179 ] ], [ [ -86.544862, 37.078179 ], [ -86.54499, 37.078108 ] ], [ [ -86.54499, 37.078108 ], [ -86.545197, 37.077961 ] ], [ [ -86.545197, 37.077961 ], [ -86.545322, 37.077861 ] ], [ [ -86.545322, 37.077861 ], [ -86.54551, 37.077692 ] ], [ [ -86.54551, 37.077692 ], [ -86.545865, 37.07735 ] ], [ [ -86.545865, 37.07735 ], [ -86.546044, 37.077192 ] ], [ [ -86.546044, 37.077192 ], [ -86.546257, 37.077022 ] ], [ [ -86.546257, 37.077022 ], [ -86.546523, 37.076801 ] ], [ [ -86.546523, 37.076801 ], [ -86.546706, 37.076611 ] ], [ [ -86.546706, 37.076611 ], [ -86.546799, 37.076492 ] ], [ [ -86.546799, 37.076492 ], [ -86.546893, 37.076379 ] ], [ [ -86.546893, 37.076379 ], [ -86.546961, 37.076311 ] ], [ [ -86.546961, 37.076311 ], [ -86.547035, 37.076255 ] ], [ [ -86.547035, 37.076255 ], [ -86.547115, 37.076217 ] ], [ [ -86.547115, 37.076217 ], [ -86.547202, 37.076188 ] ], [ [ -86.547202, 37.076188 ], [ -86.547296, 37.076171 ] ], [ [ -86.547296, 37.076171 ], [ -86.547443, 37.076175 ] ], [ [ -86.547443, 37.076175 ], [ -86.547588, 37.076205 ] ], [ [ -86.547588, 37.076205 ], [ -86.548399, 37.076453 ] ], [ [ -86.548399, 37.076453 ], [ -86.548825, 37.076574 ] ], [ [ -86.548825, 37.076574 ], [ -86.5490282, 37.0766303 ] ], [ [ -86.5490282, 37.0766303 ], [ -86.549197, 37.076677 ] ], [ [ -86.549197, 37.076677 ], [ -86.549465, 37.076734 ] ], [ [ -86.549465, 37.076734 ], [ -86.549646, 37.076752 ] ], [ [ -86.549646, 37.076752 ], [ -86.5499018, 37.0767664 ] ], [ [ -86.5499018, 37.0767664 ], [ -86.550319, 37.07675 ] ], [ [ -86.550319, 37.07675 ], [ -86.551148, 37.076708 ] ], [ [ -86.551148, 37.076708 ], [ -86.551462, 37.076701 ] ], [ [ -86.551462, 37.076701 ], [ -86.55162, 37.076706 ] ], [ [ -86.55162, 37.076706 ], [ -86.551777, 37.076719 ] ], [ [ -86.551777, 37.076719 ], [ -86.551883, 37.076732 ] ], [ [ -86.551883, 37.076732 ], [ -86.55199, 37.076752 ] ], [ [ -86.55199, 37.076752 ], [ -86.55231, 37.076819 ] ], [ [ -86.55231, 37.076819 ], [ -86.552967, 37.076972 ] ], [ [ -86.552967, 37.076972 ], [ -86.55335, 37.077057 ] ], [ [ -86.55335, 37.077057 ], [ -86.553568, 37.077103 ] ], [ [ -86.553568, 37.077103 ], [ -86.554173, 37.077223 ] ], [ [ -86.554173, 37.077223 ], [ -86.5544163, 37.0772778 ] ], [ [ -86.5544163, 37.0772778 ], [ -86.554494, 37.077294 ] ], [ [ -86.554494, 37.077294 ], [ -86.5546, 37.077321 ] ], [ [ -86.5546, 37.077321 ], [ -86.554808, 37.077381 ] ], [ [ -86.554808, 37.077381 ], [ -86.554911, 37.077414 ] ], [ [ -86.554911, 37.077414 ], [ -86.555115, 37.077486 ] ], [ [ -86.555115, 37.077486 ], [ -86.555509, 37.077639 ] ], [ [ -86.555509, 37.077639 ], [ -86.555704, 37.077709 ] ], [ [ -86.555704, 37.077709 ], [ -86.555754, 37.077724 ] ], [ [ -86.555754, 37.077724 ], [ -86.555902, 37.077766 ] ], [ [ -86.555902, 37.077766 ], [ -86.556106, 37.077811 ] ], [ [ -86.556106, 37.077811 ], [ -86.556367, 37.07785 ] ], [ [ -86.556367, 37.07785 ], [ -86.556524, 37.077866 ] ], [ [ -86.556524, 37.077866 ], [ -86.556738, 37.077881 ] ], [ [ -86.556738, 37.077881 ], [ -86.556957, 37.07789 ] ], [ [ -86.556957, 37.07789 ], [ -86.557355, 37.077901 ] ], [ [ -86.557355, 37.077901 ], [ -86.557586, 37.077911 ] ], [ [ -86.557586, 37.077911 ], [ -86.558345, 37.077926 ] ], [ [ -86.558345, 37.077926 ], [ -86.558574, 37.077939 ] ], [ [ -86.558574, 37.077939 ], [ -86.558924, 37.077936 ] ], [ [ -86.558924, 37.077936 ], [ -86.55904, 37.077932 ] ], [ [ -86.55904, 37.077932 ], [ -86.559272, 37.077917 ] ], [ [ -86.559272, 37.077917 ], [ -86.559501, 37.077895 ] ], [ [ -86.559501, 37.077895 ], [ -86.560307, 37.077795 ] ], [ [ -86.560307, 37.077795 ], [ -86.56066, 37.077762 ] ], [ [ -86.56066, 37.077762 ], [ -86.560994, 37.077741 ] ], [ [ -86.560994, 37.077741 ], [ -86.561101, 37.077739 ] ], [ [ -86.561101, 37.077739 ], [ -86.561304, 37.077743 ] ], [ [ -86.561304, 37.077743 ], [ -86.561503, 37.077765 ] ], [ [ -86.561503, 37.077765 ], [ -86.561645, 37.077795 ] ], [ [ -86.561645, 37.077795 ], [ -86.561692, 37.077808 ] ], [ [ -86.561692, 37.077808 ], [ -86.562038, 37.077933 ] ], [ [ -86.562038, 37.077933 ], [ -86.562371, 37.078062 ] ], [ [ -86.562371, 37.078062 ], [ -86.562527, 37.078114 ] ], [ [ -86.562527, 37.078114 ], [ -86.56268, 37.078148 ] ], [ [ -86.56268, 37.078148 ], [ -86.562733, 37.078154 ] ], [ [ -86.562733, 37.078154 ], [ -86.562838, 37.078157 ] ], [ [ -86.562838, 37.078157 ], [ -86.56289, 37.078152 ] ], [ [ -86.56289, 37.078152 ], [ -86.56299, 37.078136 ] ], [ [ -86.56299, 37.078136 ], [ -86.563136, 37.078088 ] ], [ [ -86.563136, 37.078088 ], [ -86.563278, 37.078021 ] ], [ [ -86.563278, 37.078021 ], [ -86.563511, 37.07789 ] ], [ [ -86.563511, 37.07789 ], [ -86.563705, 37.077786 ] ], [ [ -86.563705, 37.077786 ], [ -86.563807, 37.077737 ] ], [ [ -86.563807, 37.077737 ], [ -86.563915, 37.077691 ] ], [ [ -86.563915, 37.077691 ], [ -86.564068, 37.077636 ] ], [ [ -86.564068, 37.077636 ], [ -86.564198, 37.077598 ] ], [ [ -86.564198, 37.077598 ], [ -86.564379, 37.077551 ] ], [ [ -86.564379, 37.077551 ], [ -86.564546, 37.077515 ] ], [ [ -86.564546, 37.077515 ], [ -86.56481, 37.077424 ] ], [ [ -86.56481, 37.077424 ], [ -86.564892, 37.077386 ] ], [ [ -86.564892, 37.077386 ], [ -86.565333, 37.077166 ] ], [ [ -86.565333, 37.077166 ], [ -86.565537, 37.077068 ] ], [ [ -86.565537, 37.077068 ], [ -86.56575, 37.076972 ] ], [ [ -86.56575, 37.076972 ], [ -86.566054, 37.07685 ] ], [ [ -86.566054, 37.07685 ], [ -86.566144, 37.076818 ] ], [ [ -86.566144, 37.076818 ], [ -86.566281, 37.076775 ] ], [ [ -86.566281, 37.076775 ], [ -86.566426, 37.076739 ] ], [ [ -86.566426, 37.076739 ], [ -86.56663, 37.076705 ] ], [ [ -86.56663, 37.076705 ], [ -86.566843, 37.076686 ] ], [ [ -86.566843, 37.076686 ], [ -86.567062, 37.076677 ] ], [ [ -86.567062, 37.076677 ], [ -86.56723, 37.076676 ] ], [ [ -86.56723, 37.076676 ], [ -86.567514, 37.076684 ] ], [ [ -86.567514, 37.076684 ], [ -86.567784, 37.076701 ] ], [ [ -86.567784, 37.076701 ], [ -86.567932, 37.076716 ] ], [ [ -86.567932, 37.076716 ], [ -86.568042, 37.076737 ] ], [ [ -86.568042, 37.076737 ], [ -86.568099, 37.076751 ] ], [ [ -86.568099, 37.076751 ], [ -86.568146, 37.076767 ] ], [ [ -86.568146, 37.076767 ], [ -86.568237, 37.076805 ] ], [ [ -86.568237, 37.076805 ], [ -86.568277, 37.076828 ] ], [ [ -86.568277, 37.076828 ], [ -86.568352, 37.076881 ] ], [ [ -86.568352, 37.076881 ], [ -86.568446, 37.076977 ] ], [ [ -86.568446, 37.076977 ], [ -86.568505, 37.077047 ] ], [ [ -86.568505, 37.077047 ], [ -86.568579, 37.077162 ] ], [ [ -86.568579, 37.077162 ], [ -86.568627, 37.077245 ] ], [ [ -86.568627, 37.077245 ], [ -86.568761, 37.077507 ] ], [ [ -86.568761, 37.077507 ], [ -86.569029, 37.078063 ] ], [ [ -86.569029, 37.078063 ], [ -86.5692123, 37.0785054 ] ], [ [ -86.5692123, 37.0785054 ], [ -86.5694052, 37.0789676 ] ], [ [ -86.5694052, 37.0789676 ], [ -86.569461, 37.07909 ] ], [ [ -86.569461, 37.07909 ], [ -86.569534, 37.079237 ] ], [ [ -86.569534, 37.079237 ], [ -86.569841, 37.079827 ] ], [ [ -86.569841, 37.079827 ], [ -86.570024, 37.080195 ] ], [ [ -86.570024, 37.080195 ], [ -86.570113, 37.080356 ] ], [ [ -86.570113, 37.080356 ], [ -86.570161, 37.080433 ] ], [ [ -86.570161, 37.080433 ], [ -86.570243, 37.080539 ] ], [ [ -86.570243, 37.080539 ], [ -86.570365, 37.080668 ] ], [ [ -86.570365, 37.080668 ], [ -86.570467, 37.080755 ] ], [ [ -86.570467, 37.080755 ], [ -86.570538, 37.08081 ] ], [ [ -86.570538, 37.08081 ], [ -86.570682, 37.080913 ] ], [ [ -86.570682, 37.080913 ], [ -86.570874, 37.081042 ] ], [ [ -86.570874, 37.081042 ], [ -86.57097, 37.081101 ] ], [ [ -86.57097, 37.081101 ], [ -86.571111, 37.08118 ] ], [ [ -86.571111, 37.08118 ], [ -86.57125, 37.08124 ] ], [ [ -86.57125, 37.08124 ], [ -86.571348, 37.081269 ] ], [ [ -86.571348, 37.081269 ], [ -86.571434, 37.081284 ] ], [ [ -86.571434, 37.081284 ], [ -86.571789, 37.081322 ] ], [ [ -86.571789, 37.081322 ], [ -86.572103, 37.081349 ] ], [ [ -86.572103, 37.081349 ], [ -86.572205, 37.081363 ] ], [ [ -86.572205, 37.081363 ], [ -86.572395, 37.081404 ] ], [ [ -86.572395, 37.081404 ], [ -86.572508, 37.081432 ] ], [ [ -86.572508, 37.081432 ], [ -86.572768, 37.08149 ] ], [ [ -86.572768, 37.08149 ], [ -86.573261, 37.081592 ] ], [ [ -86.573261, 37.081592 ], [ -86.573417, 37.081629 ] ], [ [ -86.573417, 37.081629 ], [ -86.573565, 37.08167 ] ], [ [ -86.573565, 37.08167 ], [ -86.573656, 37.081704 ] ], [ [ -86.573656, 37.081704 ], [ -86.573748, 37.081745 ] ], [ [ -86.573748, 37.081745 ], [ -86.573839, 37.081793 ] ], [ [ -86.573839, 37.081793 ], [ -86.574034, 37.081935 ] ], [ [ -86.574034, 37.081935 ], [ -86.574194, 37.082072 ] ], [ [ -86.574194, 37.082072 ], [ -86.574327, 37.082177 ] ], [ [ -86.574327, 37.082177 ], [ -86.57447, 37.082282 ] ], [ [ -86.57447, 37.082282 ], [ -86.574547, 37.082333 ] ], [ [ -86.574547, 37.082333 ], [ -86.574792, 37.082477 ] ], [ [ -86.574792, 37.082477 ], [ -86.574962, 37.082571 ] ], [ [ -86.574962, 37.082571 ], [ -86.575538, 37.082874 ] ], [ [ -86.575538, 37.082874 ], [ -86.575663, 37.082944 ] ], [ [ -86.575663, 37.082944 ], [ -86.575831, 37.083027 ] ], [ [ -86.575831, 37.083027 ], [ -86.575953, 37.083082 ] ], [ [ -86.575953, 37.083082 ], [ -86.575993, 37.083099 ] ], [ [ -86.575993, 37.083099 ], [ -86.576164, 37.083157 ] ], [ [ -86.576164, 37.083157 ], [ -86.57635, 37.083203 ] ], [ [ -86.57635, 37.083203 ], [ -86.577278, 37.083391 ] ], [ [ -86.577278, 37.083391 ], [ -86.577444, 37.083441 ] ], [ [ -86.577444, 37.083441 ], [ -86.57755, 37.083483 ] ], [ [ -86.57755, 37.083483 ], [ -86.577603, 37.083508 ] ], [ [ -86.577603, 37.083508 ], [ -86.577699, 37.083565 ] ], [ [ -86.577699, 37.083565 ], [ -86.577795, 37.083624 ] ], [ [ -86.577795, 37.083624 ], [ -86.577889, 37.083687 ] ], [ [ -86.577889, 37.083687 ], [ -86.578297, 37.083996 ] ], [ [ -86.578297, 37.083996 ], [ -86.578527, 37.084154 ] ], [ [ -86.578527, 37.084154 ], [ -86.578574, 37.084181 ] ], [ [ -86.578574, 37.084181 ], [ -86.578713, 37.084249 ] ], [ [ -86.578713, 37.084249 ], [ -86.578847, 37.084303 ] ], [ [ -86.578847, 37.084303 ], [ -86.578972, 37.084348 ] ], [ [ -86.578972, 37.084348 ], [ -86.579025, 37.08437 ] ], [ [ -86.579025, 37.08437 ], [ -86.579076, 37.084396 ] ], [ [ -86.579076, 37.084396 ], [ -86.579116, 37.084426 ] ], [ [ -86.579116, 37.084426 ], [ -86.579152, 37.084461 ] ], [ [ -86.579152, 37.084461 ], [ -86.579179, 37.084498 ] ] ] } },
{ "type": "Feature", "properties": { "name": "Plum Springs Road", "highway": "secondary", "length": 5098.0, "risk_tier": "critical", "zone_type": "riverine" }, "geometry": { "type": "MultiLineString", "coordinates": [ [ [ -86.37871, 37.015777 ], [ -86.378724, 37.015782 ] ], [ [ -86.378724, 37.015782 ], [ -86.379, 37.016094 ] ], [ [ -86.379, 37.016094 ], [ -86.3792047, 37.0162679 ] ], [ [ -86.3792047, 37.0162679 ], [ -86.3794347, 37.0164618 ] ], [ [ -86.3794347, 37.0164618 ], [ -86.380421, 37.017277 ] ], [ [ -86.380421, 37.017277 ], [ -86.381563, 37.018217 ] ], [ [ -86.381563, 37.018217 ], [ -86.38302, 37.019426 ] ], [ [ -86.38302, 37.019426 ], [ -86.3839256, 37.0201883 ] ], [ [ -86.3839256, 37.0201883 ], [ -86.38405, 37.020293 ] ], [ [ -86.38405, 37.020293 ], [ -86.384646, 37.020724 ] ], [ [ -86.384646, 37.020724 ], [ -86.3852317, 37.0209658 ] ], [ [ -86.3852317, 37.0209658 ], [ -86.386109, 37.021328 ] ], [ [ -86.386109, 37.021328 ], [ -86.386764, 37.0215726 ] ], [ [ -86.386764, 37.0215726 ], [ -86.386966, 37.021648 ] ], [ [ -86.386966, 37.021648 ], [ -86.3872669, 37.0216923 ] ], [ [ -86.3872669, 37.0216923 ], [ -86.387365, 37.021706 ] ], [ [ -86.387365, 37.021706 ], [ -86.3876914, 37.0216883 ] ], [ [ -86.3876914, 37.0216883 ], [ -86.3901631, 37.0215542 ] ], [ [ -86.3901631, 37.0215542 ], [ -86.390645, 37.021528 ] ], [ [ -86.390645, 37.021528 ], [ -86.390973, 37.021552 ] ], [ [ -86.390973, 37.021552 ], [ -86.391119, 37.021633 ] ], [ [ -86.391119, 37.021633 ], [ -86.391188, 37.021706 ] ], [ [ -86.391188, 37.021706 ], [ -86.3912162, 37.0218061 ] ], [ [ -86.3912162, 37.0218061 ], [ -86.391217, 37.021938 ] ], [ [ -86.391217, 37.021938 ], [ -86.3910145, 37.0231378 ] ], [ [ -86.3910145, 37.0231378 ], [ -86.3909967, 37.023243600000022 ] ], [ [ -86.3909967, 37.023243600000022 ], [ -86.390911, 37.0237512 ] ], [ [ -86.390911, 37.0237512 ], [ -86.390895, 37.023846 ] ], [ [ -86.390895, 37.023846 ], [ -86.3908844, 37.0241399 ] ], [ [ -86.3908844, 37.0241399 ], [ -86.390868, 37.024592 ] ], [ [ -86.390868, 37.024592 ], [ -86.390942, 37.024931 ] ], [ [ -86.390942, 37.024931 ], [ -86.3910137, 37.025061799999982 ] ], [ [ -86.3910137, 37.025061799999982 ], [ -86.391308, 37.025599 ] ], [ [ -86.391308, 37.025599 ], [ -86.392062, 37.026823 ] ], [ [ -86.392062, 37.026823 ], [ -86.392133, 37.026932 ] ], [ [ -86.392133, 37.026932 ], [ -86.392495, 37.027353 ] ], [ [ -86.392495, 37.027353 ], [ -86.393313, 37.02811 ] ], [ [ -86.393313, 37.02811 ], [ -86.393459, 37.02836 ] ], [ [ -86.393459, 37.02836 ], [ -86.393496, 37.028598 ] ], [ [ -86.393496, 37.028598 ], [ -86.3934762, 37.028935799999985 ] ], [ [ -86.3934762, 37.028935799999985 ], [ -86.393463, 37.029162 ] ], [ [ -86.393463, 37.029162 ], [ -86.3934264, 37.0293006 ] ], [ [ -86.3934264, 37.0293006 ], [ -86.3932548, 37.0299502 ] ], [ [ -86.3932548, 37.0299502 ], [ -86.3932058, 37.03013570000001 ] ], [ [ -86.3932058, 37.03013570000001 ], [ -86.3931476, 37.0303561 ] ], [ [ -86.3931476, 37.0303561 ], [ -86.3928434, 37.0315074 ] ], [ [ -86.3928434, 37.0315074 ], [ -86.3928164, 37.0316098 ] ], [ [ -86.3928164, 37.0316098 ], [ -86.3927527, 37.0318508 ] ], [ [ -86.3927527, 37.0318508 ], [ -86.392722, 37.031967 ] ], [ [ -86.392722, 37.031967 ], [ -86.3926701, 37.0325489 ] ], [ [ -86.3926701, 37.0325489 ], [ -86.392679, 37.0330219 ] ], [ [ -86.392679, 37.0330219 ], [ -86.392712, 37.034034299999981 ] ], [ [ -86.392712, 37.034034299999981 ], [ -86.392689, 37.03483 ] ], [ [ -86.392689, 37.03483 ], [ -86.392634, 37.035055 ] ], [ [ -86.392634, 37.035055 ], [ -86.392483, 37.035332 ] ], [ [ -86.392483, 37.035332 ], [ -86.3917236, 37.036441 ] ], [ [ -86.3917236, 37.036441 ], [ -86.3914813, 37.0367949 ] ], [ [ -86.3914813, 37.0367949 ], [ -86.3913983, 37.036916099999985 ] ], [ [ -86.3913983, 37.036916099999985 ], [ -86.3906851, 37.0379836 ] ], [ [ -86.3906851, 37.0379836 ], [ -86.3904818, 37.0382878 ] ], [ [ -86.3904818, 37.0382878 ], [ -86.3902838, 37.0385842 ] ], [ [ -86.3902838, 37.0385842 ], [ -86.3900978, 37.0388627 ] ], [ [ -86.3900978, 37.0388627 ], [ -86.3896468, 37.0395377 ] ], [ [ -86.3896468, 37.0395377 ], [ -86.389527, 37.039717 ] ], [ [ -86.389527, 37.039717 ], [ -86.3892158, 37.0399576 ] ], [ [ -86.3892158, 37.0399576 ], [ -86.389148, 37.04001 ] ], [ [ -86.389148, 37.04001 ], [ -86.3890503, 37.040046 ] ], [ [ -86.3890503, 37.040046 ], [ -86.3887865, 37.04014320000001 ] ], [ [ -86.3887865, 37.04014320000001 ], [ -86.388361, 37.0403 ] ], [ [ -86.388361, 37.0403 ], [ -86.3879661, 37.040446500000023 ] ], [ [ -86.3879661, 37.040446500000023 ], [ -86.387054, 37.040785 ] ], [ [ -86.387054, 37.040785 ], [ -86.3862221, 37.0411515 ] ], [ [ -86.3862221, 37.0411515 ], [ -86.385397, 37.041515 ] ], [ [ -86.385397, 37.041515 ], [ -86.384984, 37.041858 ] ], [ [ -86.384984, 37.041858 ], [ -86.384708, 37.0421483 ] ], [ [ -86.384708, 37.0421483 ], [ -86.3844629, 37.0424479 ] ], [ [ -86.3844629, 37.0424479 ], [ -86.384363, 37.04257 ] ], [ [ -86.384363, 37.04257 ], [ -86.3842058, 37.0428237 ] ], [ [ -86.3842058, 37.0428237 ], [ -86.384085, 37.043098 ] ], [ [ -86.384085, 37.043098 ], [ -86.384042900000011, 37.0432625 ] ], [ [ -86.384042900000011, 37.0432625 ], [ -86.383998300000016, 37.0434773 ] ], [ [ -86.383998300000016, 37.0434773 ], [ -86.3839411, 37.0438475 ] ], [ [ -86.3839411, 37.0438475 ], [ -86.3839004, 37.0439847 ] ], [ [ -86.3839004, 37.0439847 ], [ -86.3838031, 37.0442285 ] ], [ [ -86.3838031, 37.0442285 ], [ -86.3829186, 37.0459919 ] ], [ [ -86.3829186, 37.0459919 ], [ -86.382879, 37.0460748 ] ], [ [ -86.382879, 37.0460748 ], [ -86.3817185, 37.0484206 ] ], [ [ -86.3817185, 37.0484206 ], [ -86.3816059, 37.0486481 ] ], [ [ -86.3816059, 37.0486481 ], [ -86.3810689, 37.0497335 ] ], [ [ -86.3810689, 37.0497335 ], [ -86.380427, 37.051046 ] ] ] } },
{ "type": "Feature", "properties": { "name": "Sternwheel Avenue", "highway": "residential", "length": 345.0, "risk_tier": "critical", "zone_type": "riverine" }, "geometry": { "type": "MultiLineString", "coordinates": [ [ [ -86.3917888, 37.0045594 ], [ -86.3914598, 37.0044425 ] ], [ [ -86.3914598, 37.0044425 ], [ -86.39121040000002, 37.0043835 ] ], [ [ -86.39121040000002, 37.0043835 ], [ -86.3908918, 37.0043466 ] ], [ [ -86.3908918, 37.0043466 ], [ -86.3904392, 37.0042839 ] ], [ [ -86.3904392, 37.0042839 ], [ -86.3898932, 37.0042063 ] ], [ [ -86.3898932, 37.0042063 ], [ -86.389502, 37.0041462 ] ], [ [ -86.389502, 37.0041462 ], [ -86.3893461, 37.0041431 ] ], [ [ -86.3893461, 37.0041431 ], [ -86.3889797, 37.0041577 ] ], [ [ -86.3889797, 37.0041577 ], [ -86.3879705, 37.004223 ] ] ] } },
{ "type": "Feature", "properties": { "name": "Captains Court", "highway": "residential", "length": 40.0, "risk_tier": "critical", "zone_type": "riverine" }, "geometry": { "type": "LineString", "coordinates": [ [ -86.3916492, 37.004952199999984 ], [ -86.3920812, 37.00504 ] ] } },
{ "type": "Feature", "properties": { "name": "Russellville Road", "highway": "residential", "length": 74.0, "risk_tier": "critical", "zone_type": "riverine" }, "geometry": { "type": "MultiLineString", "coordinates": [ [ [ -86.4044855, 36.9518184 ], [ -86.404567, 36.951956299999985 ] ], [ [ -86.404567, 36.951956299999985 ], [ -86.4046328, 36.9520404 ] ], [ [ -86.4046328, 36.9520404 ], [ -86.4046963, 36.952101699999986 ] ], [ [ -86.4046963, 36.952101699999986 ], [ -86.4047668, 36.952162899999969 ] ], [ [ -86.4047668, 36.952162899999969 ], [ -86.40488, 36.952240099999976 ] ], [ [ -86.40488, 36.952240099999976 ], [ -86.405013700000012, 36.95231 ] ] ] } },
{ "type": "Feature", "properties": { "name": "Morgantown Road", "highway": "primary", "length": 353.0, "risk_tier": "critical", "zone_type": "riverine" }, "geometry": { "type": "MultiLineString", "coordinates": [ [ [ -86.482238, 36.9888968 ], [ -86.483034, 36.988835 ] ], [ [ -86.483034, 36.988835 ], [ -86.4842601, 36.9887791 ] ], [ [ -86.4842601, 36.9887791 ], [ -86.486202, 36.988774 ] ] ] } },
{ "type": "Feature", "properties": { "name": "Beauty Avenue", "highway": "residential", "length": 138.0, "risk_tier": "critical", "zone_type": "riverine" }, "geometry": { "type": "MultiLineString", "coordinates": [ [ [ -86.4463644, 37.0123689 ], [ -86.446968, 37.013415 ] ], [ [ -86.446968, 37.013415 ], [ -86.447009, 37.013496 ] ] ] } },
{ "type": "Feature", "properties": { "name": "Beech Street", "highway": "residential", "length": 141.0, "risk_tier": "critical", "zone_type": "riverine" }, "geometry": { "type": "MultiLineString", "coordinates": [ [ [ -86.4463644, 37.0123689 ], [ -86.445519, 37.012638 ] ], [ [ -86.445519, 37.012638 ], [ -86.445195, 37.01273 ] ], [ [ -86.445195, 37.01273 ], [ -86.445054, 37.012767 ] ], [ [ -86.445054, 37.012767 ], [ -86.444877, 37.01281 ] ] ] } },
{ "type": "Feature", "properties": { "name": "Dogwood Drive", "highway": "residential", "length": 154.0, "risk_tier": "critical", "zone_type": "riverine" }, "geometry": { "type": "MultiLineString", "coordinates": [ [ [ -86.3879432, 36.9906258 ], [ -86.3878499, 36.9899452 ] ], [ [ -86.3878499, 36.9899452 ], [ -86.3877546, 36.9892496 ] ] ] } },
{ "type": "Feature", "properties": { "name": "River Birch Road", "highway": "residential", "length": 389.0, "risk_tier": "critical", "zone_type": "riverine" }, "geometry": { "type": "MultiLineString", "coordinates": [ [ [ -86.38948280000001, 36.9898027 ], [ -86.3878499, 36.9899452 ] ], [ [ -86.3878499, 36.9899452 ], [ -86.3856945, 36.99010770000001 ] ], [ [ -86.3856945, 36.99010770000001 ], [ -86.3854315, 36.9900958 ] ], [ [ -86.3854315, 36.9900958 ], [ -86.3851296, 36.9900458 ] ] ] } },
{ "type": "Feature", "properties": { "name": "Causey Way", "highway": "residential", "length": 103.0, "risk_tier": "critical", "zone_type": "riverine" }, "geometry": { "type": "MultiLineString", "coordinates": [ [ [ -86.500876, 36.9830859 ], [ -86.5002311, 36.983131 ] ], [ [ -86.5002311, 36.983131 ], [ -86.4997258, 36.9830953 ] ] ] } },
{ "type": "Feature", "properties": { "name": "Frontage Road", "highway": "residential", "length": 246.0, "risk_tier": "critical", "zone_type": "riverine" }, "geometry": { "type": "MultiLineString", "coordinates": [ [ [ -86.405822, 37.008785 ], [ -86.405834, 37.008662 ] ], [ [ -86.405834, 37.008662 ], [ -86.405841, 37.008648 ] ], [ [ -86.405841, 37.008648 ], [ -86.405848, 37.008638 ] ], [ [ -86.405848, 37.008638 ], [ -86.405881, 37.008612 ] ], [ [ -86.405881, 37.008612 ], [ -86.405905, 37.008602 ] ], [ [ -86.405905, 37.008602 ], [ -86.405933, 37.008595 ] ], [ [ -86.405933, 37.008595 ], [ -86.405965, 37.00859 ] ], [ [ -86.405965, 37.00859 ], [ -86.406, 37.008587 ] ], [ [ -86.406, 37.008587 ], [ -86.406079, 37.008588 ] ], [ [ -86.406079, 37.008588 ], [ -86.406167, 37.008587 ] ], [ [ -86.406167, 37.008587 ], [ -86.40626, 37.008579 ] ], [ [ -86.40626, 37.008579 ], [ -86.406356, 37.008565 ] ], [ [ -86.406356, 37.008565 ], [ -86.406451, 37.008546 ] ], [ [ -86.406451, 37.008546 ], [ -86.40655, 37.008525 ] ], [ [ -86.40655, 37.008525 ], [ -86.406747, 37.008478 ] ], [ [ -86.406747, 37.008478 ], [ -86.406847, 37.008453 ] ], [ [ -86.406847, 37.008453 ], [ -86.406946, 37.008426 ] ], [ [ -86.406946, 37.008426 ], [ -86.407047, 37.008397 ] ], [ [ -86.407047, 37.008397 ], [ -86.407347, 37.008301 ] ], [ [ -86.407347, 37.008301 ], [ -86.407529, 37.008236 ] ], [ [ -86.407529, 37.008236 ], [ -86.407769, 37.008146 ] ], [ [ -86.407769, 37.008146 ], [ -86.407831, 37.008122 ] ], [ [ -86.407831, 37.008122 ], [ -86.407892, 37.0081 ] ], [ [ -86.407892, 37.0081 ], [ -86.407946, 37.008082 ] ], [ [ -86.407946, 37.008082 ], [ -86.407995, 37.008069 ] ], [ [ -86.407995, 37.008069 ], [ -86.408042, 37.008061 ] ], [ [ -86.408042, 37.008061 ], [ -86.408083, 37.008058 ] ], [ [ -86.408083, 37.008058 ], [ -86.408155, 37.008058 ] ], [ [ -86.408155, 37.008058 ], [ -86.408295, 37.008056 ] ] ] } },
{ "type": "Feature", "properties": { "name": "Shannon Drive", "highway": "residential", "length": 323.0, "risk_tier": "critical", "zone_type": "riverine" }, "geometry": { "type": "MultiLineString", "coordinates": [ [ [ -86.4629107, 37.0019223 ], [ -86.462858, 37.001964 ] ], [ [ -86.462858, 37.001964 ], [ -86.462764, 37.002078 ] ], [ [ -86.462764, 37.002078 ], [ -86.462713, 37.002151 ] ], [ [ -86.462713, 37.002151 ], [ -86.462659, 37.002231 ] ], [ [ -86.462659, 37.002231 ], [ -86.462601, 37.00232 ] ], [ [ -86.462601, 37.00232 ], [ -86.462541, 37.002414 ] ], [ [ -86.462541, 37.002414 ], [ -86.462478, 37.002516 ] ], [ [ -86.462478, 37.002516 ], [ -86.4624079, 37.002627 ] ], [ [ -86.4624079, 37.002627 ], [ -86.46226, 37.002861 ] ], [ [ -86.46226, 37.002861 ], [ -86.462027, 37.003225 ] ], [ [ -86.462027, 37.003225 ], [ -86.46193, 37.00339 ] ], [ [ -86.46193, 37.00339 ], [ -86.46188, 37.003472 ] ], [ [ -86.46188, 37.003472 ], [ -86.4615865, 37.0039442 ] ], [ [ -86.4615865, 37.0039442 ], [ -86.461402, 37.004241 ] ], [ [ -86.461402, 37.004241 ], [ -86.461366, 37.004301 ] ], [ [ -86.461366, 37.004301 ], [ -86.461357, 37.004316 ] ], [ [ -86.461357, 37.004316 ], [ -86.461231, 37.004495 ] ] ] } },
{ "type": "Feature", "properties": { "name": "Dye Ford Road", "highway": "residential", "length": 3779.0, "risk_tier": "critical", "zone_type": "riverine" }, "geometry": { "type": "MultiLineString", "coordinates": [ [ [ -86.401214, 36.875687 ], [ -86.401145, 36.876145 ] ], [ [ -86.401145, 36.876145 ], [ -86.401081, 36.876806 ] ], [ [ -86.401081, 36.876806 ], [ -86.401026, 36.87747 ] ], [ [ -86.401026, 36.87747 ], [ -86.400932, 36.878896 ] ], [ [ -86.400932, 36.878896 ], [ -86.400892, 36.879322 ] ], [ [ -86.400892, 36.879322 ], [ -86.400888, 36.87941 ] ], [ [ -86.400888, 36.87941 ], [ -86.4008599, 36.879758099999989 ] ], [ [ -86.4008599, 36.879758099999989 ], [ -86.400841, 36.880005 ] ], [ [ -86.400841, 36.880005 ], [ -86.400829, 36.880161 ] ], [ [ -86.400829, 36.880161 ], [ -86.400814, 36.880298 ] ], [ [ -86.400814, 36.880298 ], [ -86.400778, 36.880981 ] ], [ [ -86.400778, 36.880981 ], [ -86.400777, 36.881079 ] ], [ [ -86.400777, 36.881079 ], [ -86.4006794, 36.8819814 ] ], [ [ -86.4006794, 36.8819814 ], [ -86.400658, 36.882181 ] ], [ [ -86.400658, 36.882181 ], [ -86.400651, 36.882378 ] ], [ [ -86.400651, 36.882378 ], [ -86.400652, 36.882607 ] ], [ [ -86.400652, 36.882607 ], [ -86.400668, 36.882768 ] ], [ [ -86.400668, 36.882768 ], [ -86.400695, 36.882916 ] ], [ [ -86.400695, 36.882916 ], [ -86.400709, 36.882975 ] ], [ [ -86.400709, 36.882975 ], [ -86.400759, 36.883093 ] ], [ [ -86.400759, 36.883093 ], [ -86.400892, 36.883309 ] ], [ [ -86.400892, 36.883309 ], [ -86.401019, 36.883484 ] ], [ [ -86.401019, 36.883484 ], [ -86.401639, 36.884448 ] ], [ [ -86.401639, 36.884448 ], [ -86.401688, 36.884552 ] ], [ [ -86.401688, 36.884552 ], [ -86.401706, 36.884619 ] ], [ [ -86.401706, 36.884619 ], [ -86.401712, 36.884662 ] ], [ [ -86.401712, 36.884662 ], [ -86.401707, 36.884709 ] ], [ [ -86.401707, 36.884709 ], [ -86.40169, 36.884758 ] ], [ [ -86.40169, 36.884758 ], [ -86.4013576, 36.885384 ] ], [ [ -86.4013576, 36.885384 ], [ -86.401146, 36.885795 ] ], [ [ -86.401146, 36.885795 ], [ -86.401049, 36.885998 ] ], [ [ -86.401049, 36.885998 ], [ -86.400941, 36.88621 ] ], [ [ -86.400941, 36.88621 ], [ -86.40079, 36.886523 ] ], [ [ -86.40079, 36.886523 ], [ -86.400733, 36.8866554 ] ], [ [ -86.400733, 36.8866554 ], [ -86.400685, 36.886771 ] ], [ [ -86.400685, 36.886771 ], [ -86.400585, 36.887041 ] ], [ [ -86.400585, 36.887041 ], [ -86.40053, 36.887227 ] ], [ [ -86.40053, 36.887227 ], [ -86.400511, 36.887359 ] ], [ [ -86.400511, 36.887359 ], [ -86.4005522, 36.8883412 ] ], [ [ -86.4005522, 36.8883412 ], [ -86.400571, 36.888585 ] ], [ [ -86.400571, 36.888585 ], [ -86.400603, 36.888707 ] ], [ [ -86.400603, 36.888707 ], [ -86.400692, 36.888976 ] ], [ [ -86.400692, 36.888976 ], [ -86.40075, 36.889118 ] ], [ [ -86.40075, 36.889118 ], [ -86.400772, 36.889163 ] ], [ [ -86.400772, 36.889163 ], [ -86.400814, 36.889233 ] ], [ [ -86.400814, 36.889233 ], [ -86.400908, 36.889377 ] ], [ [ -86.400908, 36.889377 ], [ -86.4010125, 36.8894918 ] ], [ [ -86.4010125, 36.8894918 ], [ -86.401094, 36.889571 ] ], [ [ -86.401094, 36.889571 ], [ -86.401164, 36.889631 ] ], [ [ -86.401164, 36.889631 ], [ -86.401241, 36.889688 ] ], [ [ -86.401241, 36.889688 ], [ -86.401393, 36.889786 ] ], [ [ -86.401393, 36.889786 ], [ -86.401555, 36.889874 ] ], [ [ -86.401555, 36.889874 ], [ -86.401756, 36.88997 ] ], [ [ -86.401756, 36.88997 ], [ -86.401819, 36.889994 ] ], [ [ -86.401819, 36.889994 ], [ -86.402141, 36.890096 ] ], [ [ -86.402141, 36.890096 ], [ -86.402225, 36.890127 ] ], [ [ -86.402225, 36.890127 ], [ -86.402306, 36.890164 ] ], [ [ -86.402306, 36.890164 ], [ -86.402384, 36.890204 ] ], [ [ -86.402384, 36.890204 ], [ -86.4024106, 36.8902231 ] ], [ [ -86.4024106, 36.8902231 ], [ -86.402455, 36.890255 ] ], [ [ -86.402455, 36.890255 ], [ -86.402521, 36.89032 ] ], [ [ -86.402521, 36.89032 ], [ -86.402692, 36.890535 ] ], [ [ -86.402692, 36.890535 ], [ -86.402806, 36.890689 ] ], [ [ -86.402806, 36.890689 ], [ -86.402861, 36.890754 ] ], [ [ -86.402861, 36.890754 ], [ -86.402918, 36.89084 ] ], [ [ -86.402918, 36.89084 ], [ -86.402977, 36.890919 ] ], [ [ -86.402977, 36.890919 ], [ -86.403111, 36.891074 ] ], [ [ -86.403111, 36.891074 ], [ -86.4032771, 36.891320399999969 ] ], [ [ -86.4032771, 36.891320399999969 ], [ -86.403347, 36.89145 ] ], [ [ -86.403347, 36.89145 ], [ -86.403416, 36.89166 ] ], [ [ -86.403416, 36.89166 ], [ -86.403439, 36.891771 ] ], [ [ -86.403439, 36.891771 ], [ -86.403514, 36.892105 ] ], [ [ -86.403514, 36.892105 ], [ -86.403549, 36.892212 ] ], [ [ -86.403549, 36.892212 ], [ -86.403588, 36.892317 ] ], [ [ -86.403588, 36.892317 ], [ -86.403632, 36.89242 ] ], [ [ -86.403632, 36.89242 ], [ -86.403681, 36.892522 ] ], [ [ -86.403681, 36.892522 ], [ -86.403718, 36.8926152 ] ], [ [ -86.403718, 36.8926152 ], [ -86.40376, 36.892737 ] ], [ [ -86.40376, 36.892737 ], [ -86.40379, 36.892844 ] ], [ [ -86.40379, 36.892844 ], [ -86.403811, 36.89295 ] ], [ [ -86.403811, 36.89295 ], [ -86.403827, 36.8930647 ] ], [ [ -86.403827, 36.8930647 ], [ -86.403851, 36.8935 ] ], [ [ -86.403851, 36.8935 ], [ -86.403881, 36.893719 ] ], [ [ -86.403881, 36.893719 ], [ -86.403892, 36.893849 ] ], [ [ -86.403892, 36.893849 ], [ -86.403977, 36.895129 ] ], [ [ -86.403977, 36.895129 ], [ -86.403993, 36.895725 ] ], [ [ -86.403993, 36.895725 ], [ -86.404005, 36.895836 ] ], [ [ -86.404005, 36.895836 ], [ -86.404011, 36.895947 ] ], [ [ -86.404011, 36.895947 ], [ -86.404012, 36.896058 ] ], [ [ -86.404012, 36.896058 ], [ -86.404002, 36.896184 ] ], [ [ -86.404002, 36.896184 ], [ -86.4029575, 36.9000537 ] ], [ [ -86.4029575, 36.9000537 ], [ -86.402846900000014, 36.9004334 ] ], [ [ -86.402846900000014, 36.9004334 ], [ -86.4028006, 36.9005697 ] ], [ [ -86.4028006, 36.9005697 ], [ -86.4027341, 36.9007137 ] ], [ [ -86.4027341, 36.9007137 ], [ -86.4026514, 36.900850200000015 ] ], [ [ -86.4026514, 36.900850200000015 ], [ -86.4025372, 36.900995600000023 ] ], [ [ -86.4025372, 36.900995600000023 ], [ -86.402423, 36.9011123 ] ], [ [ -86.402423, 36.9011123 ], [ -86.4022894, 36.9012193 ] ], [ [ -86.4022894, 36.9012193 ], [ -86.4021298, 36.9013215 ] ], [ [ -86.4021298, 36.9013215 ], [ -86.401956, 36.9014024 ] ], [ [ -86.401956, 36.9014024 ], [ -86.4017678, 36.9014676 ] ], [ [ -86.4017678, 36.9014676 ], [ -86.4015739, 36.901518 ] ], [ [ -86.4015739, 36.901518 ], [ -86.4013517, 36.9015699 ] ], [ [ -86.4013517, 36.9015699 ], [ -86.3987538, 36.9020811 ] ], [ [ -86.3987538, 36.9020811 ], [ -86.3984344, 36.902144 ] ], [ [ -86.3984344, 36.902144 ], [ -86.3982851, 36.9021695 ] ], [ [ -86.3982851, 36.9021695 ], [ -86.3981317, 36.9021914 ] ], [ [ -86.3981317, 36.9021914 ], [ -86.3979127, 36.9022115 ] ], [ [ -86.3979127, 36.9022115 ], [ -86.3977149, 36.9022174 ] ], [ [ -86.3977149, 36.9022174 ], [ -86.3975163, 36.9022166 ] ], [ [ -86.3975163, 36.9022166 ], [ -86.3973115, 36.902203900000011 ] ], [ [ -86.3973115, 36.902203900000011 ], [ -86.3971135, 36.9021834 ] ], [ [ -86.3971135, 36.9021834 ], [ -86.3969255, 36.902156800000014 ] ], [ [ -86.3969255, 36.902156800000014 ], [ -86.3967265, 36.9021157 ] ], [ [ -86.3967265, 36.9021157 ], [ -86.3965418, 36.902068299999989 ] ], [ [ -86.3965418, 36.902068299999989 ], [ -86.3962804, 36.9019911 ] ], [ [ -86.3962804, 36.9019911 ], [ -86.3957128, 36.9017969 ] ], [ [ -86.3957128, 36.9017969 ], [ -86.3955377, 36.9017488 ] ], [ [ -86.3955377, 36.9017488 ], [ -86.3953854, 36.9017233 ] ], [ [ -86.3953854, 36.9017233 ], [ -86.395242200000013, 36.9017189 ] ], [ [ -86.395242200000013, 36.9017189 ], [ -86.3950902, 36.9017292 ] ], [ [ -86.3950902, 36.9017292 ], [ -86.3949418, 36.901763 ] ], [ [ -86.3949418, 36.901763 ], [ -86.394842, 36.9017915 ] ], [ [ -86.394842, 36.9017915 ], [ -86.3946662, 36.901885899999982 ] ], [ [ -86.3946662, 36.901885899999982 ], [ -86.3945751, 36.901965 ] ], [ [ -86.3945751, 36.901965 ], [ -86.3944885, 36.90207010000001 ] ], [ [ -86.3944885, 36.90207010000001 ], [ -86.394443, 36.902151 ] ], [ [ -86.394443, 36.902151 ], [ -86.3943491, 36.902307 ] ] ] } },
{ "type": "Feature", "properties": { "name": "Catherine Drive", "highway": "residential", "length": 621.0, "risk_tier": "critical", "zone_type": "riverine" }, "geometry": { "type": "MultiLineString", "coordinates": [ [ [ -86.467072, 36.983587 ], [ -86.467169, 36.983655 ] ], [ [ -86.467169, 36.983655 ], [ -86.467246, 36.983707 ] ], [ [ -86.467246, 36.983707 ], [ -86.467267, 36.98372 ] ], [ [ -86.467267, 36.98372 ], [ -86.467296, 36.983741 ] ], [ [ -86.467296, 36.983741 ], [ -86.46731, 36.983758 ] ], [ [ -86.46731, 36.983758 ], [ -86.467323, 36.983778 ] ], [ [ -86.467323, 36.983778 ], [ -86.467332, 36.983795 ] ], [ [ -86.467332, 36.983795 ], [ -86.467348, 36.98385 ] ], [ [ -86.467348, 36.98385 ], [ -86.467352, 36.983895 ] ], [ [ -86.467352, 36.983895 ], [ -86.467349, 36.983962 ] ], [ [ -86.467349, 36.983962 ], [ -86.46732, 36.984134 ] ], [ [ -86.46732, 36.984134 ], [ -86.467287, 36.984303 ] ], [ [ -86.467287, 36.984303 ], [ -86.467266, 36.984388 ] ], [ [ -86.467266, 36.984388 ], [ -86.467248, 36.984474 ] ], [ [ -86.467248, 36.984474 ], [ -86.467229, 36.984559 ] ], [ [ -86.467229, 36.984559 ], [ -86.467212, 36.984642 ] ], [ [ -86.467212, 36.984642 ], [ -86.467161, 36.984866 ] ], [ [ -86.467161, 36.984866 ], [ -86.467148, 36.984935 ] ], [ [ -86.467148, 36.984935 ], [ -86.467108, 36.985113 ] ], [ [ -86.467108, 36.985113 ], [ -86.467087, 36.985215 ] ], [ [ -86.467087, 36.985215 ], [ -86.467078, 36.985263 ] ], [ [ -86.467078, 36.985263 ], [ -86.467065, 36.985311 ] ], [ [ -86.467065, 36.985311 ], [ -86.467032, 36.98545 ] ], [ [ -86.467032, 36.98545 ], [ -86.467009, 36.985538 ] ], [ [ -86.467009, 36.985538 ], [ -86.467003, 36.985575 ] ], [ [ -86.467003, 36.985575 ], [ -86.466999, 36.985612 ] ], [ [ -86.466999, 36.985612 ], [ -86.467001, 36.985645 ] ], [ [ -86.467001, 36.985645 ], [ -86.467015, 36.98569 ] ], [ [ -86.467015, 36.98569 ], [ -86.46703, 36.985715 ] ], [ [ -86.46703, 36.985715 ], [ -86.467041, 36.985729 ] ], [ [ -86.467041, 36.985729 ], [ -86.467051, 36.985739 ] ], [ [ -86.467051, 36.985739 ], [ -86.467073, 36.985756 ] ], [ [ -86.467073, 36.985756 ], [ -86.467087, 36.985764 ] ], [ [ -86.467087, 36.985764 ], [ -86.467149, 36.985791 ] ], [ [ -86.467149, 36.985791 ], [ -86.467197, 36.985816 ] ], [ [ -86.467197, 36.985816 ], [ -86.467204, 36.985821 ] ], [ [ -86.467204, 36.985821 ], [ -86.467211, 36.985831 ] ], [ [ -86.467211, 36.985831 ], [ -86.467217, 36.985843 ] ], [ [ -86.467217, 36.985843 ], [ -86.46722, 36.985856 ] ], [ [ -86.46722, 36.985856 ], [ -86.467224, 36.985884 ] ], [ [ -86.467224, 36.985884 ], [ -86.467221, 36.985896 ] ], [ [ -86.467221, 36.985896 ], [ -86.467037, 36.986803 ] ], [ [ -86.467037, 36.986803 ], [ -86.467022, 36.986893 ] ], [ [ -86.467022, 36.986893 ], [ -86.466957, 36.987198 ] ], [ [ -86.466957, 36.987198 ], [ -86.4669, 36.987474 ] ], [ [ -86.4669, 36.987474 ], [ -86.466849, 36.98771 ] ], [ [ -86.466849, 36.98771 ], [ -86.466701, 36.988448 ] ], [ [ -86.466701, 36.988448 ], [ -86.466668, 36.988603 ] ], [ [ -86.466668, 36.988603 ], [ -86.466653, 36.988678 ] ], [ [ -86.466653, 36.988678 ], [ -86.466625, 36.988808 ] ], [ [ -86.466625, 36.988808 ], [ -86.466604, 36.98894 ] ] ] } },
{ "type": "Feature", "properties": { "name": "Middle Bridge Stub Road", "highway": "residential", "length": 77.0, "risk_tier": "critical", "zone_type": "riverine" }, "geometry": { "type": "MultiLineString", "coordinates": [ [ [ -86.4057489, 36.9498417 ], [ -86.4056872, 36.949922299999976 ] ], [ [ -86.4056872, 36.949922299999976 ], [ -86.4056072, 36.9500422 ] ], [ [ -86.4056072, 36.9500422 ], [ -86.405554, 36.950169299999978 ] ], [ [ -86.405554, 36.950169299999978 ], [ -86.4055059, 36.9503578 ] ], [ [ -86.4055059, 36.9503578 ], [ -86.4054811, 36.95049190000001 ] ] ] } },
{ "type": "Feature", "properties": { "name": "Beech Bend Road", "highway": "residential", "length": 710.0, "risk_tier": "critical", "zone_type": "riverine" }, "geometry": { "type": "MultiLineString", "coordinates": [ [ [ -86.39432840000002, 37.01219560000002 ], [ -86.3945637, 37.0120475 ] ], [ [ -86.3945637, 37.0120475 ], [ -86.3949204, 37.0118431 ] ], [ [ -86.3949204, 37.0118431 ], [ -86.3954245, 37.011597500000015 ] ], [ [ -86.3954245, 37.011597500000015 ], [ -86.395783900000012, 37.0114509 ] ], [ [ -86.395783900000012, 37.0114509 ], [ -86.3963087, 37.0112734 ] ], [ [ -86.3963087, 37.0112734 ], [ -86.3966965, 37.0111619 ] ], [ [ -86.3966965, 37.0111619 ], [ -86.3973117, 37.0110318 ] ], [ [ -86.3973117, 37.0110318 ], [ -86.398123500000011, 37.0109286 ] ], [ [ -86.398123500000011, 37.0109286 ], [ -86.4000727, 37.0106995 ] ], [ [ -86.4000727, 37.0106995 ], [ -86.4018022, 37.010505399999985 ] ], [ [ -86.4018022, 37.010505399999985 ], [ -86.4019093, 37.0104871 ] ] ] } },
{ "type": "Feature", "properties": { "name": "High Rail Way", "highway": "residential", "length": 950.0, "risk_tier": "critical", "zone_type": "riverine" }, "geometry": { "type": "MultiLineString", "coordinates": [ [ [ -86.423733, 37.007257 ], [ -86.423599, 37.007315 ] ], [ [ -86.423599, 37.007315 ], [ -86.423336, 37.007436 ] ], [ [ -86.423336, 37.007436 ], [ -86.423278, 37.00746 ] ], [ [ -86.423278, 37.00746 ], [ -86.423153, 37.007509 ] ], [ [ -86.423153, 37.007509 ], [ -86.422863, 37.007616 ] ], [ [ -86.422863, 37.007616 ], [ -86.4227, 37.007673 ] ], [ [ -86.4227, 37.007673 ], [ -86.422614, 37.007704 ] ], [ [ -86.422614, 37.007704 ], [ -86.422437, 37.00777 ] ], [ [ -86.422437, 37.00777 ], [ -86.422247, 37.007837 ] ], [ [ -86.422247, 37.007837 ], [ -86.4221533, 37.0078677 ] ], [ [ -86.4221533, 37.0078677 ], [ -86.422055, 37.0079 ] ], [ [ -86.422055, 37.0079 ], [ -86.421961, 37.00793 ] ], [ [ -86.421961, 37.00793 ], [ -86.421867, 37.007963 ] ], [ [ -86.421867, 37.007963 ], [ -86.421773, 37.007998 ] ], [ [ -86.421773, 37.007998 ], [ -86.421681, 37.008034 ] ], [ [ -86.421681, 37.008034 ], [ -86.4216034, 37.00807240000001 ] ], [ [ -86.4216034, 37.00807240000001 ], [ -86.421592, 37.008078 ] ], [ [ -86.421592, 37.008078 ], [ -86.421503, 37.008128 ] ], [ [ -86.421503, 37.008128 ], [ -86.421327, 37.008238 ] ], [ [ -86.421327, 37.008238 ], [ -86.421229, 37.008295 ] ], [ [ -86.421229, 37.008295 ], [ -86.421123, 37.008351 ] ], [ [ -86.421123, 37.008351 ], [ -86.421006, 37.008403 ] ], [ [ -86.421006, 37.008403 ], [ -86.420882, 37.008449 ] ], [ [ -86.420882, 37.008449 ], [ -86.42075, 37.008488 ] ], [ [ -86.42075, 37.008488 ], [ -86.420612, 37.008519 ] ], [ [ -86.420612, 37.008519 ], [ -86.420474, 37.008545 ] ], [ [ -86.420474, 37.008545 ], [ -86.420072, 37.008611 ] ], [ [ -86.420072, 37.008611 ], [ -86.41982, 37.008646 ] ], [ [ -86.41982, 37.008646 ], [ -86.419698, 37.008659 ] ], [ [ -86.419698, 37.008659 ], [ -86.419577, 37.008666 ] ], [ [ -86.419577, 37.008666 ], [ -86.419457, 37.008667 ] ], [ [ -86.419457, 37.008667 ], [ -86.419335, 37.00866 ] ], [ [ -86.419335, 37.00866 ], [ -86.419092, 37.008636 ] ], [ [ -86.419092, 37.008636 ], [ -86.418971, 37.008625 ] ], [ [ -86.418971, 37.008625 ], [ -86.418849, 37.008617 ] ], [ [ -86.418849, 37.008617 ], [ -86.418721, 37.008613 ] ], [ [ -86.418721, 37.008613 ], [ -86.41859, 37.008613 ] ], [ [ -86.41859, 37.008613 ], [ -86.418451, 37.008618 ] ], [ [ -86.418451, 37.008618 ], [ -86.418307, 37.008627 ] ], [ [ -86.418307, 37.008627 ], [ -86.41816, 37.00864 ] ], [ [ -86.41816, 37.00864 ], [ -86.4175723, 37.0087104 ] ], [ [ -86.4175723, 37.0087104 ], [ -86.4146515, 37.0090362 ] ], [ [ -86.4146515, 37.0090362 ], [ -86.4143691, 37.0090759 ] ], [ [ -86.4143691, 37.0090759 ], [ -86.413831, 37.009161 ] ], [ [ -86.413831, 37.009161 ], [ -86.413559, 37.009195 ] ], [ [ -86.413559, 37.009195 ], [ -86.413503, 37.009201 ] ] ] } },
{ "type": "Feature", "properties": { "name": "Juliet Way", "highway": "residential", "length": 62.0, "risk_tier": "critical", "zone_type": "riverine" }, "geometry": { "type": "MultiLineString", "coordinates": [ [ [ -86.3906653, 36.9955052 ], [ -86.390804, 36.995482 ] ], [ [ -86.390804, 36.995482 ], [ -86.390938, 36.995455 ] ], [ [ -86.390938, 36.995455 ], [ -86.391044, 36.995429 ] ], [ [ -86.391044, 36.995429 ], [ -86.3911862, 36.9953842 ] ], [ [ -86.3911862, 36.9953842 ], [ -86.3913226, 36.9953328 ] ] ] } },
{ "type": "Feature", "properties": { "name": "Fort Webb Drive", "highway": "residential", "length": 396.0, "risk_tier": "critical", "zone_type": "riverine" }, "geometry": { "type": "MultiLineString", "coordinates": [ [ [ -86.4313561, 37.0104486 ], [ -86.4314662, 37.0105708 ] ], [ [ -86.4314662, 37.0105708 ], [ -86.4319726, 37.0111324 ] ], [ [ -86.4319726, 37.0111324 ], [ -86.432482, 37.0117682 ] ], [ [ -86.432482, 37.0117682 ], [ -86.4324929, 37.0117969 ] ], [ [ -86.4324929, 37.0117969 ], [ -86.4324997, 37.0118379 ] ], [ [ -86.4324997, 37.0118379 ], [ -86.4325019, 37.0119266 ] ], [ [ -86.4325019, 37.0119266 ], [ -86.432462, 37.012563 ] ], [ [ -86.432462, 37.012563 ], [ -86.432469, 37.012624 ] ], [ [ -86.432469, 37.012624 ], [ -86.432479, 37.012692 ] ], [ [ -86.432479, 37.012692 ], [ -86.432501, 37.012746 ] ], [ [ -86.432501, 37.012746 ], [ -86.432533, 37.012796 ] ], [ [ -86.432533, 37.012796 ], [ -86.432563, 37.012837 ] ], [ [ -86.432563, 37.012837 ], [ -86.432605, 37.012882 ] ], [ [ -86.432605, 37.012882 ], [ -86.432652, 37.012924 ] ], [ [ -86.432652, 37.012924 ], [ -86.432819, 37.013043 ] ], [ [ -86.432819, 37.013043 ], [ -86.432876, 37.013081 ] ], [ [ -86.432876, 37.013081 ], [ -86.43338, 37.013396 ] ], [ [ -86.43338, 37.013396 ], [ -86.4333942, 37.0134048 ] ] ] } },
{ "type": "Feature", "properties": { "name": "Maplewood Avenue", "highway": "residential", "length": 38.0, "risk_tier": "critical", "zone_type": "riverine" }, "geometry": { "type": "MultiLineString", "coordinates": [ [ [ -86.4900807, 36.9846438 ], [ -86.4901015, 36.984644 ] ], [ [ -86.4901015, 36.984644 ], [ -86.4901214, 36.9846392 ] ], [ [ -86.4901214, 36.9846392 ], [ -86.4901386, 36.9846298 ] ], [ [ -86.4901386, 36.9846298 ], [ -86.4901514, 36.9846168 ] ], [ [ -86.4901514, 36.9846168 ], [ -86.4901586, 36.984601499999982 ] ], [ [ -86.4901586, 36.984601499999982 ], [ -86.4901599, 36.9845853 ] ], [ [ -86.4901599, 36.9845853 ], [ -86.4901551, 36.9845694 ] ], [ [ -86.4901551, 36.9845694 ], [ -86.4901447, 36.9845554 ] ], [ [ -86.4901447, 36.9845554 ], [ -86.4901295, 36.9845445 ] ], [ [ -86.4901295, 36.9845445 ], [ -86.4901104, 36.9845375 ] ], [ [ -86.4901104, 36.9845375 ], [ -86.4900895, 36.984535499999978 ] ], [ [ -86.4900895, 36.984535499999978 ], [ -86.4900688, 36.9845387 ] ], [ [ -86.4900688, 36.9845387 ], [ -86.4900504, 36.98454670000001 ] ], [ [ -86.4900504, 36.98454670000001 ], [ -86.490035800000015, 36.9845589 ] ], [ [ -86.490035800000015, 36.9845589 ], [ -86.4900266, 36.984574 ] ], [ [ -86.4900266, 36.984574 ], [ -86.4900236, 36.984589 ] ], [ [ -86.4900236, 36.984589 ], [ -86.4900259, 36.9846041 ] ], [ [ -86.4900259, 36.9846041 ], [ -86.490033400000016, 36.9846181 ] ], [ [ -86.490033400000016, 36.9846181 ], [ -86.4900454, 36.9846299 ] ], [ [ -86.4900454, 36.9846299 ], [ -86.490061, 36.9846386 ] ], [ [ -86.490061, 36.9846386 ], [ -86.4900807, 36.9846438 ] ] ] } },
{ "type": "Feature", "properties": { "name": "Hayes Lane", "highway": "residential", "length": 849.0, "risk_tier": "critical", "zone_type": "riverine" }, "geometry": { "type": "MultiLineString", "coordinates": [ [ [ -86.415785, 36.990046 ], [ -86.4157671, 36.9901974 ] ], [ [ -86.4157671, 36.9901974 ], [ -86.4157587, 36.9902516 ] ], [ [ -86.4157587, 36.9902516 ], [ -86.415732, 36.990454 ] ], [ [ -86.415732, 36.990454 ], [ -86.415727, 36.990505 ] ], [ [ -86.415727, 36.990505 ], [ -86.415698, 36.990742 ] ], [ [ -86.415698, 36.990742 ], [ -86.415601, 36.991628 ] ], [ [ -86.415601, 36.991628 ], [ -86.415592, 36.991699 ] ], [ [ -86.415592, 36.991699 ], [ -86.41549, 36.992557 ] ], [ [ -86.41549, 36.992557 ], [ -86.4154512, 36.9929446 ] ], [ [ -86.4154512, 36.9929446 ], [ -86.415398, 36.993477 ] ], [ [ -86.415398, 36.993477 ], [ -86.415391, 36.993565 ] ], [ [ -86.415391, 36.993565 ], [ -86.415327, 36.994164 ] ], [ [ -86.415327, 36.994164 ], [ -86.41532, 36.994209 ] ], [ [ -86.41532, 36.994209 ], [ -86.415311, 36.994246 ] ], [ [ -86.415311, 36.994246 ], [ -86.415146, 36.994868 ] ], [ [ -86.415146, 36.994868 ], [ -86.414826, 36.996032 ] ], [ [ -86.414826, 36.996032 ], [ -86.414727, 36.996402 ] ], [ [ -86.414727, 36.996402 ], [ -86.41471, 36.996472 ] ], [ [ -86.41471, 36.996472 ], [ -86.414618, 36.996869 ] ], [ [ -86.414618, 36.996869 ], [ -86.414608, 36.996902 ] ], [ [ -86.414608, 36.996902 ], [ -86.414599, 36.996936 ] ], [ [ -86.414599, 36.996936 ], [ -86.414576, 36.997011 ] ], [ [ -86.414576, 36.997011 ], [ -86.414548, 36.997079 ] ], [ [ -86.414548, 36.997079 ], [ -86.41448, 36.997207 ] ], [ [ -86.41448, 36.997207 ], [ -86.414435, 36.997277 ] ], [ [ -86.414435, 36.997277 ], [ -86.414391, 36.997339 ] ], [ [ -86.414391, 36.997339 ], [ -86.414313, 36.997424 ] ], [ [ -86.414313, 36.997424 ], [ -86.41423, 36.997527 ] ] ] } },
{ "type": "Feature", "properties": { "name": "East 1st Avenue", "highway": "residential", "length": 153.0, "risk_tier": "critical", "zone_type": "riverine" }, "geometry": { "type": "MultiLineString", "coordinates": [ [ [ -86.428139, 36.997648 ], [ -86.4279577, 36.997453 ] ], [ [ -86.4279577, 36.997453 ], [ -86.427662, 36.997135 ] ], [ [ -86.427662, 36.997135 ], [ -86.427471, 36.996919 ] ], [ [ -86.427471, 36.996919 ], [ -86.427173, 36.996608 ] ], [ [ -86.427173, 36.996608 ], [ -86.427113, 36.996543 ] ] ] } },
{ "type": "Feature", "properties": { "name": "Brownslock Road", "highway": "residential", "length": 337.0, "risk_tier": "critical", "zone_type": "riverine" }, "geometry": { "type": "MultiLineString", "coordinates": [ [ [ -86.457436, 37.006068 ], [ -86.457326, 37.006158 ] ], [ [ -86.457326, 37.006158 ], [ -86.457289, 37.006197 ] ], [ [ -86.457289, 37.006197 ], [ -86.457260100000013, 37.006231 ] ], [ [ -86.457260100000013, 37.006231 ], [ -86.4572293, 37.0062685 ] ], [ [ -86.4572293, 37.0062685 ], [ -86.457303, 37.00631 ] ], [ [ -86.457303, 37.00631 ], [ -86.457345, 37.006337 ] ], [ [ -86.457345, 37.006337 ], [ -86.457377, 37.006355 ] ], [ [ -86.457377, 37.006355 ], [ -86.457418, 37.00638 ] ], [ [ -86.457418, 37.00638 ], [ -86.457621, 37.006494 ] ], [ [ -86.457621, 37.006494 ], [ -86.457655, 37.0065139 ] ], [ [ -86.457655, 37.0065139 ], [ -86.457783, 37.006589 ] ], [ [ -86.457783, 37.006589 ], [ -86.457862, 37.006639 ] ], [ [ -86.457862, 37.006639 ], [ -86.457939, 37.006691 ] ], [ [ -86.457939, 37.006691 ], [ -86.458013, 37.006743 ] ], [ [ -86.458013, 37.006743 ], [ -86.458158, 37.006842 ] ], [ [ -86.458158, 37.006842 ], [ -86.458291, 37.006935 ] ], [ [ -86.458291, 37.006935 ], [ -86.458354, 37.006977 ] ], [ [ -86.458354, 37.006977 ], [ -86.458411, 37.007017 ] ], [ [ -86.458411, 37.007017 ], [ -86.458463, 37.007052 ] ], [ [ -86.458463, 37.007052 ], [ -86.458503, 37.007084 ] ], [ [ -86.458503, 37.007084 ], [ -86.458514, 37.007099 ] ], [ [ -86.458514, 37.007099 ], [ -86.458518, 37.007108 ] ], [ [ -86.458518, 37.007108 ], [ -86.45852, 37.007117 ] ], [ [ -86.45852, 37.007117 ], [ -86.458523, 37.007123 ] ], [ [ -86.458523, 37.007123 ], [ -86.458524, 37.00713 ] ], [ [ -86.458524, 37.00713 ], [ -86.458524, 37.007138 ] ], [ [ -86.458524, 37.007138 ], [ -86.458522, 37.007154 ] ], [ [ -86.458522, 37.007154 ], [ -86.458512, 37.007177 ] ], [ [ -86.458512, 37.007177 ], [ -86.458503, 37.007192 ] ], [ [ -86.458503, 37.007192 ], [ -86.458491, 37.007207 ] ], [ [ -86.458491, 37.007207 ], [ -86.458454, 37.007241 ] ], [ [ -86.458454, 37.007241 ], [ -86.458412, 37.007275 ] ], [ [ -86.458412, 37.007275 ], [ -86.458367, 37.007307 ] ], [ [ -86.458367, 37.007307 ], [ -86.45832, 37.007337 ] ], [ [ -86.45832, 37.007337 ], [ -86.458226, 37.00739 ] ], [ [ -86.458226, 37.00739 ], [ -86.45808, 37.007461 ] ], [ [ -86.45808, 37.007461 ], [ -86.457988, 37.00751 ] ], [ [ -86.457988, 37.00751 ], [ -86.457894, 37.007564 ] ], [ [ -86.457894, 37.007564 ], [ -86.457793, 37.007626 ] ], [ [ -86.457793, 37.007626 ], [ -86.457532, 37.007792 ] ], [ [ -86.457532, 37.007792 ], [ -86.457479, 37.007817 ] ], [ [ -86.457479, 37.007817 ], [ -86.457423, 37.007832 ] ], [ [ -86.457423, 37.007832 ], [ -86.45737, 37.007838 ] ], [ [ -86.45737, 37.007838 ], [ -86.457319, 37.007839 ] ], [ [ -86.457319, 37.007839 ], [ -86.457277, 37.007834 ] ], [ [ -86.457277, 37.007834 ], [ -86.457086, 37.007826 ] ] ] } },
{ "type": "Feature", "properties": { "name": "Mudd Avenue", "highway": "residential", "length": 391.0, "risk_tier": "critical", "zone_type": "riverine" }, "geometry": { "type": "MultiLineString", "coordinates": [ [ [ -86.466569, 37.0074 ], [ -86.466581, 37.007494 ] ], [ [ -86.466581, 37.007494 ], [ -86.466594, 37.007539 ] ], [ [ -86.466594, 37.007539 ], [ -86.46661, 37.007576 ] ], [ [ -86.46661, 37.007576 ], [ -86.466632, 37.007616 ] ], [ [ -86.466632, 37.007616 ], [ -86.466695, 37.007705 ] ], [ [ -86.466695, 37.007705 ], [ -86.46674, 37.007758 ] ], [ [ -86.46674, 37.007758 ], [ -86.466793, 37.00781 ] ], [ [ -86.466793, 37.00781 ], [ -86.466858, 37.007861 ] ], [ [ -86.466858, 37.007861 ], [ -86.466932, 37.00791 ] ], [ [ -86.466932, 37.00791 ], [ -86.467018, 37.007958 ] ], [ [ -86.467018, 37.007958 ], [ -86.467119, 37.007998 ] ], [ [ -86.467119, 37.007998 ], [ -86.467226, 37.008031 ] ], [ [ -86.467226, 37.008031 ], [ -86.4674364, 37.0080743 ] ], [ [ -86.4674364, 37.0080743 ], [ -86.467733, 37.008124 ] ], [ [ -86.467733, 37.008124 ], [ -86.468014, 37.00818 ] ], [ [ -86.468014, 37.00818 ], [ -86.46815, 37.008216 ] ], [ [ -86.46815, 37.008216 ], [ -86.468282, 37.008261 ] ], [ [ -86.468282, 37.008261 ], [ -86.468398, 37.008308 ] ], [ [ -86.468398, 37.008308 ], [ -86.468522, 37.008369 ] ], [ [ -86.468522, 37.008369 ], [ -86.468743, 37.008495 ] ], [ [ -86.468743, 37.008495 ], [ -86.468964, 37.00863 ] ], [ [ -86.468964, 37.00863 ], [ -86.469077, 37.008697 ] ], [ [ -86.469077, 37.008697 ], [ -86.469303, 37.00882 ] ], [ [ -86.469303, 37.00882 ], [ -86.469412, 37.008874 ] ], [ [ -86.469412, 37.008874 ], [ -86.469521, 37.00892 ] ], [ [ -86.469521, 37.00892 ], [ -86.4696054, 37.0089503 ] ], [ [ -86.4696054, 37.0089503 ], [ -86.470019, 37.009075 ] ], [ [ -86.470019, 37.009075 ], [ -86.470196, 37.009124 ] ] ] } },
{ "type": "Feature", "properties": { "name": "Brookshore Avenue", "highway": "residential", "length": 560.0, "risk_tier": "critical", "zone_type": "riverine" }, "geometry": { "type": "MultiLineString", "coordinates": [ [ [ -86.48699, 36.973271 ], [ -86.486724, 36.973425 ] ], [ [ -86.486724, 36.973425 ], [ -86.48658, 36.973547 ] ], [ [ -86.48658, 36.973547 ], [ -86.486492, 36.973706 ] ], [ [ -86.486492, 36.973706 ], [ -86.486481, 36.973884 ] ], [ [ -86.486481, 36.973884 ], [ -86.486523, 36.973972 ] ], [ [ -86.486523, 36.973972 ], [ -86.486589, 36.974058 ] ], [ [ -86.486589, 36.974058 ], [ -86.487434, 36.975111 ] ], [ [ -86.487434, 36.975111 ], [ -86.487567, 36.975273 ] ], [ [ -86.487567, 36.975273 ], [ -86.487625, 36.975358 ] ], [ [ -86.487625, 36.975358 ], [ -86.487666, 36.975446 ] ], [ [ -86.487666, 36.975446 ], [ -86.4876709, 36.975464 ] ], [ [ -86.4876709, 36.975464 ], [ -86.487688, 36.975539 ] ], [ [ -86.487688, 36.975539 ], [ -86.4877, 36.975635 ] ], [ [ -86.4877, 36.975635 ], [ -86.487708, 36.975731 ] ], [ [ -86.487708, 36.975731 ], [ -86.487719, 36.975907 ] ], [ [ -86.487719, 36.975907 ], [ -86.487798, 36.976996 ] ], [ [ -86.487798, 36.976996 ], [ -86.487853, 36.977692 ] ], [ [ -86.487853, 36.977692 ], [ -86.487877, 36.977864 ] ] ] } },
{ "type": "Feature", "properties": { "name": "Commerce Street", "highway": "residential", "length": 850.0, "risk_tier": "critical", "zone_type": "riverine" }, "geometry": { "type": "MultiLineString", "coordinates": [ [ [ -86.383136, 37.013297 ], [ -86.383262, 37.013451 ] ], [ [ -86.383262, 37.013451 ], [ -86.383583, 37.013791 ] ], [ [ -86.383583, 37.013791 ], [ -86.383902, 37.014119 ] ], [ [ -86.383902, 37.014119 ], [ -86.383986, 37.014217 ] ], [ [ -86.383986, 37.014217 ], [ -86.384099, 37.014332 ] ], [ [ -86.384099, 37.014332 ], [ -86.384161, 37.014408 ] ], [ [ -86.384161, 37.014408 ], [ -86.38424, 37.014482 ] ], [ [ -86.38424, 37.014482 ], [ -86.384315, 37.014575 ] ], [ [ -86.384315, 37.014575 ], [ -86.384616, 37.0148978 ] ], [ [ -86.384616, 37.0148978 ], [ -86.384839, 37.015137 ] ], [ [ -86.384839, 37.015137 ], [ -86.385267, 37.015587 ] ], [ [ -86.385267, 37.015587 ], [ -86.385595, 37.0159447 ] ], [ [ -86.385595, 37.0159447 ], [ -86.3856218, 37.0159739 ] ], [ [ -86.3856218, 37.0159739 ], [ -86.385838, 37.016205 ] ], [ [ -86.385838, 37.016205 ], [ -86.3859708, 37.0163501 ] ], [ [ -86.3859708, 37.0163501 ], [ -86.38609, 37.016469 ] ], [ [ -86.38609, 37.016469 ], [ -86.386166, 37.016554 ] ], [ [ -86.386166, 37.016554 ], [ -86.386619, 37.017026 ] ], [ [ -86.386619, 37.017026 ], [ -86.3868549, 37.0172794 ] ], [ [ -86.3868549, 37.0172794 ], [ -86.3871404, 37.0175826 ] ], [ [ -86.3871404, 37.0175826 ], [ -86.3872538, 37.0177041 ] ], [ [ -86.3872538, 37.0177041 ], [ -86.3876947, 37.018184 ] ], [ [ -86.3876947, 37.018184 ], [ -86.388008, 37.018525 ] ], [ [ -86.388008, 37.018525 ], [ -86.3881553, 37.0186841 ] ], [ [ -86.3881553, 37.0186841 ], [ -86.3882563, 37.0187922 ] ], [ [ -86.3882563, 37.0187922 ], [ -86.3885211, 37.0190719 ] ], [ [ -86.3885211, 37.0190719 ], [ -86.3886303, 37.0191873 ] ], [ [ -86.3886303, 37.0191873 ], [ -86.3888689, 37.0194182 ] ] ] } },
{ "type": "Feature", "properties": { "name": "Clifford Way", "highway": "residential", "length": 626.0, "risk_tier": "critical", "zone_type": "riverine" }, "geometry": { "type": "MultiLineString", "coordinates": [ [ [ -86.383047, 36.994397 ], [ -86.383246, 36.994394 ] ], [ [ -86.383246, 36.994394 ], [ -86.383406, 36.994388 ] ], [ [ -86.383406, 36.994388 ], [ -86.383515, 36.994379 ] ], [ [ -86.383515, 36.994379 ], [ -86.383735, 36.994362 ] ], [ [ -86.383735, 36.994362 ], [ -86.384166, 36.994319 ] ], [ [ -86.384166, 36.994319 ], [ -86.385007, 36.994256 ] ], [ [ -86.385007, 36.994256 ], [ -86.385178, 36.99424 ] ], [ [ -86.385178, 36.99424 ], [ -86.3859533, 36.9941777 ] ], [ [ -86.3859533, 36.9941777 ], [ -86.386287, 36.994148 ] ], [ [ -86.386287, 36.994148 ], [ -86.3872561, 36.9940522 ] ], [ [ -86.3872561, 36.9940522 ], [ -86.3874467, 36.9940335 ] ], [ [ -86.3874467, 36.9940335 ], [ -86.388121, 36.993956 ] ], [ [ -86.388121, 36.993956 ], [ -86.389932, 36.9937764 ] ], [ [ -86.389932, 36.9937764 ], [ -86.3899957, 36.993779699999983 ] ], [ [ -86.3899957, 36.993779699999983 ], [ -86.390031, 36.9938102 ] ] ] } },
{ "type": "Feature", "properties": { "name": "Eric Avenue", "highway": "residential", "length": 124.0, "risk_tier": "critical", "zone_type": "riverine" }, "geometry": { "type": "LineString", "coordinates": [ [ -86.479613, 36.987955 ], [ -86.478283, 36.988282 ] ] } },
{ "type": "Feature", "properties": { "name": "Juliet Way", "highway": "primary_link", "length": 20.0, "risk_tier": "critical", "zone_type": "riverine" }, "geometry": { "type": "LineString", "coordinates": [ [ -86.3946676, 37.0106201 ], [ -86.3946897, 37.010798 ] ] } },
{ "type": "Feature", "properties": { "name": "Morgantown Road", "highway": "primary", "length": 327.0, "risk_tier": "critical", "zone_type": "riverine" }, "geometry": { "type": "MultiLineString", "coordinates": [ [ [ -86.4659882, 36.9815095 ], [ -86.4661854, 36.981692100000011 ] ], [ [ -86.4661854, 36.981692100000011 ], [ -86.4662426, 36.9817302 ] ], [ [ -86.4662426, 36.9817302 ], [ -86.466292, 36.981763 ] ], [ [ -86.466292, 36.981763 ], [ -86.466447, 36.981858 ] ], [ [ -86.466447, 36.981858 ], [ -86.4666875, 36.9820026 ] ], [ [ -86.4666875, 36.9820026 ], [ -86.4667247, 36.9820208 ] ], [ [ -86.4667247, 36.9820208 ], [ -86.466947, 36.98215110000001 ] ], [ [ -86.466947, 36.98215110000001 ], [ -86.4671327, 36.9822599 ] ], [ [ -86.4671327, 36.9822599 ], [ -86.4672613, 36.9823353 ] ], [ [ -86.4672613, 36.9823353 ], [ -86.4673737, 36.9824012 ] ], [ [ -86.4673737, 36.9824012 ], [ -86.4675799, 36.982522 ] ], [ [ -86.4675799, 36.982522 ], [ -86.4677902, 36.9826453 ] ], [ [ -86.4677902, 36.9826453 ], [ -86.46795, 36.982739 ] ], [ [ -86.46795, 36.982739 ], [ -86.4684485, 36.9830338 ] ], [ [ -86.4684485, 36.9830338 ], [ -86.4688965, 36.9832988 ] ] ] } },
{ "type": "Feature", "properties": { "name": "Shannon Drive", "highway": "residential", "length": 323.0, "risk_tier": "critical", "zone_type": "riverine" }, "geometry": { "type": "MultiLineString", "coordinates": [ [ [ -86.461327, 37.004535 ], [ -86.461459, 37.004333 ] ], [ [ -86.461459, 37.004333 ], [ -86.461568, 37.004165 ] ], [ [ -86.461568, 37.004165 ], [ -86.46167, 37.003996 ] ], [ [ -86.46167, 37.003996 ], [ -86.4616798, 37.00398 ] ], [ [ -86.4616798, 37.00398 ], [ -86.461729, 37.0039 ] ], [ [ -86.461729, 37.0039 ], [ -86.461788, 37.003802 ] ], [ [ -86.461788, 37.003802 ], [ -86.461934, 37.003574 ] ], [ [ -86.461934, 37.003574 ], [ -86.462026, 37.003428 ] ], [ [ -86.462026, 37.003428 ], [ -86.462075, 37.003346 ] ], [ [ -86.462075, 37.003346 ], [ -86.462229, 37.003105 ] ], [ [ -86.462229, 37.003105 ], [ -86.46231, 37.002983 ] ], [ [ -86.46231, 37.002983 ], [ -86.462375, 37.002875 ] ], [ [ -86.462375, 37.002875 ], [ -86.462376, 37.002873 ] ], [ [ -86.462376, 37.002873 ], [ -86.4625014, 37.0026667 ] ], [ [ -86.4625014, 37.0026667 ], [ -86.462686, 37.002363 ] ], [ [ -86.462686, 37.002363 ], [ -86.462753, 37.002254 ] ], [ [ -86.462753, 37.002254 ], [ -86.462812, 37.002156 ] ], [ [ -86.462812, 37.002156 ], [ -86.462862, 37.002063 ] ], [ [ -86.462862, 37.002063 ], [ -86.4629107, 37.0019223 ] ] ] } },
{ "type": "Feature", "properties": { "name": "Angora Court", "highway": "residential", "length": 145.0, "risk_tier": "critical", "zone_type": "riverine" }, "geometry": { "type": "MultiLineString", "coordinates": [ [ [ -86.464859, 37.004375 ], [ -86.464877, 37.004421 ] ], [ [ -86.464877, 37.004421 ], [ -86.464915, 37.004489 ] ], [ [ -86.464915, 37.004489 ], [ -86.464965, 37.004551 ] ], [ [ -86.464965, 37.004551 ], [ -86.46503, 37.004609 ] ], [ [ -86.46503, 37.004609 ], [ -86.465098, 37.004662 ] ], [ [ -86.465098, 37.004662 ], [ -86.465173, 37.004711 ] ], [ [ -86.465173, 37.004711 ], [ -86.465251, 37.004758 ] ], [ [ -86.465251, 37.004758 ], [ -86.465332, 37.004803 ] ], [ [ -86.465332, 37.004803 ], [ -86.46549, 37.004886 ] ], [ [ -86.46549, 37.004886 ], [ -86.465579, 37.004924 ] ], [ [ -86.465579, 37.004924 ], [ -86.465657, 37.004963 ] ], [ [ -86.465657, 37.004963 ], [ -86.465726, 37.004999 ] ], [ [ -86.465726, 37.004999 ], [ -86.465789, 37.005033 ] ], [ [ -86.465789, 37.005033 ], [ -86.465924, 37.005109 ] ], [ [ -86.465924, 37.005109 ], [ -86.466088, 37.0052 ] ] ] } },
{ "type": "Feature", "properties": { "name": "Crewdson Drive", "highway": "residential", "length": 145.0, "risk_tier": "critical", "zone_type": "riverine" }, "geometry": { "type": "MultiLineString", "coordinates": [ [ [ -86.466088, 37.0052 ], [ -86.465955, 37.00532 ] ], [ [ -86.465955, 37.00532 ], [ -86.465852, 37.005406 ] ], [ [ -86.465852, 37.005406 ], [ -86.46497, 37.006152 ] ] ] } },
{ "type": "Feature", "properties": { "name": "Old Barren River Road", "highway": "residential", "length": 202.0, "risk_tier": "critical", "zone_type": "riverine" }, "geometry": { "type": "MultiLineString", "coordinates": [ [ [ -86.46497, 37.006152 ], [ -86.465282, 37.006342 ] ], [ [ -86.465282, 37.006342 ], [ -86.465492, 37.00647 ] ], [ [ -86.465492, 37.00647 ], [ -86.465897, 37.006709 ] ], [ [ -86.465897, 37.006709 ], [ -86.466056, 37.006809 ] ], [ [ -86.466056, 37.006809 ], [ -86.466153, 37.006877 ] ], [ [ -86.466153, 37.006877 ], [ -86.466234, 37.006946 ] ], [ [ -86.466234, 37.006946 ], [ -86.466301, 37.007015 ] ], [ [ -86.466301, 37.007015 ], [ -86.466357, 37.007085 ] ], [ [ -86.466357, 37.007085 ], [ -86.466462, 37.007237 ] ], [ [ -86.466462, 37.007237 ], [ -86.466483, 37.00727 ] ], [ [ -86.466483, 37.00727 ], [ -86.466569, 37.0074 ] ] ] } },
{ "type": "Feature", "properties": { "name": "Pearl Street", "highway": "residential", "length": 277.0, "risk_tier": "critical", "zone_type": "riverine" }, "geometry": { "type": "MultiLineString", "coordinates": [ [ [ -86.447182, 37.010692 ], [ -86.445738, 37.011217 ] ], [ [ -86.445738, 37.011217 ], [ -86.444877, 37.011529 ] ], [ [ -86.444877, 37.011529 ], [ -86.444332, 37.011701 ] ] ] } },
{ "type": "Feature", "properties": { "name": "Boatlanding Road", "highway": "residential", "length": 140.0, "risk_tier": "critical", "zone_type": "riverine" }, "geometry": { "type": "MultiLineString", "coordinates": [ [ [ -86.443709, 37.010543 ], [ -86.444183, 37.011424 ] ], [ [ -86.444183, 37.011424 ], [ -86.44424, 37.011523 ] ], [ [ -86.44424, 37.011523 ], [ -86.444332, 37.011701 ] ] ] } },
{ "type": "Feature", "properties": { "name": "Pearl Street", "highway": "residential", "length": 136.0, "risk_tier": "critical", "zone_type": "riverine" }, "geometry": { "type": "MultiLineString", "coordinates": [ [ [ -86.444332, 37.011701 ], [ -86.44323, 37.0120814 ] ], [ [ -86.44323, 37.0120814 ], [ -86.442927, 37.012186 ] ] ] } },
{ "type": "Feature", "properties": { "name": "College Street", "highway": "tertiary", "length": 334.0, "risk_tier": "critical", "zone_type": "riverine" }, "geometry": { "type": "MultiLineString", "coordinates": [ [ [ -86.432391, 36.999921 ], [ -86.432881, 36.999596 ] ], [ [ -86.432881, 36.999596 ], [ -86.433008, 36.999513 ] ], [ [ -86.433008, 36.999513 ], [ -86.433132, 36.999428 ] ], [ [ -86.433132, 36.999428 ], [ -86.433374, 36.999255 ] ], [ [ -86.433374, 36.999255 ], [ -86.433819, 36.99896 ] ], [ [ -86.433819, 36.99896 ], [ -86.4344944, 36.99851790000001 ] ], [ [ -86.4344944, 36.99851790000001 ], [ -86.4348818, 36.9982643 ] ], [ [ -86.4348818, 36.9982643 ], [ -86.435287, 36.997999 ] ] ] } },
{ "type": "Feature", "properties": { "name": "East 2nd Avenue", "highway": "residential", "length": 145.0, "risk_tier": "critical", "zone_type": "riverine" }, "geometry": { "type": "MultiLineString", "coordinates": [ [ [ -86.432391, 36.999921 ], [ -86.432925, 37.000429 ] ], [ [ -86.432925, 37.000429 ], [ -86.433448, 37.000912 ] ] ] } },
{ "type": "Feature", "properties": { "name": "College Street", "highway": "tertiary", "length": 159.0, "risk_tier": "critical", "zone_type": "riverine" }, "geometry": { "type": "MultiLineString", "coordinates": [ [ [ -86.43102, 37.000842 ], [ -86.431229, 37.000708 ] ], [ [ -86.431229, 37.000708 ], [ -86.431313, 37.000653 ] ], [ [ -86.431313, 37.000653 ], [ -86.431603, 37.00046 ] ], [ [ -86.431603, 37.00046 ], [ -86.431819, 37.000315 ] ], [ [ -86.431819, 37.000315 ], [ -86.432159, 37.00008 ] ], [ [ -86.432159, 37.00008 ], [ -86.432276, 37.000002 ] ], [ [ -86.432276, 37.000002 ], [ -86.432391, 36.999921 ] ] ] } },
{ "type": "Feature", "properties": { "name": "East 2nd Avenue", "highway": "residential", "length": 143.0, "risk_tier": "critical", "zone_type": "riverine" }, "geometry": { "type": "MultiLineString", "coordinates": [ [ [ -86.433448, 37.000912 ], [ -86.4334977, 37.0009559 ] ], [ [ -86.4334977, 37.0009559 ], [ -86.433602, 37.001048 ] ], [ [ -86.433602, 37.001048 ], [ -86.4337246, 37.001165499999978 ] ], [ [ -86.4337246, 37.001165499999978 ], [ -86.433961, 37.001392 ] ], [ [ -86.433961, 37.001392 ], [ -86.4340343, 37.0014674 ] ], [ [ -86.4340343, 37.0014674 ], [ -86.434277, 37.001717 ] ], [ [ -86.434277, 37.001717 ], [ -86.434399, 37.001857 ] ], [ [ -86.434399, 37.001857 ], [ -86.434419, 37.001876 ] ], [ [ -86.434419, 37.001876 ], [ -86.434443, 37.001891 ] ], [ [ -86.434443, 37.001891 ], [ -86.434469, 37.0019 ] ] ] } },
{ "type": "Feature", "properties": { "name": "Hayes Lane", "highway": "residential", "length": 867.0, "risk_tier": "critical", "zone_type": "riverine" }, "geometry": { "type": "MultiLineString", "coordinates": [ [ [ -86.414709, 36.997785 ], [ -86.414707, 36.997525 ] ], [ [ -86.414707, 36.997525 ], [ -86.414694, 36.997238 ] ], [ [ -86.414694, 36.997238 ], [ -86.414698, 36.997059 ] ], [ [ -86.414698, 36.997059 ], [ -86.414705, 36.996974 ] ], [ [ -86.414705, 36.996974 ], [ -86.414716, 36.996897 ] ], [ [ -86.414716, 36.996897 ], [ -86.414933, 36.996043 ] ], [ [ -86.414933, 36.996043 ], [ -86.41518, 36.995073 ] ], [ [ -86.41518, 36.995073 ], [ -86.415395, 36.994288 ] ], [ [ -86.415395, 36.994288 ], [ -86.41541, 36.994207 ] ], [ [ -86.41541, 36.994207 ], [ -86.415433, 36.993972 ] ], [ [ -86.415433, 36.993972 ], [ -86.415463, 36.993705 ] ], [ [ -86.415463, 36.993705 ], [ -86.415477, 36.993568 ] ], [ [ -86.415477, 36.993568 ], [ -86.415502, 36.993347 ] ], [ [ -86.415502, 36.993347 ], [ -86.415507, 36.993312 ] ], [ [ -86.415507, 36.993312 ], [ -86.41551, 36.993274 ] ], [ [ -86.41551, 36.993274 ], [ -86.415519, 36.993188 ] ], [ [ -86.415519, 36.993188 ], [ -86.415529, 36.993056 ] ], [ [ -86.415529, 36.993056 ], [ -86.415586, 36.992563 ] ], [ [ -86.415586, 36.992563 ], [ -86.415592, 36.9925 ] ], [ [ -86.415592, 36.9925 ], [ -86.415629, 36.992175 ] ], [ [ -86.415629, 36.992175 ], [ -86.4156717, 36.9917783 ] ], [ [ -86.4156717, 36.9917783 ], [ -86.4156774, 36.991704 ] ], [ [ -86.4156774, 36.991704 ], [ -86.4157791, 36.9907469 ] ], [ [ -86.4157791, 36.9907469 ], [ -86.415834, 36.9902513 ] ], [ [ -86.415834, 36.9902513 ], [ -86.4158386, 36.990208 ] ], [ [ -86.4158386, 36.990208 ], [ -86.415856, 36.990058 ] ] ] } },
{ "type": "Feature", "properties": { "name": "Riverview Drive", "highway": "primary", "length": 100.0, "risk_tier": "critical", "zone_type": "riverine" }, "geometry": { "type": "MultiLineString", "coordinates": [ [ [ -86.432041, 37.001841 ], [ -86.4320815, 37.001890200000012 ] ], [ [ -86.4320815, 37.001890200000012 ], [ -86.432374, 37.002245 ] ], [ [ -86.432374, 37.002245 ], [ -86.432632, 37.00261 ] ] ] } },
{ "type": "Feature", "properties": { "name": "Old Louisville Road", "highway": "tertiary", "length": 373.0, "risk_tier": "critical", "zone_type": "riverine" }, "geometry": { "type": "MultiLineString", "coordinates": [ [ [ -86.4129013, 37.006413 ], [ -86.4121747, 37.0065339 ] ], [ [ -86.4121747, 37.0065339 ], [ -86.4118078, 37.006599799999989 ] ], [ [ -86.4118078, 37.006599799999989 ], [ -86.4117952, 37.0066026 ] ], [ [ -86.4117952, 37.0066026 ], [ -86.411575200000016, 37.0066511 ] ], [ [ -86.411575200000016, 37.0066511 ], [ -86.411503, 37.006667 ] ], [ [ -86.411503, 37.006667 ], [ -86.4112117, 37.0067442 ] ], [ [ -86.4112117, 37.0067442 ], [ -86.411133, 37.006765 ] ], [ [ -86.411133, 37.006765 ], [ -86.410958, 37.006815 ] ], [ [ -86.410958, 37.006815 ], [ -86.410806, 37.006862 ] ], [ [ -86.410806, 37.006862 ], [ -86.4107206, 37.0068903 ] ], [ [ -86.4107206, 37.0068903 ], [ -86.410652, 37.006913 ] ], [ [ -86.410652, 37.006913 ], [ -86.410548, 37.006952 ] ], [ [ -86.410548, 37.006952 ], [ -86.410393, 37.007012 ] ], [ [ -86.410393, 37.007012 ], [ -86.41037, 37.00702 ] ], [ [ -86.41037, 37.00702 ], [ -86.41004, 37.007151 ] ], [ [ -86.41004, 37.007151 ], [ -86.409828, 37.007239 ] ], [ [ -86.409828, 37.007239 ], [ -86.409698, 37.007299 ] ], [ [ -86.409698, 37.007299 ], [ -86.409676, 37.007308 ] ], [ [ -86.409676, 37.007308 ], [ -86.409547, 37.007367 ] ], [ [ -86.409547, 37.007367 ], [ -86.409524, 37.007376 ] ], [ [ -86.409524, 37.007376 ], [ -86.409199, 37.007522 ] ], [ [ -86.409199, 37.007522 ], [ -86.409058, 37.007589 ] ], [ [ -86.409058, 37.007589 ], [ -86.409008, 37.0076133 ] ] ] } },
{ "type": "Feature", "properties": { "name": "Riverview Drive", "highway": "primary", "length": 58.0, "risk_tier": "critical", "zone_type": "riverine" }, "geometry": { "type": "MultiLineString", "coordinates": [ [ [ -86.4298458, 36.9997573 ], [ -86.429969, 36.999882 ] ], [ [ -86.429969, 36.999882 ], [ -86.430265, 37.000153 ] ] ] } },
{ "type": "Feature", "properties": { "name": "State Street", "highway": "tertiary", "length": 97.0, "risk_tier": "critical", "zone_type": "riverine" }, "geometry": { "type": "MultiLineString", "coordinates": [ [ [ -86.4306946, 36.999209 ], [ -86.430509, 36.999329 ] ], [ [ -86.430509, 36.999329 ], [ -86.4304381, 36.9993742 ] ], [ [ -86.4304381, 36.9993742 ], [ -86.4302541, 36.999491399999989 ] ], [ [ -86.4302541, 36.999491399999989 ], [ -86.430104, 36.999587 ] ], [ [ -86.430104, 36.999587 ], [ -86.429986, 36.999656 ] ], [ [ -86.429986, 36.999656 ], [ -86.4298458, 36.9997573 ] ] ] } },
{ "type": "Feature", "properties": { "name": "Park Street", "highway": "residential", "length": 190.0, "risk_tier": "critical", "zone_type": "riverine" }, "geometry": { "type": "MultiLineString", "coordinates": [ [ [ -86.429351, 36.996871 ], [ -86.4287368, 36.9972637 ] ], [ [ -86.4287368, 36.9972637 ], [ -86.428547, 36.997385 ] ], [ [ -86.428547, 36.997385 ], [ -86.428466, 36.9974356 ] ], [ [ -86.428466, 36.9974356 ], [ -86.428451, 36.997445 ] ], [ [ -86.428451, 36.997445 ], [ -86.4284253, 36.99746219999998 ] ], [ [ -86.4284253, 36.99746219999998 ], [ -86.428357, 36.997508 ] ], [ [ -86.428357, 36.997508 ], [ -86.428268, 36.997566 ] ], [ [ -86.428268, 36.997566 ], [ -86.428139, 36.997648 ] ], [ [ -86.428139, 36.997648 ], [ -86.427906, 36.997789 ] ], [ [ -86.427906, 36.997789 ], [ -86.427673, 36.997938 ] ] ] } },
{ "type": "Feature", "properties": { "name": "Kentucky Street", "highway": "primary", "length": 504.0, "risk_tier": "critical", "zone_type": "riverine" }, "geometry": { "type": "MultiLineString", "coordinates": [ [ [ -86.4370963, 36.9998184 ], [ -86.436939, 36.999924 ] ], [ [ -86.436939, 36.999924 ], [ -86.43643, 37.000264 ] ], [ [ -86.43643, 37.000264 ], [ -86.436289, 37.000359 ] ], [ [ -86.436289, 37.000359 ], [ -86.43624, 37.000391 ] ], [ [ -86.43624, 37.000391 ], [ -86.435745, 37.000727 ] ], [ [ -86.435745, 37.000727 ], [ -86.435713, 37.00075 ] ], [ [ -86.435713, 37.00075 ], [ -86.435641, 37.000798 ] ], [ [ -86.435641, 37.000798 ], [ -86.435475, 37.000911 ] ], [ [ -86.435475, 37.000911 ], [ -86.435364, 37.000985 ] ], [ [ -86.435364, 37.000985 ], [ -86.435338, 37.001004 ] ], [ [ -86.435338, 37.001004 ], [ -86.435128, 37.001144 ] ], [ [ -86.435128, 37.001144 ], [ -86.434884, 37.001311 ] ], [ [ -86.434884, 37.001311 ], [ -86.434777, 37.001382 ] ], [ [ -86.434777, 37.001382 ], [ -86.434397, 37.001639 ] ], [ [ -86.434397, 37.001639 ], [ -86.434361, 37.001661 ] ], [ [ -86.434361, 37.001661 ], [ -86.434277, 37.001717 ] ], [ [ -86.434277, 37.001717 ], [ -86.434149, 37.001802 ] ], [ [ -86.434149, 37.001802 ], [ -86.433986, 37.001905 ] ], [ [ -86.433986, 37.001905 ], [ -86.433872, 37.001975 ] ], [ [ -86.433872, 37.001975 ], [ -86.433757, 37.002043 ] ], [ [ -86.433757, 37.002043 ], [ -86.433576, 37.002145 ] ], [ [ -86.433576, 37.002145 ], [ -86.433479, 37.002198 ] ], [ [ -86.433479, 37.002198 ], [ -86.43332, 37.002281 ] ], [ [ -86.43332, 37.002281 ], [ -86.433125, 37.002378 ] ], [ [ -86.433125, 37.002378 ], [ -86.433003, 37.002436 ] ], [ [ -86.433003, 37.002436 ], [ -86.432946, 37.00246 ] ], [ [ -86.432946, 37.00246 ], [ -86.432869, 37.002496 ] ], [ [ -86.432869, 37.002496 ], [ -86.4327839, 37.0025369 ] ], [ [ -86.4327839, 37.0025369 ], [ -86.432632, 37.00261 ] ] ] } },
{ "type": "Feature", "properties": { "name": "Big Barren Trail", "highway": "residential", "length": 321.0, "risk_tier": "critical", "zone_type": "riverine" }, "geometry": { "type": "MultiLineString", "coordinates": [ [ [ -86.381888, 36.984039 ], [ -86.382068, 36.984176 ] ], [ [ -86.382068, 36.984176 ], [ -86.382247, 36.98431 ] ], [ [ -86.382247, 36.98431 ], [ -86.382417, 36.984445 ] ], [ [ -86.382417, 36.984445 ], [ -86.382558, 36.984577 ] ], [ [ -86.382558, 36.984577 ], [ -86.382686, 36.984706 ] ], [ [ -86.382686, 36.984706 ], [ -86.382799, 36.984827 ] ], [ [ -86.382799, 36.984827 ], [ -86.382969, 36.984976 ] ], [ [ -86.382969, 36.984976 ], [ -86.383028, 36.985017 ] ], [ [ -86.383028, 36.985017 ], [ -86.383091, 36.985053 ] ], [ [ -86.383091, 36.985053 ], [ -86.383159, 36.985082 ] ], [ [ -86.383159, 36.985082 ], [ -86.383233, 36.985104 ] ], [ [ -86.383233, 36.985104 ], [ -86.383311, 36.98512 ] ], [ [ -86.383311, 36.98512 ], [ -86.383473, 36.98514 ] ], [ [ -86.383473, 36.98514 ], [ -86.384478, 36.985232 ] ], [ [ -86.384478, 36.985232 ], [ -86.384855, 36.98526 ] ], [ [ -86.384855, 36.98526 ], [ -86.384926, 36.985268 ] ] ] } },
{ "type": "Feature", "properties": { "name": "Tobacco Road", "highway": "residential", "length": 223.0, "risk_tier": "critical", "zone_type": "riverine" }, "geometry": { "type": "MultiLineString", "coordinates": [ [ [ -86.423438, 37.006859 ], [ -86.4236, 37.007079 ] ], [ [ -86.4236, 37.007079 ], [ -86.423733, 37.007257 ] ], [ [ -86.423733, 37.007257 ], [ -86.4238261, 37.0073841 ] ], [ [ -86.4238261, 37.0073841 ], [ -86.424266, 37.0079851 ] ], [ [ -86.424266, 37.0079851 ], [ -86.4243649, 37.0081202 ] ], [ [ -86.4243649, 37.0081202 ], [ -86.424427, 37.008205 ] ], [ [ -86.424427, 37.008205 ], [ -86.424613, 37.008445 ] ], [ [ -86.424613, 37.008445 ], [ -86.42467, 37.008532 ] ], [ [ -86.42467, 37.008532 ], [ -86.424698, 37.008594 ] ] ] } },
{ "type": "Feature", "properties": { "name": "Thames Valley Way", "highway": "residential", "length": 282.0, "risk_tier": "critical", "zone_type": "riverine" }, "geometry": { "type": "MultiLineString", "coordinates": [ [ [ -86.486818, 36.981278 ], [ -86.486997, 36.981286 ] ], [ [ -86.486997, 36.981286 ], [ -86.487103, 36.981293 ] ], [ [ -86.487103, 36.981293 ], [ -86.487208, 36.981301 ] ], [ [ -86.487208, 36.981301 ], [ -86.487785, 36.981337 ] ], [ [ -86.487785, 36.981337 ], [ -86.488027, 36.981351 ] ], [ [ -86.488027, 36.981351 ], [ -86.488221, 36.981357 ] ], [ [ -86.488221, 36.981357 ], [ -86.488267, 36.981358 ] ], [ [ -86.488267, 36.981358 ], [ -86.488641, 36.981356 ] ], [ [ -86.488641, 36.981356 ], [ -86.488763, 36.981359 ] ], [ [ -86.488763, 36.981359 ], [ -86.488885, 36.981369 ] ], [ [ -86.488885, 36.981369 ], [ -86.489003, 36.981389 ] ], [ [ -86.489003, 36.981389 ], [ -86.489117, 36.981417 ] ], [ [ -86.489117, 36.981417 ], [ -86.489147, 36.981427 ] ], [ [ -86.489147, 36.981427 ], [ -86.489224, 36.981453 ] ], [ [ -86.489224, 36.981453 ], [ -86.489275, 36.981474 ] ], [ [ -86.489275, 36.981474 ], [ -86.489324, 36.981497 ] ], [ [ -86.489324, 36.981497 ], [ -86.489366, 36.981521 ] ], [ [ -86.489366, 36.981521 ], [ -86.48941, 36.98155 ] ], [ [ -86.48941, 36.98155 ], [ -86.489448, 36.981579 ] ], [ [ -86.489448, 36.981579 ], [ -86.489486, 36.981612 ] ], [ [ -86.489486, 36.981612 ], [ -86.489551, 36.981678 ] ], [ [ -86.489551, 36.981678 ], [ -86.489594, 36.981725 ] ], [ [ -86.489594, 36.981725 ], [ -86.489615, 36.981746 ] ], [ [ -86.489615, 36.981746 ], [ -86.4897528, 36.98186530000001 ] ] ] } },
{ "type": "Feature", "properties": { "name": "Mimosa Court", "highway": "residential", "length": 73.0, "risk_tier": "critical", "zone_type": "riverine" }, "geometry": { "type": "MultiLineString", "coordinates": [ [ [ -86.3982763, 36.9977766 ], [ -86.3988436, 36.9978046 ] ], [ [ -86.3988436, 36.9978046 ], [ -86.399094800000015, 36.997766199999987 ] ] ] } },
{ "type": "Feature", "properties": { "name": "Mimosa Court", "highway": "residential", "length": 125.0, "risk_tier": "critical", "zone_type": "riverine" }, "geometry": { "type": "MultiLineString", "coordinates": [ [ [ -86.3994101, 36.999137 ], [ -86.3990865, 36.9995009 ] ], [ [ -86.3990865, 36.9995009 ], [ -86.3987658, 37.0001318 ] ] ] } },
{ "type": "Feature", "properties": { "name": "Jackson Street", "highway": "residential", "length": 795.0, "risk_tier": "critical", "zone_type": "riverine" }, "geometry": { "type": "MultiLineString", "coordinates": [ [ [ -86.454266, 37.006132 ], [ -86.454194, 37.006195 ] ], [ [ -86.454194, 37.006195 ], [ -86.454116, 37.006277 ] ], [ [ -86.454116, 37.006277 ], [ -86.454043, 37.006368 ] ], [ [ -86.454043, 37.006368 ], [ -86.453894, 37.006557 ] ], [ [ -86.453894, 37.006557 ], [ -86.453821, 37.006652 ] ], [ [ -86.453821, 37.006652 ], [ -86.453753, 37.006743 ] ], [ [ -86.453753, 37.006743 ], [ -86.453682, 37.006829 ] ], [ [ -86.453682, 37.006829 ], [ -86.453648, 37.006863 ] ], [ [ -86.453648, 37.006863 ], [ -86.453601, 37.006902 ] ], [ [ -86.453601, 37.006902 ], [ -86.453553, 37.006934 ] ], [ [ -86.453553, 37.006934 ], [ -86.453501, 37.006963 ] ], [ [ -86.453501, 37.006963 ], [ -86.453443, 37.006992 ] ], [ [ -86.453443, 37.006992 ], [ -86.45339, 37.007015 ] ], [ [ -86.45339, 37.007015 ], [ -86.453269, 37.007059 ] ], [ [ -86.453269, 37.007059 ], [ -86.453146, 37.007099 ] ], [ [ -86.453146, 37.007099 ], [ -86.452934, 37.007166 ] ], [ [ -86.452934, 37.007166 ], [ -86.452903, 37.007175 ] ], [ [ -86.452903, 37.007175 ], [ -86.452779, 37.007217 ] ], [ [ -86.452779, 37.007217 ], [ -86.452656, 37.007261 ] ], [ [ -86.452656, 37.007261 ], [ -86.452532, 37.007307 ] ], [ [ -86.452532, 37.007307 ], [ -86.452409, 37.007354 ] ], [ [ -86.452409, 37.007354 ], [ -86.452042, 37.007498 ] ], [ [ -86.452042, 37.007498 ], [ -86.45202, 37.007506 ] ], [ [ -86.45202, 37.007506 ], [ -86.45192, 37.007543 ] ], [ [ -86.45192, 37.007543 ], [ -86.45158, 37.007675 ] ], [ [ -86.45158, 37.007675 ], [ -86.451132, 37.00785 ] ], [ [ -86.451132, 37.00785 ], [ -86.4509685, 37.007905499999985 ] ], [ [ -86.4509685, 37.007905499999985 ], [ -86.450917, 37.007923 ] ], [ [ -86.450917, 37.007923 ], [ -86.449681, 37.00838 ] ], [ [ -86.449681, 37.00838 ], [ -86.449555, 37.008429 ] ], [ [ -86.449555, 37.008429 ], [ -86.449304, 37.0085192 ] ], [ [ -86.449304, 37.0085192 ], [ -86.448766, 37.008714 ] ], [ [ -86.448766, 37.008714 ], [ -86.447962, 37.008998 ] ], [ [ -86.447962, 37.008998 ], [ -86.4470442, 37.009332 ] ], [ [ -86.4470442, 37.009332 ], [ -86.446544, 37.009514 ] ] ] } },
{ "type": "Feature", "properties": { "name": "Glen Lily Road", "highway": "tertiary", "length": 4007.0, "risk_tier": "critical", "zone_type": "riverine" }, "geometry": { "type": "MultiLineString", "coordinates": [ [ [ -86.465303, 36.996632 ], [ -86.46563, 36.996604 ] ], [ [ -86.46563, 36.996604 ], [ -86.465687, 36.9966 ] ], [ [ -86.465687, 36.9966 ], [ -86.4662403, 36.996551899999986 ] ], [ [ -86.4662403, 36.996551899999986 ], [ -86.4664845, 36.996530700000015 ] ], [ [ -86.4664845, 36.996530700000015 ], [ -86.468484, 36.996357 ] ], [ [ -86.468484, 36.996357 ], [ -86.469325, 36.996286 ] ], [ [ -86.469325, 36.996286 ], [ -86.4698151, 36.9962417 ] ], [ [ -86.4698151, 36.9962417 ], [ -86.470089, 36.996217 ] ], [ [ -86.470089, 36.996217 ], [ -86.470795, 36.99616 ] ], [ [ -86.470795, 36.99616 ], [ -86.472098, 36.996047 ] ], [ [ -86.472098, 36.996047 ], [ -86.472569, 36.996006 ] ], [ [ -86.472569, 36.996006 ], [ -86.47286170000001, 36.9959659 ] ], [ [ -86.47286170000001, 36.9959659 ], [ -86.4734222, 36.9959239 ] ], [ [ -86.4734222, 36.9959239 ], [ -86.4735536, 36.9959164 ] ], [ [ -86.4735536, 36.9959164 ], [ -86.4736465, 36.9959263 ] ], [ [ -86.4736465, 36.9959263 ], [ -86.4737146, 36.9959335 ] ], [ [ -86.4737146, 36.9959335 ], [ -86.4738205, 36.995967799999988 ] ], [ [ -86.4738205, 36.995967799999988 ], [ -86.473952, 36.996043 ] ], [ [ -86.473952, 36.996043 ], [ -86.47407, 36.996119 ] ], [ [ -86.47407, 36.996119 ], [ -86.4743785, 36.9963381 ] ], [ [ -86.4743785, 36.9963381 ], [ -86.4747856, 36.9966272 ] ], [ [ -86.4747856, 36.9966272 ], [ -86.475081, 36.996837 ] ], [ [ -86.475081, 36.996837 ], [ -86.475129, 36.996866 ] ], [ [ -86.475129, 36.996866 ], [ -86.475167, 36.996884 ] ], [ [ -86.475167, 36.996884 ], [ -86.475218, 36.996902 ] ], [ [ -86.475218, 36.996902 ], [ -86.475264, 36.996914 ] ], [ [ -86.475264, 36.996914 ], [ -86.47532, 36.99692 ] ], [ [ -86.47532, 36.99692 ], [ -86.475374, 36.99692 ] ], [ [ -86.475374, 36.99692 ], [ -86.475435, 36.996915 ] ], [ [ -86.475435, 36.996915 ], [ -86.475493, 36.996907 ] ], [ [ -86.475493, 36.996907 ], [ -86.47562, 36.996873 ] ], [ [ -86.47562, 36.996873 ], [ -86.476392, 36.996614 ] ], [ [ -86.476392, 36.996614 ], [ -86.47651, 36.996574 ] ], [ [ -86.47651, 36.996574 ], [ -86.4767486, 36.9964971 ] ], [ [ -86.4767486, 36.9964971 ], [ -86.476817, 36.996475 ] ], [ [ -86.476817, 36.996475 ], [ -86.476879, 36.996454 ] ], [ [ -86.476879, 36.996454 ], [ -86.476942, 36.996434 ] ], [ [ -86.476942, 36.996434 ], [ -86.4769802, 36.996421099999985 ] ], [ [ -86.4769802, 36.996421099999985 ], [ -86.477007, 36.996412 ] ], [ [ -86.477007, 36.996412 ], [ -86.477136, 36.99637 ] ], [ [ -86.477136, 36.99637 ], [ -86.4772, 36.996348 ] ], [ [ -86.4772, 36.996348 ], [ -86.4772453, 36.9963329 ] ], [ [ -86.4772453, 36.9963329 ], [ -86.477832, 36.996137 ] ], [ [ -86.477832, 36.996137 ], [ -86.4778827, 36.9961205 ] ], [ [ -86.4778827, 36.9961205 ], [ -86.477955, 36.996097 ] ], [ [ -86.477955, 36.996097 ], [ -86.478014, 36.996076 ] ], [ [ -86.478014, 36.996076 ], [ -86.4781074, 36.9960453 ] ], [ [ -86.4781074, 36.9960453 ], [ -86.478375, 36.995962 ] ], [ [ -86.478375, 36.995962 ], [ -86.478438, 36.995948 ] ], [ [ -86.478438, 36.995948 ], [ -86.478501, 36.995937 ] ], [ [ -86.478501, 36.995937 ], [ -86.478626, 36.995917 ] ], [ [ -86.478626, 36.995917 ], [ -86.478813, 36.995901 ] ], [ [ -86.478813, 36.995901 ], [ -86.479002, 36.995892 ] ], [ [ -86.479002, 36.995892 ], [ -86.479094, 36.99589 ] ], [ [ -86.479094, 36.99589 ], [ -86.479452, 36.995887 ] ], [ [ -86.479452, 36.995887 ], [ -86.4795674, 36.995887399999987 ] ], [ [ -86.4795674, 36.995887399999987 ], [ -86.479621, 36.99589 ] ], [ [ -86.479621, 36.99589 ], [ -86.479702, 36.995894 ] ], [ [ -86.479702, 36.995894 ], [ -86.479778, 36.995905 ] ], [ [ -86.479778, 36.995905 ], [ -86.479854, 36.995919 ] ], [ [ -86.479854, 36.995919 ], [ -86.47993, 36.99594 ] ], [ [ -86.47993, 36.99594 ], [ -86.480005, 36.995965 ] ], [ [ -86.480005, 36.995965 ], [ -86.480076, 36.995997 ] ], [ [ -86.480076, 36.995997 ], [ -86.480147, 36.996031 ] ], [ [ -86.480147, 36.996031 ], [ -86.480221, 36.996069 ] ], [ [ -86.480221, 36.996069 ], [ -86.480291, 36.996108 ] ], [ [ -86.480291, 36.996108 ], [ -86.480439, 36.996188 ] ], [ [ -86.480439, 36.996188 ], [ -86.480516, 36.996227 ] ], [ [ -86.480516, 36.996227 ], [ -86.480592, 36.996267 ] ], [ [ -86.480592, 36.996267 ], [ -86.480737, 36.996346 ] ], [ [ -86.480737, 36.996346 ], [ -86.480806, 36.996389 ] ], [ [ -86.480806, 36.996389 ], [ -86.480874, 36.996434 ] ], [ [ -86.480874, 36.996434 ], [ -86.480935, 36.996486 ] ], [ [ -86.480935, 36.996486 ], [ -86.480991, 36.996542 ] ], [ [ -86.480991, 36.996542 ], [ -86.481088, 36.99666 ] ], [ [ -86.481088, 36.99666 ], [ -86.481193, 36.996782 ] ], [ [ -86.481193, 36.996782 ], [ -86.481332, 36.996951 ] ], [ [ -86.481332, 36.996951 ], [ -86.481404, 36.997036 ] ], [ [ -86.481404, 36.997036 ], [ -86.481475, 36.997122 ] ], [ [ -86.481475, 36.997122 ], [ -86.481616, 36.997289 ] ], [ [ -86.481616, 36.997289 ], [ -86.481712, 36.997408 ] ], [ [ -86.481712, 36.997408 ], [ -86.481802, 36.997522 ] ], [ [ -86.481802, 36.997522 ], [ -86.481846, 36.997576 ] ], [ [ -86.481846, 36.997576 ], [ -86.481887, 36.997629 ] ], [ [ -86.481887, 36.997629 ], [ -86.481971, 36.997724 ] ], [ [ -86.481971, 36.997724 ], [ -86.482008, 36.997764 ] ], [ [ -86.482008, 36.997764 ], [ -86.482049, 36.997802 ] ], [ [ -86.482049, 36.997802 ], [ -86.482092, 36.997835 ] ], [ [ -86.482092, 36.997835 ], [ -86.482156, 36.997879 ] ], [ [ -86.482156, 36.997879 ], [ -86.482208, 36.997901 ] ], [ [ -86.482208, 36.997901 ], [ -86.482236, 36.997909 ] ], [ [ -86.482236, 36.997909 ], [ -86.482295, 36.99792 ] ], [ [ -86.482295, 36.99792 ], [ -86.482352, 36.997929 ] ], [ [ -86.482352, 36.997929 ], [ -86.482413, 36.997936 ] ], [ [ -86.482413, 36.997936 ], [ -86.482473, 36.99794 ] ], [ [ -86.482473, 36.99794 ], [ -86.482539, 36.997941 ] ], [ [ -86.482539, 36.997941 ], [ -86.482745, 36.997938 ] ], [ [ -86.482745, 36.997938 ], [ -86.482891, 36.997938 ] ], [ [ -86.482891, 36.997938 ], [ -86.483042, 36.997946 ] ], [ [ -86.483042, 36.997946 ], [ -86.483126, 36.997955 ] ], [ [ -86.483126, 36.997955 ], [ -86.483189, 36.997963 ] ], [ [ -86.483189, 36.997963 ], [ -86.483263, 36.997978 ] ], [ [ -86.483263, 36.997978 ], [ -86.483409, 36.998011 ] ], [ [ -86.483409, 36.998011 ], [ -86.483481, 36.998031 ] ], [ [ -86.483481, 36.998031 ], [ -86.483551, 36.998053 ] ], [ [ -86.483551, 36.998053 ], [ -86.483622, 36.998077 ] ], [ [ -86.483622, 36.998077 ], [ -86.483687, 36.998109 ] ], [ [ -86.483687, 36.998109 ], [ -86.483752, 36.998144 ] ], [ [ -86.483752, 36.998144 ], [ -86.48381, 36.998184 ] ], [ [ -86.48381, 36.998184 ], [ -86.48387, 36.998224 ] ], [ [ -86.48387, 36.998224 ], [ -86.483991, 36.998309 ] ], [ [ -86.483991, 36.998309 ], [ -86.484052, 36.998355 ] ], [ [ -86.484052, 36.998355 ], [ -86.484115, 36.998401 ] ], [ [ -86.484115, 36.998401 ], [ -86.484236, 36.998495 ] ], [ [ -86.484236, 36.998495 ], [ -86.484301, 36.998543 ] ], [ [ -86.484301, 36.998543 ], [ -86.484438, 36.998635 ] ], [ [ -86.484438, 36.998635 ], [ -86.484506, 36.998683 ] ], [ [ -86.484506, 36.998683 ], [ -86.484634, 36.998778 ] ], [ [ -86.484634, 36.998778 ], [ -86.484752, 36.998873 ] ], [ [ -86.484752, 36.998873 ], [ -86.484866, 36.99897 ] ], [ [ -86.484866, 36.99897 ], [ -86.484923, 36.99902 ] ], [ [ -86.484923, 36.99902 ], [ -86.485033, 36.999121 ] ], [ [ -86.485033, 36.999121 ], [ -86.485087, 36.999173 ] ], [ [ -86.485087, 36.999173 ], [ -86.485179, 36.999279 ] ], [ [ -86.485179, 36.999279 ], [ -86.485267, 36.999384 ] ], [ [ -86.485267, 36.999384 ], [ -86.485311, 36.999433 ] ], [ [ -86.485311, 36.999433 ], [ -86.485437, 36.99958 ] ], [ [ -86.485437, 36.99958 ], [ -86.485503, 36.999653 ] ], [ [ -86.485503, 36.999653 ], [ -86.485521, 36.999674 ] ], [ [ -86.485521, 36.999674 ], [ -86.485564, 36.999718 ] ], [ [ -86.485564, 36.999718 ], [ -86.485608, 36.999761 ] ], [ [ -86.485608, 36.999761 ], [ -86.485704, 36.999844 ] ], [ [ -86.485704, 36.999844 ], [ -86.485714, 36.999851 ] ], [ [ -86.485714, 36.999851 ], [ -86.485801, 36.999913 ] ], [ [ -86.485801, 36.999913 ], [ -86.485854, 36.999947 ] ], [ [ -86.485854, 36.999947 ], [ -86.4858824, 36.9999643 ] ], [ [ -86.4858824, 36.9999643 ], [ -86.485908, 36.99998 ] ], [ [ -86.485908, 36.99998 ], [ -86.485963, 37.000011 ] ], [ [ -86.485963, 37.000011 ], [ -86.48602, 37.000041 ] ], [ [ -86.48602, 37.000041 ], [ -86.486127, 37.000094 ] ], [ [ -86.486127, 37.000094 ], [ -86.486258, 37.000149 ] ], [ [ -86.486258, 37.000149 ], [ -86.486319, 37.000173 ] ], [ [ -86.486319, 37.000173 ], [ -86.486445, 37.000219 ] ], [ [ -86.486445, 37.000219 ], [ -86.486629, 37.000283 ] ], [ [ -86.486629, 37.000283 ], [ -86.486909, 37.000388 ] ], [ [ -86.486909, 37.000388 ], [ -86.486963, 37.000409 ] ], [ [ -86.486963, 37.000409 ], [ -86.487071, 37.000449 ] ], [ [ -86.487071, 37.000449 ], [ -86.487168, 37.000486 ] ], [ [ -86.487168, 37.000486 ], [ -86.487349, 37.000553 ] ], [ [ -86.487349, 37.000553 ], [ -86.487398, 37.000572 ] ], [ [ -86.487398, 37.000572 ], [ -86.487439, 37.000586 ] ], [ [ -86.487439, 37.000586 ], [ -86.48754, 37.000624 ] ], [ [ -86.48754, 37.000624 ], [ -86.488044, 37.000808 ] ], [ [ -86.488044, 37.000808 ], [ -86.48805, 37.000811 ] ], [ [ -86.48805, 37.000811 ], [ -86.488325, 37.000911 ] ], [ [ -86.488325, 37.000911 ], [ -86.488397, 37.000938 ] ], [ [ -86.488397, 37.000938 ], [ -86.4885006, 37.0009755 ] ], [ [ -86.4885006, 37.0009755 ], [ -86.488549, 37.000993 ] ], [ [ -86.488549, 37.000993 ], [ -86.48887, 37.001107 ] ], [ [ -86.48887, 37.001107 ], [ -86.489037, 37.001168 ] ], [ [ -86.489037, 37.001168 ], [ -86.489211, 37.00123 ] ], [ [ -86.489211, 37.00123 ], [ -86.489386, 37.001296 ] ], [ [ -86.489386, 37.001296 ], [ -86.489448, 37.001318 ] ], [ [ -86.489448, 37.001318 ], [ -86.490211, 37.001604 ] ], [ [ -86.490211, 37.001604 ], [ -86.490474, 37.001705 ] ], [ [ -86.490474, 37.001705 ], [ -86.490541, 37.00173 ] ], [ [ -86.490541, 37.00173 ], [ -86.490935, 37.001884 ] ], [ [ -86.490935, 37.001884 ], [ -86.491063, 37.001933 ] ], [ [ -86.491063, 37.001933 ], [ -86.491306, 37.002023 ] ], [ [ -86.491306, 37.002023 ], [ -86.491484, 37.002087 ] ], [ [ -86.491484, 37.002087 ], [ -86.491543, 37.002109 ] ], [ [ -86.491543, 37.002109 ], [ -86.491848, 37.002216 ] ], [ [ -86.491848, 37.002216 ], [ -86.491909, 37.002239 ] ], [ [ -86.491909, 37.002239 ], [ -86.492034, 37.002284 ] ], [ [ -86.492034, 37.002284 ], [ -86.4924116, 37.0024277 ] ], [ [ -86.4924116, 37.0024277 ], [ -86.492586, 37.00249 ] ], [ [ -86.492586, 37.00249 ], [ -86.492761, 37.002556 ] ], [ [ -86.492761, 37.002556 ], [ -86.493011, 37.002644 ] ], [ [ -86.493011, 37.002644 ], [ -86.493171, 37.002696 ] ], [ [ -86.493171, 37.002696 ], [ -86.493251, 37.002719 ] ], [ [ -86.493251, 37.002719 ], [ -86.493433, 37.002763 ] ], [ [ -86.493433, 37.002763 ], [ -86.493584, 37.00279 ] ], [ [ -86.493584, 37.00279 ], [ -86.493672, 37.002802 ] ], [ [ -86.493672, 37.002802 ], [ -86.493851, 37.002821 ] ], [ [ -86.493851, 37.002821 ], [ -86.493943, 37.002829 ] ], [ [ -86.493943, 37.002829 ], [ -86.494036, 37.002836 ] ], [ [ -86.494036, 37.002836 ], [ -86.494128, 37.002841 ] ], [ [ -86.494128, 37.002841 ], [ -86.494316, 37.002846 ] ], [ [ -86.494316, 37.002846 ], [ -86.494507, 37.002842 ] ], [ [ -86.494507, 37.002842 ], [ -86.4947, 37.002833 ] ], [ [ -86.4947, 37.002833 ], [ -86.495305, 37.002795 ] ], [ [ -86.495305, 37.002795 ], [ -86.4954683, 37.0027826 ] ], [ [ -86.4954683, 37.0027826 ], [ -86.495726, 37.002763 ] ], [ [ -86.495726, 37.002763 ], [ -86.495868, 37.002753 ] ], [ [ -86.495868, 37.002753 ], [ -86.495942, 37.002747 ] ], [ [ -86.495942, 37.002747 ], [ -86.4961425, 37.0027335 ] ], [ [ -86.4961425, 37.0027335 ], [ -86.4965063, 37.002709 ] ], [ [ -86.4965063, 37.002709 ], [ -86.4965887, 37.0027034 ] ], [ [ -86.4965887, 37.0027034 ], [ -86.496683, 37.002697 ] ], [ [ -86.496683, 37.002697 ], [ -86.4967088, 37.0026951 ] ], [ [ -86.4967088, 37.0026951 ], [ -86.4967659, 37.002691 ] ], [ [ -86.4967659, 37.002691 ], [ -86.4969701, 37.00267620000001 ] ], [ [ -86.4969701, 37.00267620000001 ], [ -86.497139, 37.002664 ] ], [ [ -86.497139, 37.002664 ], [ -86.4972988, 37.00265 ] ], [ [ -86.4972988, 37.00265 ], [ -86.498061, 37.002583 ] ], [ [ -86.498061, 37.002583 ], [ -86.498294, 37.002564 ] ], [ [ -86.498294, 37.002564 ], [ -86.49845, 37.00255 ] ], [ [ -86.49845, 37.00255 ], [ -86.49908, 37.002498 ] ], [ [ -86.49908, 37.002498 ], [ -86.49923, 37.002488 ] ], [ [ -86.49923, 37.002488 ], [ -86.499378, 37.002475 ] ], [ [ -86.499378, 37.002475 ], [ -86.499584, 37.002455 ] ], [ [ -86.499584, 37.002455 ], [ -86.499919, 37.002426 ] ], [ [ -86.499919, 37.002426 ], [ -86.500124, 37.002412 ] ], [ [ -86.500124, 37.002412 ], [ -86.500261, 37.002407 ] ], [ [ -86.500261, 37.002407 ], [ -86.500463, 37.002404 ] ], [ [ -86.500463, 37.002404 ], [ -86.500592, 37.002404 ] ], [ [ -86.500592, 37.002404 ], [ -86.500682, 37.002401 ] ], [ [ -86.500682, 37.002401 ], [ -86.500768, 37.002397 ] ], [ [ -86.500768, 37.002397 ], [ -86.50085, 37.002386 ] ], [ [ -86.50085, 37.002386 ], [ -86.500927, 37.002369 ] ], [ [ -86.500927, 37.002369 ], [ -86.501004, 37.002344 ] ], [ [ -86.501004, 37.002344 ], [ -86.501072, 37.002317 ] ], [ [ -86.501072, 37.002317 ], [ -86.501141, 37.002283 ] ], [ [ -86.501141, 37.002283 ], [ -86.5011714, 37.0022641 ] ], [ [ -86.5011714, 37.0022641 ], [ -86.501202, 37.002245 ] ], [ [ -86.501202, 37.002245 ], [ -86.501262, 37.002199 ] ], [ [ -86.501262, 37.002199 ], [ -86.501377, 37.002101 ] ], [ [ -86.501377, 37.002101 ], [ -86.501433, 37.00205 ] ], [ [ -86.501433, 37.00205 ], [ -86.501491, 37.002002 ] ], [ [ -86.501491, 37.002002 ], [ -86.501551, 37.001954 ] ], [ [ -86.501551, 37.001954 ], [ -86.501613, 37.00191 ] ], [ [ -86.501613, 37.00191 ], [ -86.501685, 37.001875 ] ], [ [ -86.501685, 37.001875 ], [ -86.50176, 37.001846 ] ], [ [ -86.50176, 37.001846 ], [ -86.501841, 37.001823 ] ], [ [ -86.501841, 37.001823 ], [ -86.5018711, 37.0018159 ] ], [ [ -86.5018711, 37.0018159 ], [ -86.501922, 37.001804 ] ], [ [ -86.501922, 37.001804 ], [ -86.502007, 37.001791 ] ], [ [ -86.502007, 37.001791 ], [ -86.502184, 37.001771 ] ], [ [ -86.502184, 37.001771 ], [ -86.502369, 37.001756 ] ], [ [ -86.502369, 37.001756 ], [ -86.502553, 37.001748 ] ], [ [ -86.502553, 37.001748 ], [ -86.50274, 37.00175 ] ], [ [ -86.50274, 37.00175 ], [ -86.502831, 37.001756 ] ], [ [ -86.502831, 37.001756 ], [ -86.502921, 37.001765 ] ], [ [ -86.502921, 37.001765 ], [ -86.503106, 37.001794 ] ], [ [ -86.503106, 37.001794 ], [ -86.503194, 37.001812 ] ], [ [ -86.503194, 37.001812 ], [ -86.503373, 37.001846 ] ], [ [ -86.503373, 37.001846 ], [ -86.503464, 37.001862 ] ], [ [ -86.503464, 37.001862 ], [ -86.503589, 37.001886 ] ], [ [ -86.503589, 37.001886 ], [ -86.503841, 37.00193 ] ], [ [ -86.503841, 37.00193 ], [ -86.504033, 37.00196 ] ], [ [ -86.504033, 37.00196 ], [ -86.504231, 37.001989 ] ], [ [ -86.504231, 37.001989 ], [ -86.50443, 37.002015 ] ], [ [ -86.50443, 37.002015 ], [ -86.504637, 37.002039 ] ], [ [ -86.504637, 37.002039 ], [ -86.505061, 37.002085 ] ], [ [ -86.505061, 37.002085 ], [ -86.505107, 37.002089 ] ], [ [ -86.505107, 37.002089 ], [ -86.505207, 37.0021 ] ], [ [ -86.505207, 37.0021 ], [ -86.505655, 37.002145 ] ], [ [ -86.505655, 37.002145 ], [ -86.505805, 37.002161 ] ], [ [ -86.505805, 37.002161 ], [ -86.505963, 37.002177 ] ], [ [ -86.505963, 37.002177 ], [ -86.506359, 37.002221 ] ] ] } },
{ "type": "Feature", "properties": { "name": "Double Springs Road", "highway": "residential", "length": 916.0, "risk_tier": "critical", "zone_type": "riverine" }, "geometry": { "type": "MultiLineString", "coordinates": [ [ [ -86.4121618, 36.9403518 ], [ -86.4120839, 36.9403224 ] ], [ [ -86.4120839, 36.9403224 ], [ -86.4119554, 36.9402754 ] ], [ [ -86.4119554, 36.9402754 ], [ -86.411854, 36.9402283 ] ], [ [ -86.411854, 36.9402283 ], [ -86.4118116, 36.9401727 ] ], [ [ -86.4118116, 36.9401727 ], [ -86.4117462, 36.9400821 ] ], [ [ -86.4117462, 36.9400821 ], [ -86.4116983, 36.9400003 ] ], [ [ -86.4116983, 36.9400003 ], [ -86.4116416, 36.9398662 ] ], [ [ -86.4116416, 36.9398662 ], [ -86.4116026, 36.9397992 ] ], [ [ -86.4116026, 36.9397992 ], [ -86.4115131, 36.9397426 ] ], [ [ -86.4115131, 36.9397426 ], [ -86.4113955, 36.9396868 ] ], [ [ -86.4113955, 36.9396868 ], [ -86.4112124, 36.9396137 ] ], [ [ -86.4112124, 36.9396137 ], [ -86.4110229, 36.9395441 ] ], [ [ -86.4110229, 36.9395441 ], [ -86.41086390000001, 36.9394936 ] ], [ [ -86.41086390000001, 36.9394936 ], [ -86.410750600000014, 36.9394761 ] ], [ [ -86.410750600000014, 36.9394761 ], [ -86.410600300000013, 36.9394936 ] ], [ [ -86.410600300000013, 36.9394936 ], [ -86.4104477, 36.9395388 ] ], [ [ -86.4104477, 36.9395388 ], [ -86.4102996, 36.939612 ] ], [ [ -86.4102996, 36.939612 ], [ -86.4102016, 36.9397286 ] ], [ [ -86.4102016, 36.9397286 ], [ -86.4101384, 36.93986970000001 ] ], [ [ -86.4101384, 36.93986970000001 ], [ -86.4101013, 36.9399898 ] ], [ [ -86.4101013, 36.9399898 ], [ -86.4099723, 36.9404013 ] ], [ [ -86.4099723, 36.9404013 ], [ -86.4096112, 36.9403625 ] ], [ [ -86.4096112, 36.9403625 ], [ -86.4088669, 36.9402913 ] ], [ [ -86.4088669, 36.9402913 ], [ -86.4088439, 36.940458199999988 ] ], [ [ -86.4088439, 36.940458199999988 ], [ -86.4087836, 36.9408506 ] ], [ [ -86.4087836, 36.9408506 ], [ -86.4087165, 36.9413351 ] ], [ [ -86.4087165, 36.9413351 ], [ -86.4086351, 36.9417877 ] ], [ [ -86.4086351, 36.9417877 ], [ -86.4086209, 36.9418938 ] ], [ [ -86.4086209, 36.9418938 ], [ -86.4086209, 36.941973 ] ], [ [ -86.4086209, 36.941973 ], [ -86.4086333, 36.9420281 ] ], [ [ -86.4086333, 36.9420281 ], [ -86.4086811, 36.9420918 ] ], [ [ -86.4086811, 36.9420918 ], [ -86.4087324, 36.9421526 ] ], [ [ -86.4087324, 36.9421526 ], [ -86.4087908, 36.942195 ] ], [ [ -86.4087908, 36.942195 ], [ -86.4088421, 36.942223299999988 ] ], [ [ -86.4088421, 36.942223299999988 ], [ -86.4089112, 36.9422403 ] ], [ [ -86.4089112, 36.9422403 ], [ -86.4090775, 36.9422601 ] ], [ [ -86.4090775, 36.9422601 ], [ -86.4094987, 36.9423053 ] ], [ [ -86.4094987, 36.9423053 ], [ -86.4095641, 36.9422969 ] ], [ [ -86.4095641, 36.9422969 ], [ -86.4096579, 36.9422544 ] ], [ [ -86.4096579, 36.9422544 ], [ -86.4097641, 36.9421894 ] ], [ [ -86.4097641, 36.9421894 ], [ -86.409819, 36.942139899999987 ] ], [ [ -86.409819, 36.942139899999987 ], [ -86.4098402, 36.9420805 ] ], [ [ -86.4098402, 36.9420805 ], [ -86.4098968, 36.9417014 ] ], [ [ -86.4098968, 36.9417014 ], [ -86.409948, 36.941370100000015 ] ], [ [ -86.409948, 36.941370100000015 ], [ -86.4100083, 36.9409801 ] ], [ [ -86.4100083, 36.9409801 ], [ -86.4100065, 36.9409065 ] ], [ [ -86.4100065, 36.9409065 ], [ -86.4099941, 36.9408231 ] ], [ [ -86.4099941, 36.9408231 ], [ -86.4099835, 36.9407453 ] ], [ [ -86.4099835, 36.9407453 ], [ -86.4099605, 36.9406223 ] ], [ [ -86.4099605, 36.9406223 ], [ -86.4099552, 36.9405586 ] ], [ [ -86.4099552, 36.9405586 ], [ -86.4099723, 36.9404013 ] ] ] } },
{ "type": "Feature", "properties": { "name": "Cumberland Ridge Way", "highway": "residential", "length": 142.0, "risk_tier": "critical", "zone_type": "riverine" }, "geometry": { "type": "MultiLineString", "coordinates": [ [ [ -86.4344564, 37.0094661 ], [ -86.434908, 37.0095186 ] ], [ [ -86.434908, 37.0095186 ], [ -86.4358183, 37.0096245 ] ], [ [ -86.4358183, 37.0096245 ], [ -86.4358907, 37.0096588 ] ], [ [ -86.4358907, 37.0096588 ], [ -86.435943, 37.0096759 ] ], [ [ -86.435943, 37.0096759 ], [ -86.4360288, 37.0096899 ] ] ] } },
{ "type": "Feature", "properties": { "name": "Center Street", "highway": "residential", "length": 162.0, "risk_tier": "critical", "zone_type": "riverine" }, "geometry": { "type": "MultiLineString", "coordinates": [ [ [ -86.433448, 37.000912 ], [ -86.433279, 37.001024 ] ], [ [ -86.433279, 37.001024 ], [ -86.433176, 37.00109 ] ], [ [ -86.433176, 37.00109 ], [ -86.4330243, 37.001190599999987 ] ], [ [ -86.4330243, 37.001190599999987 ], [ -86.432983, 37.001218 ] ], [ [ -86.432983, 37.001218 ], [ -86.43289, 37.001278 ] ], [ [ -86.43289, 37.001278 ], [ -86.43272, 37.001392 ] ], [ [ -86.43272, 37.001392 ], [ -86.432041, 37.001841 ] ] ] } },
{ "type": "Feature", "properties": { "name": "Delafield Avenue", "highway": "residential", "length": 144.0, "risk_tier": "critical", "zone_type": "riverine" }, "geometry": { "type": "MultiLineString", "coordinates": [ [ [ -86.44943, 37.009891 ], [ -86.449133, 37.009346 ] ], [ [ -86.449133, 37.009346 ], [ -86.448766, 37.008714 ] ] ] } },
{ "type": "Feature", "properties": { "name": "Raven Avenue", "highway": "residential", "length": 1077.0, "risk_tier": "critical", "zone_type": "riverine" }, "geometry": { "type": "MultiLineString", "coordinates": [ [ [ -86.445121, 37.003614 ], [ -86.445119, 37.003682 ] ], [ [ -86.445119, 37.003682 ], [ -86.445118, 37.003733 ] ], [ [ -86.445118, 37.003733 ], [ -86.445124, 37.003792 ] ], [ [ -86.445124, 37.003792 ], [ -86.445133, 37.003854 ] ], [ [ -86.445133, 37.003854 ], [ -86.44515, 37.003917 ] ], [ [ -86.44515, 37.003917 ], [ -86.4451639, 37.0039608 ] ], [ [ -86.4451639, 37.0039608 ], [ -86.445171, 37.003983 ] ], [ [ -86.445171, 37.003983 ], [ -86.445196, 37.004048 ] ], [ [ -86.445196, 37.004048 ], [ -86.44525, 37.004164 ] ], [ [ -86.44525, 37.004164 ], [ -86.445279, 37.004218 ] ], [ [ -86.445279, 37.004218 ], [ -86.445306, 37.004272 ] ], [ [ -86.445306, 37.004272 ], [ -86.445323, 37.004303 ] ], [ [ -86.445323, 37.004303 ], [ -86.445333, 37.004323 ] ], [ [ -86.445333, 37.004323 ], [ -86.445359, 37.004369 ] ], [ [ -86.445359, 37.004369 ], [ -86.445429500000017, 37.0045004 ] ], [ [ -86.445429500000017, 37.0045004 ], [ -86.445443, 37.004529 ] ], [ [ -86.445443, 37.004529 ], [ -86.445453, 37.004556 ] ], [ [ -86.445453, 37.004556 ], [ -86.4459518, 37.0054672 ] ], [ [ -86.4459518, 37.0054672 ], [ -86.4462578, 37.006026 ] ], [ [ -86.4462578, 37.006026 ], [ -86.4465652, 37.0065876 ] ], [ [ -86.4465652, 37.0065876 ], [ -86.4466, 37.006651199999986 ] ], [ [ -86.4466, 37.006651199999986 ], [ -86.446647, 37.006737 ] ], [ [ -86.446647, 37.006737 ], [ -86.4468886, 37.0070907 ] ], [ [ -86.4468886, 37.0070907 ], [ -86.4470244, 37.0072896 ] ], [ [ -86.4470244, 37.0072896 ], [ -86.447043, 37.00732 ] ], [ [ -86.447043, 37.00732 ], [ -86.447061, 37.007359 ] ], [ [ -86.447061, 37.007359 ], [ -86.447087, 37.007408 ] ], [ [ -86.447087, 37.007408 ], [ -86.447112, 37.00746 ] ], [ [ -86.447112, 37.00746 ], [ -86.447139, 37.007511 ] ], [ [ -86.447139, 37.007511 ], [ -86.447159, 37.007554 ] ], [ [ -86.447159, 37.007554 ], [ -86.4471928, 37.0076206 ] ], [ [ -86.4471928, 37.0076206 ], [ -86.447223, 37.00768 ] ], [ [ -86.447223, 37.00768 ], [ -86.447273, 37.007779 ] ], [ [ -86.447273, 37.007779 ], [ -86.447281, 37.007792 ] ], [ [ -86.447281, 37.007792 ], [ -86.4475116, 37.008196499999983 ] ], [ [ -86.4475116, 37.008196499999983 ], [ -86.447605, 37.008359 ] ], [ [ -86.447605, 37.008359 ], [ -86.4477373, 37.0085958 ] ], [ [ -86.4477373, 37.0085958 ], [ -86.447962, 37.008998 ] ], [ [ -86.447962, 37.008998 ], [ -86.448638, 37.010182 ] ], [ [ -86.448638, 37.010182 ], [ -86.449294, 37.011319 ] ], [ [ -86.449294, 37.011319 ], [ -86.449964, 37.012471 ] ] ] } },
{ "type": "Feature", "properties": { "name": "Scottsville Road", "highway": "trunk", "length": 156.0, "risk_tier": "critical", "zone_type": "riverine" }, "geometry": { "type": "LineString", "coordinates": [ [ -86.3927142, 36.9018088 ], [ -86.3943491, 36.902307 ] ] } },
{ "type": "Feature", "properties": { "name": "Scottsville Road", "highway": "trunk", "length": 743.0, "risk_tier": "critical", "zone_type": "riverine" }, "geometry": { "type": "MultiLineString", "coordinates": [ [ [ -86.3904025, 36.900906699999986 ], [ -86.3890056, 36.9005004 ] ], [ [ -86.3890056, 36.9005004 ], [ -86.3881582, 36.9002427 ] ], [ [ -86.3881582, 36.9002427 ], [ -86.3876422, 36.9000715 ] ], [ [ -86.3876422, 36.9000715 ], [ -86.3873222, 36.8999544 ] ], [ [ -86.3873222, 36.8999544 ], [ -86.3865852, 36.8996426 ] ], [ [ -86.3865852, 36.8996426 ], [ -86.3860421, 36.8993705 ] ], [ [ -86.3860421, 36.8993705 ], [ -86.385641, 36.899147 ] ], [ [ -86.385641, 36.899147 ], [ -86.3853165, 36.898950600000013 ] ], [ [ -86.3853165, 36.898950600000013 ], [ -86.3849289, 36.8987019 ] ], [ [ -86.3849289, 36.8987019 ], [ -86.3832835, 36.897555 ] ] ] } },
{ "type": "Feature", "properties": { "name": null, "highway": "residential", "length": 666.0, "risk_tier": "critical", "zone_type": "riverine" }, "geometry": { "type": "MultiLineString", "coordinates": [ [ [ -86.3998259, 36.9061438 ], [ -86.3995437, 36.9058735 ] ], [ [ -86.3995437, 36.9058735 ], [ -86.3989598, 36.9053635 ] ], [ [ -86.3989598, 36.9053635 ], [ -86.3982635, 36.9048033 ] ], [ [ -86.3982635, 36.9048033 ], [ -86.3982379, 36.9047853 ] ], [ [ -86.3982379, 36.9047853 ], [ -86.3975318, 36.9042875 ] ], [ [ -86.3975318, 36.9042875 ], [ -86.396855, 36.9038407 ] ], [ [ -86.396855, 36.9038407 ], [ -86.3964681, 36.903622299999988 ] ], [ [ -86.3964681, 36.903622299999988 ], [ -86.3963865, 36.9035762 ] ], [ [ -86.3963865, 36.9035762 ], [ -86.3958122, 36.903261599999972 ] ], [ [ -86.3958122, 36.903261599999972 ], [ -86.3952223, 36.902954099999988 ] ], [ [ -86.3952223, 36.902954099999988 ], [ -86.3951905, 36.9029375 ] ], [ [ -86.3951905, 36.9029375 ], [ -86.3947144, 36.9027142 ] ], [ [ -86.3947144, 36.9027142 ], [ -86.3942798, 36.9025172 ] ], [ [ -86.3942798, 36.9025172 ], [ -86.39426, 36.9024773 ] ], [ [ -86.39426, 36.9024773 ], [ -86.3943491, 36.902307 ] ] ] } },
{ "type": "Feature", "properties": { "name": "Scottsville Road", "highway": "trunk", "length": 258.0, "risk_tier": "critical", "zone_type": "riverine" }, "geometry": { "type": "MultiLineString", "coordinates": [ [ [ -86.3943491, 36.902307 ], [ -86.3949111, 36.9025059 ] ], [ [ -86.3949111, 36.9025059 ], [ -86.3955628, 36.9027595 ] ], [ [ -86.3955628, 36.9027595 ], [ -86.3961285, 36.9030118 ] ], [ [ -86.3961285, 36.9030118 ], [ -86.3964456, 36.903169799999986 ] ], [ [ -86.3964456, 36.903169799999986 ], [ -86.396895, 36.9034106 ] ] ] } },
{ "type": "Feature", "properties": { "name": "Scottsville Road", "highway": "trunk", "length": 169.0, "risk_tier": "critical", "zone_type": "riverine" }, "geometry": { "type": "MultiLineString", "coordinates": [ [ [ -86.3961442, 36.9028248 ], [ -86.3958576, 36.9026945 ] ], [ [ -86.3958576, 36.9026945 ], [ -86.3952935, 36.9024664 ] ], [ [ -86.3952935, 36.9024664 ], [ -86.3947948, 36.9022854 ] ], [ [ -86.3947948, 36.9022854 ], [ -86.394443, 36.902151 ] ] ] } },
{ "type": "Feature", "properties": { "name": "Cedar Hill Road", "highway": "residential", "length": 664.0, "risk_tier": "critical", "zone_type": "riverine" }, "geometry": { "type": "MultiLineString", "coordinates": [ [ [ -86.3801012, 36.9832034 ], [ -86.380318, 36.983291 ] ], [ [ -86.380318, 36.983291 ], [ -86.380372, 36.983306 ] ], [ [ -86.380372, 36.983306 ], [ -86.38044, 36.983314 ] ], [ [ -86.38044, 36.983314 ], [ -86.380473, 36.983315 ] ], [ [ -86.380473, 36.983315 ], [ -86.380682, 36.983306 ] ], [ [ -86.380682, 36.983306 ], [ -86.380818, 36.983292 ] ], [ [ -86.380818, 36.983292 ], [ -86.380876, 36.983281 ] ], [ [ -86.380876, 36.983281 ], [ -86.381164, 36.9832 ] ], [ [ -86.381164, 36.9832 ], [ -86.381683, 36.983043 ] ], [ [ -86.381683, 36.983043 ], [ -86.381921, 36.982977 ] ], [ [ -86.381921, 36.982977 ], [ -86.382227, 36.982896 ] ], [ [ -86.382227, 36.982896 ], [ -86.382365, 36.982862 ] ], [ [ -86.382365, 36.982862 ], [ -86.382503, 36.982832 ] ], [ [ -86.382503, 36.982832 ], [ -86.382638, 36.982805 ] ], [ [ -86.382638, 36.982805 ], [ -86.382904, 36.982765 ] ], [ [ -86.382904, 36.982765 ], [ -86.383033, 36.982749 ] ], [ [ -86.383033, 36.982749 ], [ -86.383175, 36.982738 ] ], [ [ -86.383175, 36.982738 ], [ -86.383847, 36.982701 ] ], [ [ -86.383847, 36.982701 ], [ -86.384327, 36.982707 ] ], [ [ -86.384327, 36.982707 ], [ -86.384365, 36.982711 ] ], [ [ -86.384365, 36.982711 ], [ -86.384427, 36.98273 ] ], [ [ -86.384427, 36.98273 ], [ -86.384488, 36.982754 ] ], [ [ -86.384488, 36.982754 ], [ -86.38455, 36.982786 ] ], [ [ -86.38455, 36.982786 ], [ -86.384662, 36.982861 ] ], [ [ -86.384662, 36.982861 ], [ -86.384816, 36.982988 ] ], [ [ -86.384816, 36.982988 ], [ -86.384891, 36.983042 ] ], [ [ -86.384891, 36.983042 ], [ -86.3851656, 36.9832272 ] ], [ [ -86.3851656, 36.9832272 ], [ -86.385521, 36.98346 ] ], [ [ -86.385521, 36.98346 ], [ -86.386315, 36.9839955 ] ], [ [ -86.386315, 36.9839955 ], [ -86.386429, 36.984071 ] ], [ [ -86.386429, 36.984071 ], [ -86.386543, 36.984136 ] ], [ [ -86.386543, 36.984136 ], [ -86.386631, 36.984174 ] ], [ [ -86.386631, 36.984174 ], [ -86.386771, 36.984218 ] ] ] } },
{ "type": "Feature", "properties": { "name": null, "highway": "residential", "length": 453.0, "risk_tier": "critical", "zone_type": "riverine" }, "geometry": { "type": "MultiLineString", "coordinates": [ [ [ -86.477481, 36.98931 ], [ -86.47745, 36.989579 ] ], [ [ -86.47745, 36.989579 ], [ -86.477469, 36.98994 ] ], [ [ -86.477469, 36.98994 ], [ -86.477417, 36.990319 ] ], [ [ -86.477417, 36.990319 ], [ -86.4773341, 36.99057710000001 ] ], [ [ -86.4773341, 36.99057710000001 ], [ -86.477285, 36.99073 ] ], [ [ -86.477285, 36.99073 ], [ -86.477095, 36.991336 ] ], [ [ -86.477095, 36.991336 ], [ -86.476845, 36.991757 ] ], [ [ -86.476845, 36.991757 ], [ -86.4767638, 36.9918538 ] ], [ [ -86.4767638, 36.9918538 ], [ -86.4767015, 36.9919281 ] ], [ [ -86.4767015, 36.9919281 ], [ -86.4765285, 36.992093 ] ], [ [ -86.4765285, 36.992093 ], [ -86.4764284, 36.992179599999986 ] ], [ [ -86.4764284, 36.992179599999986 ], [ -86.4762915, 36.9922653 ] ], [ [ -86.4762915, 36.9922653 ], [ -86.4761813, 36.9923395 ] ], [ [ -86.4761813, 36.9923395 ], [ -86.4761042, 36.9923081 ] ], [ [ -86.4761042, 36.9923081 ], [ -86.4753716, 36.99195 ] ] ] } },
{ "type": "Feature", "properties": { "name": "River Tamner Way", "highway": "residential", "length": 143.0, "risk_tier": "critical", "zone_type": "riverine" }, "geometry": { "type": "MultiLineString", "coordinates": [ [ [ -86.465492, 37.00647 ], [ -86.4652716, 37.0066237 ] ], [ [ -86.4652716, 37.0066237 ], [ -86.4645391, 37.0072007 ] ], [ [ -86.4645391, 37.0072007 ], [ -86.464353, 37.00738 ] ] ] } },
{ "type": "Feature", "properties": { "name": "Old Porter Pike", "highway": "tertiary", "length": 1931.0, "risk_tier": "critical", "zone_type": "riverine" }, "geometry": { "type": "MultiLineString", "coordinates": [ [ [ -86.382935, 37.000702 ], [ -86.38304, 37.000657 ] ], [ [ -86.38304, 37.000657 ], [ -86.38315, 37.000613 ] ], [ [ -86.38315, 37.000613 ], [ -86.383224, 37.000588 ] ], [ [ -86.383224, 37.000588 ], [ -86.383311, 37.000567 ] ], [ [ -86.383311, 37.000567 ], [ -86.383408, 37.000555 ] ], [ [ -86.383408, 37.000555 ], [ -86.383516, 37.000554 ] ], [ [ -86.383516, 37.000554 ], [ -86.383631, 37.000567 ] ], [ [ -86.383631, 37.000567 ], [ -86.383748, 37.000593 ] ], [ [ -86.383748, 37.000593 ], [ -86.3839, 37.000636 ] ], [ [ -86.3839, 37.000636 ], [ -86.384095, 37.000699 ] ], [ [ -86.384095, 37.000699 ], [ -86.384232, 37.000747 ] ], [ [ -86.384232, 37.000747 ], [ -86.3844589, 37.000839 ] ], [ [ -86.3844589, 37.000839 ], [ -86.384528, 37.000867 ] ], [ [ -86.384528, 37.000867 ], [ -86.384642, 37.000912 ] ], [ [ -86.384642, 37.000912 ], [ -86.3847279, 37.0009438 ] ], [ [ -86.3847279, 37.0009438 ], [ -86.3852428, 37.0011461 ] ], [ [ -86.3852428, 37.0011461 ], [ -86.385318, 37.001175 ] ], [ [ -86.385318, 37.001175 ], [ -86.385424, 37.001221 ] ], [ [ -86.385424, 37.001221 ], [ -86.385571, 37.001281 ] ], [ [ -86.385571, 37.001281 ], [ -86.3859008, 37.001430599999985 ] ], [ [ -86.3859008, 37.001430599999985 ], [ -86.387032, 37.00193 ] ], [ [ -86.387032, 37.00193 ], [ -86.387168, 37.001989 ] ], [ [ -86.387168, 37.001989 ], [ -86.387627, 37.0022 ] ], [ [ -86.387627, 37.0022 ], [ -86.387849, 37.002297 ] ], [ [ -86.387849, 37.002297 ], [ -86.38797, 37.002348 ] ], [ [ -86.38797, 37.002348 ], [ -86.388094, 37.002402 ] ], [ [ -86.388094, 37.002402 ], [ -86.388221, 37.002459 ] ], [ [ -86.388221, 37.002459 ], [ -86.388608, 37.00263 ] ], [ [ -86.388608, 37.00263 ], [ -86.388746, 37.00269 ] ], [ [ -86.388746, 37.00269 ], [ -86.3888318, 37.0027284 ] ], [ [ -86.3888318, 37.0027284 ], [ -86.388862, 37.002742 ] ], [ [ -86.388862, 37.002742 ], [ -86.389103, 37.002843 ] ], [ [ -86.389103, 37.002843 ], [ -86.389267, 37.00291 ] ], [ [ -86.389267, 37.00291 ], [ -86.38967, 37.003096 ] ], [ [ -86.38967, 37.003096 ], [ -86.389811, 37.003166 ] ], [ [ -86.389811, 37.003166 ], [ -86.389945, 37.003225 ] ], [ [ -86.389945, 37.003225 ], [ -86.390078, 37.00328 ] ], [ [ -86.390078, 37.00328 ], [ -86.390209, 37.003331 ] ], [ [ -86.390209, 37.003331 ], [ -86.390344, 37.003385 ] ], [ [ -86.390344, 37.003385 ], [ -86.390487, 37.003436 ] ], [ [ -86.390487, 37.003436 ], [ -86.390638, 37.003491 ] ], [ [ -86.390638, 37.003491 ], [ -86.390795, 37.003551 ] ], [ [ -86.390795, 37.003551 ], [ -86.390955, 37.003615 ] ], [ [ -86.390955, 37.003615 ], [ -86.391107, 37.003669 ] ], [ [ -86.391107, 37.003669 ], [ -86.391559, 37.00384 ] ], [ [ -86.391559, 37.00384 ], [ -86.391698, 37.003901 ] ], [ [ -86.391698, 37.003901 ], [ -86.391823, 37.003949 ] ], [ [ -86.391823, 37.003949 ], [ -86.392061, 37.004055 ] ], [ [ -86.392061, 37.004055 ], [ -86.3922022, 37.004109 ] ], [ [ -86.3922022, 37.004109 ], [ -86.392248, 37.00414 ] ], [ [ -86.392248, 37.00414 ], [ -86.392284, 37.004162 ] ], [ [ -86.392284, 37.004162 ], [ -86.392315, 37.004186 ] ], [ [ -86.392315, 37.004186 ], [ -86.392336, 37.004208 ] ], [ [ -86.392336, 37.004208 ], [ -86.392355, 37.004233 ] ], [ [ -86.392355, 37.004233 ], [ -86.392484, 37.004418 ] ], [ [ -86.392484, 37.004418 ], [ -86.392694, 37.004712 ] ], [ [ -86.392694, 37.004712 ], [ -86.392991, 37.005123 ] ], [ [ -86.392991, 37.005123 ], [ -86.393065, 37.005222 ] ], [ [ -86.393065, 37.005222 ], [ -86.393473, 37.005742 ] ], [ [ -86.393473, 37.005742 ], [ -86.39364, 37.005956 ] ], [ [ -86.39364, 37.005956 ], [ -86.393708, 37.006047 ] ], [ [ -86.393708, 37.006047 ], [ -86.393789, 37.006148 ] ], [ [ -86.393789, 37.006148 ], [ -86.393889, 37.006265 ] ], [ [ -86.393889, 37.006265 ], [ -86.394101, 37.006479 ] ], [ [ -86.394101, 37.006479 ], [ -86.394149, 37.006515 ] ], [ [ -86.394149, 37.006515 ], [ -86.394194, 37.006542 ] ], [ [ -86.394194, 37.006542 ], [ -86.39432, 37.006614 ] ], [ [ -86.39432, 37.006614 ], [ -86.394389, 37.006652 ] ], [ [ -86.394389, 37.006652 ], [ -86.394484, 37.006702 ] ], [ [ -86.394484, 37.006702 ], [ -86.394894, 37.006923 ] ], [ [ -86.394894, 37.006923 ], [ -86.395002, 37.006977 ] ], [ [ -86.395002, 37.006977 ], [ -86.395114, 37.007026 ] ], [ [ -86.395114, 37.007026 ], [ -86.395229, 37.007074 ] ], [ [ -86.395229, 37.007074 ], [ -86.395368, 37.00713 ] ], [ [ -86.395368, 37.00713 ], [ -86.39546, 37.007167 ] ], [ [ -86.39546, 37.007167 ], [ -86.395582, 37.007214 ] ], [ [ -86.395582, 37.007214 ], [ -86.395707, 37.007258 ] ], [ [ -86.395707, 37.007258 ], [ -86.395833, 37.007304 ] ], [ [ -86.395833, 37.007304 ], [ -86.395966, 37.007355 ] ], [ [ -86.395966, 37.007355 ], [ -86.396102, 37.007403 ] ], [ [ -86.396102, 37.007403 ], [ -86.39681, 37.007671 ] ], [ [ -86.39681, 37.007671 ], [ -86.396947, 37.00772 ] ], [ [ -86.396947, 37.00772 ], [ -86.397367, 37.007866 ] ], [ [ -86.397367, 37.007866 ], [ -86.397569, 37.007938 ] ], [ [ -86.397569, 37.007938 ], [ -86.397658, 37.007972 ] ], [ [ -86.397658, 37.007972 ], [ -86.397795, 37.008018 ] ], [ [ -86.397795, 37.008018 ], [ -86.397938, 37.008059 ] ], [ [ -86.397938, 37.008059 ], [ -86.3980073, 37.0080781 ] ], [ [ -86.3980073, 37.0080781 ], [ -86.398083, 37.008099 ] ], [ [ -86.398083, 37.008099 ], [ -86.39842, 37.00818 ] ], [ [ -86.39842, 37.00818 ], [ -86.398859, 37.008302 ] ], [ [ -86.398859, 37.008302 ], [ -86.399002, 37.008339 ] ], [ [ -86.399002, 37.008339 ], [ -86.399141, 37.008376 ] ], [ [ -86.399141, 37.008376 ], [ -86.399258, 37.00841 ] ], [ [ -86.399258, 37.00841 ], [ -86.399366, 37.008452 ] ], [ [ -86.399366, 37.008452 ], [ -86.399418, 37.008477 ] ], [ [ -86.399418, 37.008477 ], [ -86.39946, 37.008504 ] ], [ [ -86.39946, 37.008504 ], [ -86.399501, 37.008534 ] ], [ [ -86.399501, 37.008534 ], [ -86.399543, 37.008571 ] ], [ [ -86.399543, 37.008571 ], [ -86.399581, 37.008609 ] ], [ [ -86.399581, 37.008609 ], [ -86.399613, 37.008652 ] ], [ [ -86.399613, 37.008652 ], [ -86.399666, 37.008737 ] ], [ [ -86.399666, 37.008737 ], [ -86.399706, 37.0088175 ] ], [ [ -86.399706, 37.0088175 ], [ -86.399747, 37.008928 ] ], [ [ -86.399747, 37.008928 ], [ -86.399777, 37.009021 ] ], [ [ -86.399777, 37.009021 ], [ -86.399821, 37.009123 ] ], [ [ -86.399821, 37.009123 ], [ -86.399865, 37.00922 ] ], [ [ -86.399865, 37.00922 ], [ -86.399945, 37.009385 ] ], [ [ -86.399945, 37.009385 ], [ -86.399985, 37.009463 ] ], [ [ -86.399985, 37.009463 ], [ -86.4000965, 37.0097023 ] ], [ [ -86.4000965, 37.0097023 ], [ -86.4001773, 37.009858199999989 ] ] ] } },
{ "type": "Feature", "properties": { "name": "Devon Close Court", "highway": "residential", "length": 68.0, "risk_tier": "critical", "zone_type": "riverine" }, "geometry": { "type": "MultiLineString", "coordinates": [ [ [ -86.488202, 36.981821 ], [ -86.488114, 36.981813 ] ], [ [ -86.488114, 36.981813 ], [ -86.487869, 36.981805 ] ], [ [ -86.487869, 36.981805 ], [ -86.487806, 36.981804 ] ], [ [ -86.487806, 36.981804 ], [ -86.487685, 36.981805 ] ], [ [ -86.487685, 36.981805 ], [ -86.48763, 36.981804 ] ], [ [ -86.48763, 36.981804 ], [ -86.4874369, 36.9817993 ] ] ] } },
{ "type": "Feature", "properties": { "name": null, "highway": "residential", "length": 260.0, "risk_tier": "critical", "zone_type": "riverine" }, "geometry": { "type": "MultiLineString", "coordinates": [ [ [ -86.3941189, 36.9538576 ], [ -86.3940464, 36.9541774 ] ], [ [ -86.3940464, 36.9541774 ], [ -86.3940667, 36.9543159 ] ], [ [ -86.3940667, 36.9543159 ], [ -86.3941381, 36.9544055 ] ], [ [ -86.3941381, 36.9544055 ], [ -86.3943215, 36.95447870000001 ] ], [ [ -86.3943215, 36.95447870000001 ], [ -86.3962985, 36.954731200000019 ] ] ] } },
{ "type": "Feature", "properties": { "name": "Potter Avenue", "highway": "residential", "length": 370.0, "risk_tier": "critical", "zone_type": "riverine" }, "geometry": { "type": "MultiLineString", "coordinates": [ [ [ -86.480005, 36.989131 ], [ -86.4799865, 36.9890718 ] ], [ [ -86.4799865, 36.9890718 ], [ -86.479958, 36.988981 ] ], [ [ -86.479958, 36.988981 ], [ -86.479904, 36.988752 ] ], [ [ -86.479904, 36.988752 ], [ -86.479881, 36.988672 ] ], [ [ -86.479881, 36.988672 ], [ -86.4798454, 36.9885768 ] ], [ [ -86.4798454, 36.9885768 ], [ -86.479613, 36.987955 ] ], [ [ -86.479613, 36.987955 ], [ -86.479126, 36.986694 ] ], [ [ -86.479126, 36.986694 ], [ -86.479082, 36.986612 ] ], [ [ -86.479082, 36.986612 ], [ -86.479031, 36.986536 ] ], [ [ -86.479031, 36.986536 ], [ -86.47897, 36.986467 ] ], [ [ -86.47897, 36.986467 ], [ -86.478873, 36.9863866 ] ], [ [ -86.478873, 36.9863866 ], [ -86.478513, 36.986088 ] ] ] } },
{ "type": "Feature", "properties": { "name": "Middle Bridge Stub Road", "highway": "residential", "length": 180.0, "risk_tier": "critical", "zone_type": "riverine" }, "geometry": { "type": "MultiLineString", "coordinates": [ [ [ -86.408413, 36.949484 ], [ -86.408288, 36.949453 ] ], [ [ -86.408288, 36.949453 ], [ -86.408207, 36.949441 ] ], [ [ -86.408207, 36.949441 ], [ -86.4081347, 36.9494375 ] ], [ [ -86.4081347, 36.9494375 ], [ -86.407979, 36.949433 ] ], [ [ -86.407979, 36.949433 ], [ -86.4077429, 36.9494231 ] ], [ [ -86.4077429, 36.9494231 ], [ -86.407591, 36.949415 ] ], [ [ -86.407591, 36.949415 ], [ -86.407329, 36.949408 ] ], [ [ -86.407329, 36.949408 ], [ -86.4069201, 36.9494215 ] ], [ [ -86.4069201, 36.9494215 ], [ -86.4067913, 36.9494266 ] ], [ [ -86.4067913, 36.9494266 ], [ -86.406634, 36.949432 ] ], [ [ -86.406634, 36.949432 ], [ -86.406557, 36.949442 ] ], [ [ -86.406557, 36.949442 ], [ -86.406484, 36.949461 ] ], [ [ -86.406484, 36.949461 ], [ -86.406407, 36.949485 ] ] ] } },
{ "type": "Feature", "properties": { "name": "Torridge Avenue", "highway": "residential", "length": 35.0, "risk_tier": "critical", "zone_type": "riverine" }, "geometry": { "type": "MultiLineString", "coordinates": [ [ [ -86.491186, 36.983196 ], [ -86.4913182, 36.983133699999989 ] ], [ [ -86.4913182, 36.983133699999989 ], [ -86.4914151, 36.983113599999982 ] ], [ [ -86.4914151, 36.983113599999982 ], [ -86.4915543, 36.983123 ] ] ] } },
{ "type": "Feature", "properties": { "name": null, "highway": "primary_link", "length": 88.0, "risk_tier": "critical", "zone_type": "riverine" }, "geometry": { "type": "MultiLineString", "coordinates": [ [ [ -86.4293689, 37.000086499999988 ], [ -86.4296225, 37.0000022 ] ], [ [ -86.4296225, 37.0000022 ], [ -86.4297203, 36.9999724 ] ], [ [ -86.4297203, 36.9999724 ], [ -86.4297435, 36.9999708 ] ], [ [ -86.4297435, 36.9999708 ], [ -86.4298345, 36.9999646 ] ], [ [ -86.4298345, 36.9999646 ], [ -86.4299509, 36.999976499999981 ] ], [ [ -86.4299509, 36.999976499999981 ], [ -86.4300532, 37.0000217 ] ], [ [ -86.4300532, 37.0000217 ], [ -86.430265, 37.000153 ] ] ] } },
{ "type": "Feature", "properties": { "name": null, "highway": "residential", "length": 34.0, "risk_tier": "critical", "zone_type": "riverine" }, "geometry": { "type": "MultiLineString", "coordinates": [ [ [ -86.424078, 37.003462 ], [ -86.424156, 37.003533 ] ], [ [ -86.424156, 37.003533 ], [ -86.424186, 37.003558 ] ], [ [ -86.424186, 37.003558 ], [ -86.424229, 37.003586 ] ], [ [ -86.424229, 37.003586 ], [ -86.424287, 37.003611 ] ], [ [ -86.424287, 37.003611 ], [ -86.424312, 37.003619 ] ], [ [ -86.424312, 37.003619 ], [ -86.424338, 37.003626 ] ], [ [ -86.424338, 37.003626 ], [ -86.424378, 37.003633 ] ] ] } },
{ "type": "Feature", "properties": { "name": null, "highway": "residential", "length": 177.0, "risk_tier": "critical", "zone_type": "riverine" }, "geometry": { "type": "MultiLineString", "coordinates": [ [ [ -86.4176312, 37.0057334 ], [ -86.41762, 37.0056346 ] ], [ [ -86.41762, 37.0056346 ], [ -86.4176374, 37.0055588 ] ], [ [ -86.4176374, 37.0055588 ], [ -86.4176844, 37.0054882 ] ], [ [ -86.4176844, 37.0054882 ], [ -86.417291, 37.004971 ] ], [ [ -86.417291, 37.004971 ], [ -86.416981, 37.004552 ] ], [ [ -86.416981, 37.004552 ], [ -86.416815, 37.004351 ] ] ] } },
{ "type": "Feature", "properties": { "name": null, "highway": "residential", "length": 126.0, "risk_tier": "critical", "zone_type": "riverine" }, "geometry": { "type": "MultiLineString", "coordinates": [ [ [ -86.4572293, 37.0062685 ], [ -86.457169, 37.006231 ] ], [ [ -86.457169, 37.006231 ], [ -86.45713, 37.006208 ] ], [ [ -86.45713, 37.006208 ], [ -86.457083, 37.006176 ] ], [ [ -86.457083, 37.006176 ], [ -86.457032, 37.006137 ] ], [ [ -86.457032, 37.006137 ], [ -86.456985, 37.006091 ] ], [ [ -86.456985, 37.006091 ], [ -86.456937, 37.006038 ] ], [ [ -86.456937, 37.006038 ], [ -86.456891, 37.005982 ] ], [ [ -86.456891, 37.005982 ], [ -86.456838, 37.005927 ] ], [ [ -86.456838, 37.005927 ], [ -86.45678, 37.005874 ] ], [ [ -86.45678, 37.005874 ], [ -86.456717, 37.005827 ] ], [ [ -86.456717, 37.005827 ], [ -86.456664, 37.00579 ] ], [ [ -86.456664, 37.00579 ], [ -86.456552, 37.005721 ] ], [ [ -86.456552, 37.005721 ], [ -86.456424, 37.005642 ] ], [ [ -86.456424, 37.005642 ], [ -86.456192, 37.005507 ] ] ] } },
{ "type": "Feature", "properties": { "name": "Overlook Lane", "highway": "residential", "length": 30.0, "risk_tier": "critical", "zone_type": "riverine" }, "geometry": { "type": "MultiLineString", "coordinates": [ [ [ -86.417902, 37.005685 ], [ -86.4178069, 37.0055626 ] ], [ [ -86.4178069, 37.0055626 ], [ -86.4176844, 37.0054882 ] ] ] } },
{ "type": "Feature", "properties": { "name": "Old Stone Way", "highway": "residential", "length": 440.0, "risk_tier": "critical", "zone_type": "riverine" }, "geometry": { "type": "MultiLineString", "coordinates": [ [ [ -86.3904025, 36.900906699999986 ], [ -86.3903181, 36.9010871 ] ], [ [ -86.3903181, 36.9010871 ], [ -86.3898546, 36.9020094 ] ], [ [ -86.3898546, 36.9020094 ], [ -86.389744, 36.9021903 ] ], [ [ -86.389744, 36.9021903 ], [ -86.3896743, 36.9022905 ] ], [ [ -86.3896743, 36.9022905 ], [ -86.3895737, 36.9023878 ] ], [ [ -86.3895737, 36.9023878 ], [ -86.3894655, 36.902469499999974 ] ], [ [ -86.3894655, 36.902469499999974 ], [ -86.3893198, 36.902559 ] ], [ [ -86.3893198, 36.902559 ], [ -86.3889071, 36.9027665 ] ], [ [ -86.3889071, 36.9027665 ], [ -86.38871930000002, 36.9028795 ] ], [ [ -86.38871930000002, 36.9028795 ], [ -86.3886058, 36.9029732 ] ], [ [ -86.3886058, 36.9029732 ], [ -86.3885074, 36.9030908 ] ], [ [ -86.3885074, 36.9030908 ], [ -86.3884503, 36.903188799999981 ] ], [ [ -86.3884503, 36.903188799999981 ], [ -86.3884062, 36.9033001 ] ], [ [ -86.3884062, 36.9033001 ], [ -86.3883815, 36.9034349 ] ], [ [ -86.3883815, 36.9034349 ], [ -86.3883858, 36.903553099999975 ] ], [ [ -86.3883858, 36.903553099999975 ], [ -86.3884592, 36.9042812 ] ] ] } },
{ "type": "Feature", "properties": { "name": "Church Street", "highway": "residential", "length": 436.0, "risk_tier": "critical", "zone_type": "riverine" }, "geometry": { "type": "MultiLineString", "coordinates": [ [ [ -86.449559, 37.005529 ], [ -86.449731, 37.005832 ] ], [ [ -86.449731, 37.005832 ], [ -86.449951, 37.006228 ] ], [ [ -86.449951, 37.006228 ], [ -86.449999, 37.006315 ] ], [ [ -86.449999, 37.006315 ], [ -86.450137, 37.006558 ] ], [ [ -86.450137, 37.006558 ], [ -86.4501861, 37.0066419 ] ], [ [ -86.4501861, 37.0066419 ], [ -86.450209, 37.006681 ] ], [ [ -86.450209, 37.006681 ], [ -86.4504533, 37.0071099 ] ], [ [ -86.4504533, 37.0071099 ], [ -86.4505372, 37.0072572 ] ], [ [ -86.4505372, 37.0072572 ], [ -86.4506194, 37.0074014 ] ], [ [ -86.4506194, 37.0074014 ], [ -86.450847, 37.007801 ] ], [ [ -86.450847, 37.007801 ], [ -86.450917, 37.007923 ] ], [ [ -86.450917, 37.007923 ], [ -86.451595, 37.009097 ] ] ] } },
{ "type": "Feature", "properties": { "name": "Morgantown Road", "highway": "primary", "length": 555.0, "risk_tier": "critical", "zone_type": "riverine" }, "geometry": { "type": "MultiLineString", "coordinates": [ [ [ -86.486202, 36.988774 ], [ -86.486398, 36.988778 ] ], [ [ -86.486398, 36.988778 ], [ -86.486460100000016, 36.9887785 ] ], [ [ -86.486460100000016, 36.9887785 ], [ -86.486641, 36.988783 ] ], [ [ -86.486641, 36.988783 ], [ -86.486774, 36.98879 ] ], [ [ -86.486774, 36.98879 ], [ -86.486908, 36.988796 ] ], [ [ -86.486908, 36.988796 ], [ -86.487059, 36.98881 ] ], [ [ -86.487059, 36.98881 ], [ -86.487291, 36.98883 ] ], [ [ -86.487291, 36.98883 ], [ -86.4875072, 36.9888493 ] ], [ [ -86.4875072, 36.9888493 ], [ -86.487887, 36.988888 ] ], [ [ -86.487887, 36.988888 ], [ -86.488258, 36.98893 ] ], [ [ -86.488258, 36.98893 ], [ -86.488422, 36.988951 ] ], [ [ -86.488422, 36.988951 ], [ -86.488644, 36.98898 ] ], [ [ -86.488644, 36.98898 ], [ -86.489044, 36.989038 ] ], [ [ -86.489044, 36.989038 ], [ -86.4892589, 36.9890727 ] ], [ [ -86.4892589, 36.9890727 ], [ -86.4893286, 36.9890839 ] ], [ [ -86.4893286, 36.9890839 ], [ -86.489354, 36.989088 ] ], [ [ -86.489354, 36.989088 ], [ -86.489561, 36.989124 ] ], [ [ -86.489561, 36.989124 ], [ -86.489704, 36.98915 ] ], [ [ -86.489704, 36.98915 ], [ -86.4899228, 36.9891926 ] ], [ [ -86.4899228, 36.9891926 ], [ -86.4903146, 36.989269 ] ], [ [ -86.4903146, 36.989269 ], [ -86.49042, 36.98929 ] ], [ [ -86.49042, 36.98929 ], [ -86.49053, 36.989311 ] ], [ [ -86.49053, 36.989311 ], [ -86.490753, 36.989356 ] ], [ [ -86.490753, 36.989356 ], [ -86.490756, 36.989356 ] ], [ [ -86.490756, 36.989356 ], [ -86.4911507, 36.989432399999984 ] ], [ [ -86.4911507, 36.989432399999984 ], [ -86.49143, 36.989491 ] ], [ [ -86.49143, 36.989491 ], [ -86.492334, 36.989677 ] ] ] } },
{ "type": "Feature", "properties": { "name": "Media Drive", "highway": "residential", "length": 564.0, "risk_tier": "high", "zone_type": "sinkhole" }, "geometry": { "type": "MultiLineString", "coordinates": [ [ [ -86.470496, 36.984545 ], [ -86.47016, 36.984746 ] ], [ [ -86.47016, 36.984746 ], [ -86.47008, 36.984797 ] ], [ [ -86.47008, 36.984797 ], [ -86.470041, 36.984827 ] ], [ [ -86.470041, 36.984827 ], [ -86.470005, 36.984856 ] ], [ [ -86.470005, 36.984856 ], [ -86.469977, 36.984882 ] ], [ [ -86.469977, 36.984882 ], [ -86.469953, 36.984907 ] ], [ [ -86.469953, 36.984907 ], [ -86.469941, 36.984927 ] ], [ [ -86.469941, 36.984927 ], [ -86.46978, 36.985646 ] ], [ [ -86.46978, 36.985646 ], [ -86.469683, 36.986435 ] ], [ [ -86.469683, 36.986435 ], [ -86.469302, 36.989217 ] ], [ [ -86.469302, 36.989217 ], [ -86.469289, 36.989298 ] ], [ [ -86.469289, 36.989298 ], [ -86.469275, 36.989375 ] ] ] } },
{ "type": "Feature", "properties": { "name": "Media Drive", "highway": "residential", "length": 564.0, "risk_tier": "high", "zone_type": "sinkhole" }, "geometry": { "type": "MultiLineString", "coordinates": [ [ [ -86.470496, 36.984545 ], [ -86.47016, 36.984746 ] ], [ [ -86.47016, 36.984746 ], [ -86.47008, 36.984797 ] ], [ [ -86.47008, 36.984797 ], [ -86.470041, 36.984827 ] ], [ [ -86.470041, 36.984827 ], [ -86.470005, 36.984856 ] ], [ [ -86.470005, 36.984856 ], [ -86.469977, 36.984882 ] ], [ [ -86.469977, 36.984882 ], [ -86.469953, 36.984907 ] ], [ [ -86.469953, 36.984907 ], [ -86.469941, 36.984927 ] ], [ [ -86.469941, 36.984927 ], [ -86.46978, 36.985646 ] ], [ [ -86.46978, 36.985646 ], [ -86.469683, 36.986435 ] ], [ [ -86.469683, 36.986435 ], [ -86.469302, 36.989217 ] ], [ [ -86.469302, 36.989217 ], [ -86.469289, 36.989298 ] ], [ [ -86.469289, 36.989298 ], [ -86.469275, 36.989375 ] ] ] } },
{ "type": "Feature", "properties": { "name": "Media Drive", "highway": "residential", "length": 564.0, "risk_tier": "high", "zone_type": "sinkhole" }, "geometry": { "type": "MultiLineString", "coordinates": [ [ [ -86.470496, 36.984545 ], [ -86.47016, 36.984746 ] ], [ [ -86.47016, 36.984746 ], [ -86.47008, 36.984797 ] ], [ [ -86.47008, 36.984797 ], [ -86.470041, 36.984827 ] ], [ [ -86.470041, 36.984827 ], [ -86.470005, 36.984856 ] ], [ [ -86.470005, 36.984856 ], [ -86.469977, 36.984882 ] ], [ [ -86.469977, 36.984882 ], [ -86.469953, 36.984907 ] ], [ [ -86.469953, 36.984907 ], [ -86.469941, 36.984927 ] ], [ [ -86.469941, 36.984927 ], [ -86.46978, 36.985646 ] ], [ [ -86.46978, 36.985646 ], [ -86.469683, 36.986435 ] ], [ [ -86.469683, 36.986435 ], [ -86.469302, 36.989217 ] ], [ [ -86.469302, 36.989217 ], [ -86.469289, 36.989298 ] ], [ [ -86.469289, 36.989298 ], [ -86.469275, 36.989375 ] ] ] } },
{ "type": "Feature", "properties": { "name": "Media Drive", "highway": "residential", "length": 564.0, "risk_tier": "high", "zone_type": "sinkhole" }, "geometry": { "type": "MultiLineString", "coordinates": [ [ [ -86.470496, 36.984545 ], [ -86.47016, 36.984746 ] ], [ [ -86.47016, 36.984746 ], [ -86.47008, 36.984797 ] ], [ [ -86.47008, 36.984797 ], [ -86.470041, 36.984827 ] ], [ [ -86.470041, 36.984827 ], [ -86.470005, 36.984856 ] ], [ [ -86.470005, 36.984856 ], [ -86.469977, 36.984882 ] ], [ [ -86.469977, 36.984882 ], [ -86.469953, 36.984907 ] ], [ [ -86.469953, 36.984907 ], [ -86.469941, 36.984927 ] ], [ [ -86.469941, 36.984927 ], [ -86.46978, 36.985646 ] ], [ [ -86.46978, 36.985646 ], [ -86.469683, 36.986435 ] ], [ [ -86.469683, 36.986435 ], [ -86.469302, 36.989217 ] ], [ [ -86.469302, 36.989217 ], [ -86.469289, 36.989298 ] ], [ [ -86.469289, 36.989298 ], [ -86.469275, 36.989375 ] ] ] } },
{ "type": "Feature", "properties": { "name": "Catherine Drive", "highway": "residential", "length": 621.0, "risk_tier": "high", "zone_type": "sinkhole" }, "geometry": { "type": "MultiLineString", "coordinates": [ [ [ -86.467072, 36.983587 ], [ -86.467169, 36.983655 ] ], [ [ -86.467169, 36.983655 ], [ -86.467246, 36.983707 ] ], [ [ -86.467246, 36.983707 ], [ -86.467267, 36.98372 ] ], [ [ -86.467267, 36.98372 ], [ -86.467296, 36.983741 ] ], [ [ -86.467296, 36.983741 ], [ -86.46731, 36.983758 ] ], [ [ -86.46731, 36.983758 ], [ -86.467323, 36.983778 ] ], [ [ -86.467323, 36.983778 ], [ -86.467332, 36.983795 ] ], [ [ -86.467332, 36.983795 ], [ -86.467348, 36.98385 ] ], [ [ -86.467348, 36.98385 ], [ -86.467352, 36.983895 ] ], [ [ -86.467352, 36.983895 ], [ -86.467349, 36.983962 ] ], [ [ -86.467349, 36.983962 ], [ -86.46732, 36.984134 ] ], [ [ -86.46732, 36.984134 ], [ -86.467287, 36.984303 ] ], [ [ -86.467287, 36.984303 ], [ -86.467266, 36.984388 ] ], [ [ -86.467266, 36.984388 ], [ -86.467248, 36.984474 ] ], [ [ -86.467248, 36.984474 ], [ -86.467229, 36.984559 ] ], [ [ -86.467229, 36.984559 ], [ -86.467212, 36.984642 ] ], [ [ -86.467212, 36.984642 ], [ -86.467161, 36.984866 ] ], [ [ -86.467161, 36.984866 ], [ -86.467148, 36.984935 ] ], [ [ -86.467148, 36.984935 ], [ -86.467108, 36.985113 ] ], [ [ -86.467108, 36.985113 ], [ -86.467087, 36.985215 ] ], [ [ -86.467087, 36.985215 ], [ -86.467078, 36.985263 ] ], [ [ -86.467078, 36.985263 ], [ -86.467065, 36.985311 ] ], [ [ -86.467065, 36.985311 ], [ -86.467032, 36.98545 ] ], [ [ -86.467032, 36.98545 ], [ -86.467009, 36.985538 ] ], [ [ -86.467009, 36.985538 ], [ -86.467003, 36.985575 ] ], [ [ -86.467003, 36.985575 ], [ -86.466999, 36.985612 ] ], [ [ -86.466999, 36.985612 ], [ -86.467001, 36.985645 ] ], [ [ -86.467001, 36.985645 ], [ -86.467015, 36.98569 ] ], [ [ -86.467015, 36.98569 ], [ -86.46703, 36.985715 ] ], [ [ -86.46703, 36.985715 ], [ -86.467041, 36.985729 ] ], [ [ -86.467041, 36.985729 ], [ -86.467051, 36.985739 ] ], [ [ -86.467051, 36.985739 ], [ -86.467073, 36.985756 ] ], [ [ -86.467073, 36.985756 ], [ -86.467087, 36.985764 ] ], [ [ -86.467087, 36.985764 ], [ -86.467149, 36.985791 ] ], [ [ -86.467149, 36.985791 ], [ -86.467197, 36.985816 ] ], [ [ -86.467197, 36.985816 ], [ -86.467204, 36.985821 ] ], [ [ -86.467204, 36.985821 ], [ -86.467211, 36.985831 ] ], [ [ -86.467211, 36.985831 ], [ -86.467217, 36.985843 ] ], [ [ -86.467217, 36.985843 ], [ -86.46722, 36.985856 ] ], [ [ -86.46722, 36.985856 ], [ -86.467224, 36.985884 ] ], [ [ -86.467224, 36.985884 ], [ -86.467221, 36.985896 ] ], [ [ -86.467221, 36.985896 ], [ -86.467037, 36.986803 ] ], [ [ -86.467037, 36.986803 ], [ -86.467022, 36.986893 ] ], [ [ -86.467022, 36.986893 ], [ -86.466957, 36.987198 ] ], [ [ -86.466957, 36.987198 ], [ -86.4669, 36.987474 ] ], [ [ -86.4669, 36.987474 ], [ -86.466849, 36.98771 ] ], [ [ -86.466849, 36.98771 ], [ -86.466701, 36.988448 ] ], [ [ -86.466701, 36.988448 ], [ -86.466668, 36.988603 ] ], [ [ -86.466668, 36.988603 ], [ -86.466653, 36.988678 ] ], [ [ -86.466653, 36.988678 ], [ -86.466625, 36.988808 ] ], [ [ -86.466625, 36.988808 ], [ -86.466604, 36.98894 ] ] ] } },
{ "type": "Feature", "properties": { "name": null, "highway": "residential", "length": 106.0, "risk_tier": "high", "zone_type": "sinkhole" }, "geometry": { "type": "MultiLineString", "coordinates": [ [ [ -86.467445, 36.983226 ], [ -86.466787, 36.9829 ] ], [ [ -86.466787, 36.9829 ], [ -86.46674, 36.982894 ] ], [ [ -86.46674, 36.982894 ], [ -86.46652, 36.982654 ] ] ] } },
{ "type": "Feature", "properties": { "name": "Old Porter Pike", "highway": "tertiary", "length": 1931.0, "risk_tier": "moderate", "zone_type": "sinkhole" }, "geometry": { "type": "MultiLineString", "coordinates": [ [ [ -86.382935, 37.000702 ], [ -86.38304, 37.000657 ] ], [ [ -86.38304, 37.000657 ], [ -86.38315, 37.000613 ] ], [ [ -86.38315, 37.000613 ], [ -86.383224, 37.000588 ] ], [ [ -86.383224, 37.000588 ], [ -86.383311, 37.000567 ] ], [ [ -86.383311, 37.000567 ], [ -86.383408, 37.000555 ] ], [ [ -86.383408, 37.000555 ], [ -86.383516, 37.000554 ] ], [ [ -86.383516, 37.000554 ], [ -86.383631, 37.000567 ] ], [ [ -86.383631, 37.000567 ], [ -86.383748, 37.000593 ] ], [ [ -86.383748, 37.000593 ], [ -86.3839, 37.000636 ] ], [ [ -86.3839, 37.000636 ], [ -86.384095, 37.000699 ] ], [ [ -86.384095, 37.000699 ], [ -86.384232, 37.000747 ] ], [ [ -86.384232, 37.000747 ], [ -86.3844589, 37.000839 ] ], [ [ -86.3844589, 37.000839 ], [ -86.384528, 37.000867 ] ], [ [ -86.384528, 37.000867 ], [ -86.384642, 37.000912 ] ], [ [ -86.384642, 37.000912 ], [ -86.3847279, 37.0009438 ] ], [ [ -86.3847279, 37.0009438 ], [ -86.3852428, 37.0011461 ] ], [ [ -86.3852428, 37.0011461 ], [ -86.385318, 37.001175 ] ], [ [ -86.385318, 37.001175 ], [ -86.385424, 37.001221 ] ], [ [ -86.385424, 37.001221 ], [ -86.385571, 37.001281 ] ], [ [ -86.385571, 37.001281 ], [ -86.3859008, 37.001430599999985 ] ], [ [ -86.3859008, 37.001430599999985 ], [ -86.387032, 37.00193 ] ], [ [ -86.387032, 37.00193 ], [ -86.387168, 37.001989 ] ], [ [ -86.387168, 37.001989 ], [ -86.387627, 37.0022 ] ], [ [ -86.387627, 37.0022 ], [ -86.387849, 37.002297 ] ], [ [ -86.387849, 37.002297 ], [ -86.38797, 37.002348 ] ], [ [ -86.38797, 37.002348 ], [ -86.388094, 37.002402 ] ], [ [ -86.388094, 37.002402 ], [ -86.388221, 37.002459 ] ], [ [ -86.388221, 37.002459 ], [ -86.388608, 37.00263 ] ], [ [ -86.388608, 37.00263 ], [ -86.388746, 37.00269 ] ], [ [ -86.388746, 37.00269 ], [ -86.3888318, 37.0027284 ] ], [ [ -86.3888318, 37.0027284 ], [ -86.388862, 37.002742 ] ], [ [ -86.388862, 37.002742 ], [ -86.389103, 37.002843 ] ], [ [ -86.389103, 37.002843 ], [ -86.389267, 37.00291 ] ], [ [ -86.389267, 37.00291 ], [ -86.38967, 37.003096 ] ], [ [ -86.38967, 37.003096 ], [ -86.389811, 37.003166 ] ], [ [ -86.389811, 37.003166 ], [ -86.389945, 37.003225 ] ], [ [ -86.389945, 37.003225 ], [ -86.390078, 37.00328 ] ], [ [ -86.390078, 37.00328 ], [ -86.390209, 37.003331 ] ], [ [ -86.390209, 37.003331 ], [ -86.390344, 37.003385 ] ], [ [ -86.390344, 37.003385 ], [ -86.390487, 37.003436 ] ], [ [ -86.390487, 37.003436 ], [ -86.390638, 37.003491 ] ], [ [ -86.390638, 37.003491 ], [ -86.390795, 37.003551 ] ], [ [ -86.390795, 37.003551 ], [ -86.390955, 37.003615 ] ], [ [ -86.390955, 37.003615 ], [ -86.391107, 37.003669 ] ], [ [ -86.391107, 37.003669 ], [ -86.391559, 37.00384 ] ], [ [ -86.391559, 37.00384 ], [ -86.391698, 37.003901 ] ], [ [ -86.391698, 37.003901 ], [ -86.391823, 37.003949 ] ], [ [ -86.391823, 37.003949 ], [ -86.392061, 37.004055 ] ], [ [ -86.392061, 37.004055 ], [ -86.3922022, 37.004109 ] ], [ [ -86.3922022, 37.004109 ], [ -86.392248, 37.00414 ] ], [ [ -86.392248, 37.00414 ], [ -86.392284, 37.004162 ] ], [ [ -86.392284, 37.004162 ], [ -86.392315, 37.004186 ] ], [ [ -86.392315, 37.004186 ], [ -86.392336, 37.004208 ] ], [ [ -86.392336, 37.004208 ], [ -86.392355, 37.004233 ] ], [ [ -86.392355, 37.004233 ], [ -86.392484, 37.004418 ] ], [ [ -86.392484, 37.004418 ], [ -86.392694, 37.004712 ] ], [ [ -86.392694, 37.004712 ], [ -86.392991, 37.005123 ] ], [ [ -86.392991, 37.005123 ], [ -86.393065, 37.005222 ] ], [ [ -86.393065, 37.005222 ], [ -86.393473, 37.005742 ] ], [ [ -86.393473, 37.005742 ], [ -86.39364, 37.005956 ] ], [ [ -86.39364, 37.005956 ], [ -86.393708, 37.006047 ] ], [ [ -86.393708, 37.006047 ], [ -86.393789, 37.006148 ] ], [ [ -86.393789, 37.006148 ], [ -86.393889, 37.006265 ] ], [ [ -86.393889, 37.006265 ], [ -86.394101, 37.006479 ] ], [ [ -86.394101, 37.006479 ], [ -86.394149, 37.006515 ] ], [ [ -86.394149, 37.006515 ], [ -86.394194, 37.006542 ] ], [ [ -86.394194, 37.006542 ], [ -86.39432, 37.006614 ] ], [ [ -86.39432, 37.006614 ], [ -86.394389, 37.006652 ] ], [ [ -86.394389, 37.006652 ], [ -86.394484, 37.006702 ] ], [ [ -86.394484, 37.006702 ], [ -86.394894, 37.006923 ] ], [ [ -86.394894, 37.006923 ], [ -86.395002, 37.006977 ] ], [ [ -86.395002, 37.006977 ], [ -86.395114, 37.007026 ] ], [ [ -86.395114, 37.007026 ], [ -86.395229, 37.007074 ] ], [ [ -86.395229, 37.007074 ], [ -86.395368, 37.00713 ] ], [ [ -86.395368, 37.00713 ], [ -86.39546, 37.007167 ] ], [ [ -86.39546, 37.007167 ], [ -86.395582, 37.007214 ] ], [ [ -86.395582, 37.007214 ], [ -86.395707, 37.007258 ] ], [ [ -86.395707, 37.007258 ], [ -86.395833, 37.007304 ] ], [ [ -86.395833, 37.007304 ], [ -86.395966, 37.007355 ] ], [ [ -86.395966, 37.007355 ], [ -86.396102, 37.007403 ] ], [ [ -86.396102, 37.007403 ], [ -86.39681, 37.007671 ] ], [ [ -86.39681, 37.007671 ], [ -86.396947, 37.00772 ] ], [ [ -86.396947, 37.00772 ], [ -86.397367, 37.007866 ] ], [ [ -86.397367, 37.007866 ], [ -86.397569, 37.007938 ] ], [ [ -86.397569, 37.007938 ], [ -86.397658, 37.007972 ] ], [ [ -86.397658, 37.007972 ], [ -86.397795, 37.008018 ] ], [ [ -86.397795, 37.008018 ], [ -86.397938, 37.008059 ] ], [ [ -86.397938, 37.008059 ], [ -86.3980073, 37.0080781 ] ], [ [ -86.3980073, 37.0080781 ], [ -86.398083, 37.008099 ] ], [ [ -86.398083, 37.008099 ], [ -86.39842, 37.00818 ] ], [ [ -86.39842, 37.00818 ], [ -86.398859, 37.008302 ] ], [ [ -86.398859, 37.008302 ], [ -86.399002, 37.008339 ] ], [ [ -86.399002, 37.008339 ], [ -86.399141, 37.008376 ] ], [ [ -86.399141, 37.008376 ], [ -86.399258, 37.00841 ] ], [ [ -86.399258, 37.00841 ], [ -86.399366, 37.008452 ] ], [ [ -86.399366, 37.008452 ], [ -86.399418, 37.008477 ] ], [ [ -86.399418, 37.008477 ], [ -86.39946, 37.008504 ] ], [ [ -86.39946, 37.008504 ], [ -86.399501, 37.008534 ] ], [ [ -86.399501, 37.008534 ], [ -86.399543, 37.008571 ] ], [ [ -86.399543, 37.008571 ], [ -86.399581, 37.008609 ] ], [ [ -86.399581, 37.008609 ], [ -86.399613, 37.008652 ] ], [ [ -86.399613, 37.008652 ], [ -86.399666, 37.008737 ] ], [ [ -86.399666, 37.008737 ], [ -86.399706, 37.0088175 ] ], [ [ -86.399706, 37.0088175 ], [ -86.399747, 37.008928 ] ], [ [ -86.399747, 37.008928 ], [ -86.399777, 37.009021 ] ], [ [ -86.399777, 37.009021 ], [ -86.399821, 37.009123 ] ], [ [ -86.399821, 37.009123 ], [ -86.399865, 37.00922 ] ], [ [ -86.399865, 37.00922 ], [ -86.399945, 37.009385 ] ], [ [ -86.399945, 37.009385 ], [ -86.399985, 37.009463 ] ], [ [ -86.399985, 37.009463 ], [ -86.4000965, 37.0097023 ] ], [ [ -86.4000965, 37.0097023 ], [ -86.4001773, 37.009858199999989 ] ] ] } },
{ "type": "Feature", "properties": { "name": "Scott Lane", "highway": "residential", "length": 433.0, "risk_tier": "moderate", "zone_type": "sinkhole" }, "geometry": { "type": "MultiLineString", "coordinates": [ [ [ -86.4073318, 36.9975147 ], [ -86.407273, 36.997619 ] ], [ [ -86.407273, 36.997619 ], [ -86.407223, 36.997686 ] ], [ [ -86.407223, 36.997686 ], [ -86.407167, 36.997749 ] ], [ [ -86.407167, 36.997749 ], [ -86.407105, 36.99781 ] ], [ [ -86.407105, 36.99781 ], [ -86.407038, 36.997868 ] ], [ [ -86.407038, 36.997868 ], [ -86.406967, 36.99792 ] ], [ [ -86.406967, 36.99792 ], [ -86.406892, 36.997967 ] ], [ [ -86.406892, 36.997967 ], [ -86.406812, 36.998007 ] ], [ [ -86.406812, 36.998007 ], [ -86.406725, 36.998039 ] ], [ [ -86.406725, 36.998039 ], [ -86.406635, 36.998063 ] ], [ [ -86.406635, 36.998063 ], [ -86.406632, 36.998064 ] ], [ [ -86.406632, 36.998064 ], [ -86.406539, 36.998077 ] ], [ [ -86.406539, 36.998077 ], [ -86.406447, 36.998085 ] ], [ [ -86.406447, 36.998085 ], [ -86.406308100000018, 36.998091 ] ], [ [ -86.406308100000018, 36.998091 ], [ -86.406263, 36.998093 ] ], [ [ -86.406263, 36.998093 ], [ -86.406176, 36.998098 ] ], [ [ -86.406176, 36.998098 ], [ -86.406088, 36.998102 ] ], [ [ -86.406088, 36.998102 ], [ -86.4059895, 36.998104800000014 ] ], [ [ -86.4059895, 36.998104800000014 ], [ -86.4053189, 36.9981232 ] ], [ [ -86.4053189, 36.9981232 ], [ -86.4052169, 36.998126 ] ], [ [ -86.4052169, 36.998126 ], [ -86.4047335, 36.998139 ] ], [ [ -86.4047335, 36.998139 ], [ -86.4034809, 36.998186 ] ], [ [ -86.4034809, 36.998186 ], [ -86.403361, 36.99817 ] ], [ [ -86.403361, 36.99817 ], [ -86.403281, 36.99816 ] ], [ [ -86.403281, 36.99816 ], [ -86.4032, 36.998145 ] ], [ [ -86.4032, 36.998145 ], [ -86.40313, 36.998128 ] ], [ [ -86.40313, 36.998128 ], [ -86.403066, 36.998107 ] ], [ [ -86.403066, 36.998107 ], [ -86.403014, 36.998084 ] ], [ [ -86.403014, 36.998084 ], [ -86.402973, 36.998063 ] ], [ [ -86.402973, 36.998063 ], [ -86.402921, 36.998034 ] ], [ [ -86.402921, 36.998034 ], [ -86.402845, 36.997974 ] ] ] } },
{ "type": "Feature", "properties": { "name": "Old Porter Pike", "highway": "tertiary", "length": 1931.0, "risk_tier": "moderate", "zone_type": "sinkhole" }, "geometry": { "type": "MultiLineString", "coordinates": [ [ [ -86.382935, 37.000702 ], [ -86.38304, 37.000657 ] ], [ [ -86.38304, 37.000657 ], [ -86.38315, 37.000613 ] ], [ [ -86.38315, 37.000613 ], [ -86.383224, 37.000588 ] ], [ [ -86.383224, 37.000588 ], [ -86.383311, 37.000567 ] ], [ [ -86.383311, 37.000567 ], [ -86.383408, 37.000555 ] ], [ [ -86.383408, 37.000555 ], [ -86.383516, 37.000554 ] ], [ [ -86.383516, 37.000554 ], [ -86.383631, 37.000567 ] ], [ [ -86.383631, 37.000567 ], [ -86.383748, 37.000593 ] ], [ [ -86.383748, 37.000593 ], [ -86.3839, 37.000636 ] ], [ [ -86.3839, 37.000636 ], [ -86.384095, 37.000699 ] ], [ [ -86.384095, 37.000699 ], [ -86.384232, 37.000747 ] ], [ [ -86.384232, 37.000747 ], [ -86.3844589, 37.000839 ] ], [ [ -86.3844589, 37.000839 ], [ -86.384528, 37.000867 ] ], [ [ -86.384528, 37.000867 ], [ -86.384642, 37.000912 ] ], [ [ -86.384642, 37.000912 ], [ -86.3847279, 37.0009438 ] ], [ [ -86.3847279, 37.0009438 ], [ -86.3852428, 37.0011461 ] ], [ [ -86.3852428, 37.0011461 ], [ -86.385318, 37.001175 ] ], [ [ -86.385318, 37.001175 ], [ -86.385424, 37.001221 ] ], [ [ -86.385424, 37.001221 ], [ -86.385571, 37.001281 ] ], [ [ -86.385571, 37.001281 ], [ -86.3859008, 37.001430599999985 ] ], [ [ -86.3859008, 37.001430599999985 ], [ -86.387032, 37.00193 ] ], [ [ -86.387032, 37.00193 ], [ -86.387168, 37.001989 ] ], [ [ -86.387168, 37.001989 ], [ -86.387627, 37.0022 ] ], [ [ -86.387627, 37.0022 ], [ -86.387849, 37.002297 ] ], [ [ -86.387849, 37.002297 ], [ -86.38797, 37.002348 ] ], [ [ -86.38797, 37.002348 ], [ -86.388094, 37.002402 ] ], [ [ -86.388094, 37.002402 ], [ -86.388221, 37.002459 ] ], [ [ -86.388221, 37.002459 ], [ -86.388608, 37.00263 ] ], [ [ -86.388608, 37.00263 ], [ -86.388746, 37.00269 ] ], [ [ -86.388746, 37.00269 ], [ -86.3888318, 37.0027284 ] ], [ [ -86.3888318, 37.0027284 ], [ -86.388862, 37.002742 ] ], [ [ -86.388862, 37.002742 ], [ -86.389103, 37.002843 ] ], [ [ -86.389103, 37.002843 ], [ -86.389267, 37.00291 ] ], [ [ -86.389267, 37.00291 ], [ -86.38967, 37.003096 ] ], [ [ -86.38967, 37.003096 ], [ -86.389811, 37.003166 ] ], [ [ -86.389811, 37.003166 ], [ -86.389945, 37.003225 ] ], [ [ -86.389945, 37.003225 ], [ -86.390078, 37.00328 ] ], [ [ -86.390078, 37.00328 ], [ -86.390209, 37.003331 ] ], [ [ -86.390209, 37.003331 ], [ -86.390344, 37.003385 ] ], [ [ -86.390344, 37.003385 ], [ -86.390487, 37.003436 ] ], [ [ -86.390487, 37.003436 ], [ -86.390638, 37.003491 ] ], [ [ -86.390638, 37.003491 ], [ -86.390795, 37.003551 ] ], [ [ -86.390795, 37.003551 ], [ -86.390955, 37.003615 ] ], [ [ -86.390955, 37.003615 ], [ -86.391107, 37.003669 ] ], [ [ -86.391107, 37.003669 ], [ -86.391559, 37.00384 ] ], [ [ -86.391559, 37.00384 ], [ -86.391698, 37.003901 ] ], [ [ -86.391698, 37.003901 ], [ -86.391823, 37.003949 ] ], [ [ -86.391823, 37.003949 ], [ -86.392061, 37.004055 ] ], [ [ -86.392061, 37.004055 ], [ -86.3922022, 37.004109 ] ], [ [ -86.3922022, 37.004109 ], [ -86.392248, 37.00414 ] ], [ [ -86.392248, 37.00414 ], [ -86.392284, 37.004162 ] ], [ [ -86.392284, 37.004162 ], [ -86.392315, 37.004186 ] ], [ [ -86.392315, 37.004186 ], [ -86.392336, 37.004208 ] ], [ [ -86.392336, 37.004208 ], [ -86.392355, 37.004233 ] ], [ [ -86.392355, 37.004233 ], [ -86.392484, 37.004418 ] ], [ [ -86.392484, 37.004418 ], [ -86.392694, 37.004712 ] ], [ [ -86.392694, 37.004712 ], [ -86.392991, 37.005123 ] ], [ [ -86.392991, 37.005123 ], [ -86.393065, 37.005222 ] ], [ [ -86.393065, 37.005222 ], [ -86.393473, 37.005742 ] ], [ [ -86.393473, 37.005742 ], [ -86.39364, 37.005956 ] ], [ [ -86.39364, 37.005956 ], [ -86.393708, 37.006047 ] ], [ [ -86.393708, 37.006047 ], [ -86.393789, 37.006148 ] ], [ [ -86.393789, 37.006148 ], [ -86.393889, 37.006265 ] ], [ [ -86.393889, 37.006265 ], [ -86.394101, 37.006479 ] ], [ [ -86.394101, 37.006479 ], [ -86.394149, 37.006515 ] ], [ [ -86.394149, 37.006515 ], [ -86.394194, 37.006542 ] ], [ [ -86.394194, 37.006542 ], [ -86.39432, 37.006614 ] ], [ [ -86.39432, 37.006614 ], [ -86.394389, 37.006652 ] ], [ [ -86.394389, 37.006652 ], [ -86.394484, 37.006702 ] ], [ [ -86.394484, 37.006702 ], [ -86.394894, 37.006923 ] ], [ [ -86.394894, 37.006923 ], [ -86.395002, 37.006977 ] ], [ [ -86.395002, 37.006977 ], [ -86.395114, 37.007026 ] ], [ [ -86.395114, 37.007026 ], [ -86.395229, 37.007074 ] ], [ [ -86.395229, 37.007074 ], [ -86.395368, 37.00713 ] ], [ [ -86.395368, 37.00713 ], [ -86.39546, 37.007167 ] ], [ [ -86.39546, 37.007167 ], [ -86.395582, 37.007214 ] ], [ [ -86.395582, 37.007214 ], [ -86.395707, 37.007258 ] ], [ [ -86.395707, 37.007258 ], [ -86.395833, 37.007304 ] ], [ [ -86.395833, 37.007304 ], [ -86.395966, 37.007355 ] ], [ [ -86.395966, 37.007355 ], [ -86.396102, 37.007403 ] ], [ [ -86.396102, 37.007403 ], [ -86.39681, 37.007671 ] ], [ [ -86.39681, 37.007671 ], [ -86.396947, 37.00772 ] ], [ [ -86.396947, 37.00772 ], [ -86.397367, 37.007866 ] ], [ [ -86.397367, 37.007866 ], [ -86.397569, 37.007938 ] ], [ [ -86.397569, 37.007938 ], [ -86.397658, 37.007972 ] ], [ [ -86.397658, 37.007972 ], [ -86.397795, 37.008018 ] ], [ [ -86.397795, 37.008018 ], [ -86.397938, 37.008059 ] ], [ [ -86.397938, 37.008059 ], [ -86.3980073, 37.0080781 ] ], [ [ -86.3980073, 37.0080781 ], [ -86.398083, 37.008099 ] ], [ [ -86.398083, 37.008099 ], [ -86.39842, 37.00818 ] ], [ [ -86.39842, 37.00818 ], [ -86.398859, 37.008302 ] ], [ [ -86.398859, 37.008302 ], [ -86.399002, 37.008339 ] ], [ [ -86.399002, 37.008339 ], [ -86.399141, 37.008376 ] ], [ [ -86.399141, 37.008376 ], [ -86.399258, 37.00841 ] ], [ [ -86.399258, 37.00841 ], [ -86.399366, 37.008452 ] ], [ [ -86.399366, 37.008452 ], [ -86.399418, 37.008477 ] ], [ [ -86.399418, 37.008477 ], [ -86.39946, 37.008504 ] ], [ [ -86.39946, 37.008504 ], [ -86.399501, 37.008534 ] ], [ [ -86.399501, 37.008534 ], [ -86.399543, 37.008571 ] ], [ [ -86.399543, 37.008571 ], [ -86.399581, 37.008609 ] ], [ [ -86.399581, 37.008609 ], [ -86.399613, 37.008652 ] ], [ [ -86.399613, 37.008652 ], [ -86.399666, 37.008737 ] ], [ [ -86.399666, 37.008737 ], [ -86.399706, 37.0088175 ] ], [ [ -86.399706, 37.0088175 ], [ -86.399747, 37.008928 ] ], [ [ -86.399747, 37.008928 ], [ -86.399777, 37.009021 ] ], [ [ -86.399777, 37.009021 ], [ -86.399821, 37.009123 ] ], [ [ -86.399821, 37.009123 ], [ -86.399865, 37.00922 ] ], [ [ -86.399865, 37.00922 ], [ -86.399945, 37.009385 ] ], [ [ -86.399945, 37.009385 ], [ -86.399985, 37.009463 ] ], [ [ -86.399985, 37.009463 ], [ -86.4000965, 37.0097023 ] ], [ [ -86.4000965, 37.0097023 ], [ -86.4001773, 37.009858199999989 ] ] ] } },
{ "type": "Feature", "properties": { "name": "Scott Lane", "highway": "residential", "length": 1028.0, "risk_tier": "moderate", "zone_type": "sinkhole" }, "geometry": { "type": "MultiLineString", "coordinates": [ [ [ -86.407724, 36.988744 ], [ -86.4077188, 36.9888561 ] ], [ [ -86.4077188, 36.9888561 ], [ -86.407633, 36.990708 ] ], [ [ -86.407633, 36.990708 ], [ -86.407611, 36.991291 ] ], [ [ -86.407611, 36.991291 ], [ -86.407601, 36.991393 ] ], [ [ -86.407601, 36.991393 ], [ -86.407575, 36.992606 ] ], [ [ -86.407575, 36.992606 ], [ -86.407553, 36.993107 ] ], [ [ -86.407553, 36.993107 ], [ -86.407537, 36.993586 ] ], [ [ -86.407537, 36.993586 ], [ -86.407518, 36.994062 ] ], [ [ -86.407518, 36.994062 ], [ -86.407486, 36.995033 ] ], [ [ -86.407486, 36.995033 ], [ -86.407461, 36.99561 ] ], [ [ -86.407461, 36.99561 ], [ -86.407441, 36.995894 ] ], [ [ -86.407441, 36.995894 ], [ -86.40741, 36.996707 ] ], [ [ -86.40741, 36.996707 ], [ -86.407403, 36.996858 ] ], [ [ -86.407403, 36.996858 ], [ -86.407398, 36.996937 ] ], [ [ -86.407398, 36.996937 ], [ -86.40739, 36.9971 ] ], [ [ -86.40739, 36.9971 ], [ -86.407385, 36.997179 ] ], [ [ -86.407385, 36.997179 ], [ -86.407378, 36.997255 ] ], [ [ -86.407378, 36.997255 ], [ -86.4073563, 36.9974009 ] ], [ [ -86.4073563, 36.9974009 ], [ -86.4073318, 36.9975147 ] ], [ [ -86.4073318, 36.9975147 ], [ -86.4073202, 36.9979836 ] ] ] } },
{ "type": "Feature", "properties": { "name": "Boone Court", "highway": "residential", "length": 168.0, "risk_tier": "moderate", "zone_type": "sinkhole" }, "geometry": { "type": "MultiLineString", "coordinates": [ [ [ -86.4141832, 36.9905589 ], [ -86.4141237, 36.9914143 ] ], [ [ -86.4141237, 36.9914143 ], [ -86.4142944, 36.9915234 ] ], [ [ -86.4142944, 36.9915234 ], [ -86.4145941, 36.991538499999983 ] ], [ [ -86.4145941, 36.991538499999983 ], [ -86.4148937, 36.991553699999983 ] ] ] } },
{ "type": "Feature", "properties": { "name": "Boone Court", "highway": "residential", "length": 108.0, "risk_tier": "moderate", "zone_type": "sinkhole" }, "geometry": { "type": "MultiLineString", "coordinates": [ [ [ -86.4554051, 36.9638837 ], [ -86.4551327, 36.964274 ] ], [ [ -86.4551327, 36.964274 ], [ -86.454949, 36.964525 ] ], [ [ -86.454949, 36.964525 ], [ -86.454895, 36.964576 ] ], [ [ -86.454895, 36.964576 ], [ -86.454833, 36.964617 ] ], [ [ -86.454833, 36.964617 ], [ -86.454763, 36.964646 ] ], [ [ -86.454763, 36.964646 ], [ -86.454714, 36.964656 ] ] ] } },
{ "type": "Feature", "properties": { "name": "Wellington Way", "highway": "residential", "length": 301.0, "risk_tier": "moderate", "zone_type": "sinkhole" }, "geometry": { "type": "MultiLineString", "coordinates": [ [ [ -86.407537, 36.993586 ], [ -86.408744, 36.993617 ] ], [ [ -86.408744, 36.993617 ], [ -86.410924, 36.993683 ] ] ] } },
{ "type": "Feature", "properties": { "name": "Cumberland Ridge Way", "highway": "residential", "length": 1372.0, "risk_tier": "moderate", "zone_type": "sinkhole" }, "geometry": { "type": "MultiLineString", "coordinates": [ [ [ -86.397842, 36.953737 ], [ -86.3971599, 36.9538706 ] ], [ [ -86.3971599, 36.9538706 ], [ -86.3965175, 36.953955 ] ], [ [ -86.3965175, 36.953955 ], [ -86.3959728, 36.953955 ] ], [ [ -86.3959728, 36.953955 ], [ -86.3950946, 36.953981 ] ], [ [ -86.3950946, 36.953981 ], [ -86.3941189, 36.9538576 ] ], [ [ -86.3941189, 36.9538576 ], [ -86.3930294, 36.9536886 ] ], [ [ -86.3930294, 36.9536886 ], [ -86.391891, 36.9535197 ] ], [ [ -86.391891, 36.9535197 ], [ -86.39133, 36.9533378 ] ], [ [ -86.39133, 36.9533378 ], [ -86.390581900000015, 36.9530908 ] ], [ [ -86.390581900000015, 36.9530908 ], [ -86.3899721, 36.9528764 ] ], [ [ -86.3899721, 36.9528764 ], [ -86.389565600000012, 36.952532 ] ], [ [ -86.389565600000012, 36.952532 ], [ -86.389281, 36.9522786 ] ], [ [ -86.389281, 36.9522786 ], [ -86.38885, 36.9520967 ] ], [ [ -86.38885, 36.9520967 ], [ -86.3885736, 36.9519992 ] ], [ [ -86.3885736, 36.9519992 ], [ -86.3882971, 36.952031699999978 ] ], [ [ -86.3882971, 36.952031699999978 ], [ -86.3881508, 36.9521357 ] ], [ [ -86.3881508, 36.9521357 ], [ -86.3880939, 36.9523696 ] ], [ [ -86.3880939, 36.9523696 ], [ -86.3881833, 36.952545 ] ], [ [ -86.3881833, 36.952545 ], [ -86.3886352, 36.9530781 ] ], [ [ -86.3886352, 36.9530781 ], [ -86.3891997, 36.9535782 ] ], [ [ -86.3891997, 36.9535782 ], [ -86.3896848, 36.953925 ] ], [ [ -86.3896848, 36.953925 ], [ -86.3901026, 36.9542263 ] ], [ [ -86.3901026, 36.9542263 ], [ -86.3901282, 36.9542528 ] ], [ [ -86.3901282, 36.9542528 ], [ -86.3904491, 36.9545846 ] ], [ [ -86.3904491, 36.9545846 ], [ -86.3904988, 36.9546439 ] ], [ [ -86.3904988, 36.9546439 ], [ -86.39069520000001, 36.9548778 ] ], [ [ -86.39069520000001, 36.9548778 ], [ -86.3910504, 36.9553012 ] ] ] } },
{ "type": "Feature", "properties": { "name": "Cumberland Ridge Way", "highway": "residential", "length": 1372.0, "risk_tier": "moderate", "zone_type": "sinkhole" }, "geometry": { "type": "MultiLineString", "coordinates": [ [ [ -86.397842, 36.953737 ], [ -86.3971599, 36.9538706 ] ], [ [ -86.3971599, 36.9538706 ], [ -86.3965175, 36.953955 ] ], [ [ -86.3965175, 36.953955 ], [ -86.3959728, 36.953955 ] ], [ [ -86.3959728, 36.953955 ], [ -86.3950946, 36.953981 ] ], [ [ -86.3950946, 36.953981 ], [ -86.3941189, 36.9538576 ] ], [ [ -86.3941189, 36.9538576 ], [ -86.3930294, 36.9536886 ] ], [ [ -86.3930294, 36.9536886 ], [ -86.391891, 36.9535197 ] ], [ [ -86.391891, 36.9535197 ], [ -86.39133, 36.9533378 ] ], [ [ -86.39133, 36.9533378 ], [ -86.390581900000015, 36.9530908 ] ], [ [ -86.390581900000015, 36.9530908 ], [ -86.3899721, 36.9528764 ] ], [ [ -86.3899721, 36.9528764 ], [ -86.389565600000012, 36.952532 ] ], [ [ -86.389565600000012, 36.952532 ], [ -86.389281, 36.9522786 ] ], [ [ -86.389281, 36.9522786 ], [ -86.38885, 36.9520967 ] ], [ [ -86.38885, 36.9520967 ], [ -86.3885736, 36.9519992 ] ], [ [ -86.3885736, 36.9519992 ], [ -86.3882971, 36.952031699999978 ] ], [ [ -86.3882971, 36.952031699999978 ], [ -86.3881508, 36.9521357 ] ], [ [ -86.3881508, 36.9521357 ], [ -86.3880939, 36.9523696 ] ], [ [ -86.3880939, 36.9523696 ], [ -86.3881833, 36.952545 ] ], [ [ -86.3881833, 36.952545 ], [ -86.3886352, 36.9530781 ] ], [ [ -86.3886352, 36.9530781 ], [ -86.3891997, 36.9535782 ] ], [ [ -86.3891997, 36.9535782 ], [ -86.3896848, 36.953925 ] ], [ [ -86.3896848, 36.953925 ], [ -86.3901026, 36.9542263 ] ], [ [ -86.3901026, 36.9542263 ], [ -86.3901282, 36.9542528 ] ], [ [ -86.3901282, 36.9542528 ], [ -86.3904491, 36.9545846 ] ], [ [ -86.3904491, 36.9545846 ], [ -86.3904988, 36.9546439 ] ], [ [ -86.3904988, 36.9546439 ], [ -86.39069520000001, 36.9548778 ] ], [ [ -86.39069520000001, 36.9548778 ], [ -86.3910504, 36.9553012 ] ] ] } },
{ "type": "Feature", "properties": { "name": "Cumberland Ridge Way", "highway": "residential", "length": 1372.0, "risk_tier": "moderate", "zone_type": "sinkhole" }, "geometry": { "type": "MultiLineString", "coordinates": [ [ [ -86.397842, 36.953737 ], [ -86.3971599, 36.9538706 ] ], [ [ -86.3971599, 36.9538706 ], [ -86.3965175, 36.953955 ] ], [ [ -86.3965175, 36.953955 ], [ -86.3959728, 36.953955 ] ], [ [ -86.3959728, 36.953955 ], [ -86.3950946, 36.953981 ] ], [ [ -86.3950946, 36.953981 ], [ -86.3941189, 36.9538576 ] ], [ [ -86.3941189, 36.9538576 ], [ -86.3930294, 36.9536886 ] ], [ [ -86.3930294, 36.9536886 ], [ -86.391891, 36.9535197 ] ], [ [ -86.391891, 36.9535197 ], [ -86.39133, 36.9533378 ] ], [ [ -86.39133, 36.9533378 ], [ -86.390581900000015, 36.9530908 ] ], [ [ -86.390581900000015, 36.9530908 ], [ -86.3899721, 36.9528764 ] ], [ [ -86.3899721, 36.9528764 ], [ -86.389565600000012, 36.952532 ] ], [ [ -86.389565600000012, 36.952532 ], [ -86.389281, 36.9522786 ] ], [ [ -86.389281, 36.9522786 ], [ -86.38885, 36.9520967 ] ], [ [ -86.38885, 36.9520967 ], [ -86.3885736, 36.9519992 ] ], [ [ -86.3885736, 36.9519992 ], [ -86.3882971, 36.952031699999978 ] ], [ [ -86.3882971, 36.952031699999978 ], [ -86.3881508, 36.9521357 ] ], [ [ -86.3881508, 36.9521357 ], [ -86.3880939, 36.9523696 ] ], [ [ -86.3880939, 36.9523696 ], [ -86.3881833, 36.952545 ] ], [ [ -86.3881833, 36.952545 ], [ -86.3886352, 36.9530781 ] ], [ [ -86.3886352, 36.9530781 ], [ -86.3891997, 36.9535782 ] ], [ [ -86.3891997, 36.9535782 ], [ -86.3896848, 36.953925 ] ], [ [ -86.3896848, 36.953925 ], [ -86.3901026, 36.9542263 ] ], [ [ -86.3901026, 36.9542263 ], [ -86.3901282, 36.9542528 ] ], [ [ -86.3901282, 36.9542528 ], [ -86.3904491, 36.9545846 ] ], [ [ -86.3904491, 36.9545846 ], [ -86.3904988, 36.9546439 ] ], [ [ -86.3904988, 36.9546439 ], [ -86.39069520000001, 36.9548778 ] ], [ [ -86.39069520000001, 36.9548778 ], [ -86.3910504, 36.9553012 ] ] ] } },
{ "type": "Feature", "properties": { "name": null, "highway": "residential", "length": 199.0, "risk_tier": "moderate", "zone_type": "sinkhole" }, "geometry": { "type": "MultiLineString", "coordinates": [ [ [ -86.3923446, 36.955382600000014 ], [ -86.3924566, 36.954991799999974 ] ], [ [ -86.3924566, 36.954991799999974 ], [ -86.3926095, 36.9546335 ] ], [ [ -86.3926095, 36.9546335 ], [ -86.3927726, 36.9544462 ] ], [ [ -86.3927726, 36.9544462 ], [ -86.3928541, 36.9542833 ] ], [ [ -86.3928541, 36.9542833 ], [ -86.3930294, 36.9536886 ] ] ] } },
{ "type": "Feature", "properties": { "name": null, "highway": "residential", "length": 199.0, "risk_tier": "moderate", "zone_type": "sinkhole" }, "geometry": { "type": "MultiLineString", "coordinates": [ [ [ -86.3923446, 36.955382600000014 ], [ -86.3924566, 36.954991799999974 ] ], [ [ -86.3924566, 36.954991799999974 ], [ -86.3926095, 36.9546335 ] ], [ [ -86.3926095, 36.9546335 ], [ -86.3927726, 36.9544462 ] ], [ [ -86.3927726, 36.9544462 ], [ -86.3928541, 36.9542833 ] ], [ [ -86.3928541, 36.9542833 ], [ -86.3930294, 36.9536886 ] ] ] } },
{ "type": "Feature", "properties": { "name": "Boone Court", "highway": "residential", "length": 108.0, "risk_tier": "moderate", "zone_type": "sinkhole" }, "geometry": { "type": "MultiLineString", "coordinates": [ [ [ -86.4554051, 36.9638837 ], [ -86.4551327, 36.964274 ] ], [ [ -86.4551327, 36.964274 ], [ -86.454949, 36.964525 ] ], [ [ -86.454949, 36.964525 ], [ -86.454895, 36.964576 ] ], [ [ -86.454895, 36.964576 ], [ -86.454833, 36.964617 ] ], [ [ -86.454833, 36.964617 ], [ -86.454763, 36.964646 ] ], [ [ -86.454763, 36.964646 ], [ -86.454714, 36.964656 ] ] ] } },
{ "type": "Feature", "properties": { "name": "Boone Court", "highway": "residential", "length": 108.0, "risk_tier": "moderate", "zone_type": "sinkhole" }, "geometry": { "type": "MultiLineString", "coordinates": [ [ [ -86.4554051, 36.9638837 ], [ -86.4551327, 36.964274 ] ], [ [ -86.4551327, 36.964274 ], [ -86.454949, 36.964525 ] ], [ [ -86.454949, 36.964525 ], [ -86.454895, 36.964576 ] ], [ [ -86.454895, 36.964576 ], [ -86.454833, 36.964617 ] ], [ [ -86.454833, 36.964617 ], [ -86.454763, 36.964646 ] ], [ [ -86.454763, 36.964646 ], [ -86.454714, 36.964656 ] ] ] } },
{ "type": "Feature", "properties": { "name": "Boone Court", "highway": "residential", "length": 108.0, "risk_tier": "moderate", "zone_type": "sinkhole" }, "geometry": { "type": "MultiLineString", "coordinates": [ [ [ -86.4554051, 36.9638837 ], [ -86.4551327, 36.964274 ] ], [ [ -86.4551327, 36.964274 ], [ -86.454949, 36.964525 ] ], [ [ -86.454949, 36.964525 ], [ -86.454895, 36.964576 ] ], [ [ -86.454895, 36.964576 ], [ -86.454833, 36.964617 ] ], [ [ -86.454833, 36.964617 ], [ -86.454763, 36.964646 ] ], [ [ -86.454763, 36.964646 ], [ -86.454714, 36.964656 ] ] ] } },
{ "type": "Feature", "properties": { "name": "Waffle Court", "highway": "unclassified", "length": 199.0, "risk_tier": "moderate", "zone_type": "sinkhole" }, "geometry": { "type": "LineString", "coordinates": [ [ -86.49488, 36.958788 ], [ -86.4962744, 36.9601852 ] ] } },
{ "type": "Feature", "properties": { "name": "Normalview Drive", "highway": "residential", "length": 403.0, "risk_tier": "moderate", "zone_type": "sinkhole" }, "geometry": { "type": "MultiLineString", "coordinates": [ [ [ -86.459581, 36.996333 ], [ -86.459613, 36.996257 ] ], [ [ -86.459613, 36.996257 ], [ -86.459744, 36.995931 ] ], [ [ -86.459744, 36.995931 ], [ -86.459811, 36.995777 ] ], [ [ -86.459811, 36.995777 ], [ -86.459846, 36.995703 ] ], [ [ -86.459846, 36.995703 ], [ -86.459979, 36.9954 ] ], [ [ -86.459979, 36.9954 ], [ -86.460012, 36.99532 ] ], [ [ -86.460012, 36.99532 ], [ -86.460044, 36.995238 ] ], [ [ -86.460044, 36.995238 ], [ -86.460075, 36.995162 ] ], [ [ -86.460075, 36.995162 ], [ -86.460098, 36.995089 ] ], [ [ -86.460098, 36.995089 ], [ -86.460111, 36.995021 ] ], [ [ -86.460111, 36.995021 ], [ -86.460112, 36.99499 ] ], [ [ -86.460112, 36.99499 ], [ -86.460108, 36.994957 ] ], [ [ -86.460108, 36.994957 ], [ -86.460098, 36.994924 ] ], [ [ -86.460098, 36.994924 ], [ -86.460083, 36.994895 ] ], [ [ -86.460083, 36.994895 ], [ -86.460063, 36.994866 ] ], [ [ -86.460063, 36.994866 ], [ -86.460039, 36.99484 ] ], [ [ -86.460039, 36.99484 ], [ -86.46001, 36.994815 ] ], [ [ -86.46001, 36.994815 ], [ -86.459979, 36.994794 ] ], [ [ -86.459979, 36.994794 ], [ -86.459845, 36.994715 ] ], [ [ -86.459845, 36.994715 ], [ -86.459784, 36.994671 ] ], [ [ -86.459784, 36.994671 ], [ -86.459755, 36.994648 ] ], [ [ -86.459755, 36.994648 ], [ -86.459728, 36.994623 ] ], [ [ -86.459728, 36.994623 ], [ -86.459703, 36.994597 ] ], [ [ -86.459703, 36.994597 ], [ -86.459681, 36.994572 ] ], [ [ -86.459681, 36.994572 ], [ -86.4596488, 36.9945268 ] ], [ [ -86.4596488, 36.9945268 ], [ -86.459644, 36.99452 ] ], [ [ -86.459644, 36.99452 ], [ -86.459629, 36.99449 ] ], [ [ -86.459629, 36.99449 ], [ -86.459617, 36.994461 ] ], [ [ -86.459617, 36.994461 ], [ -86.459611, 36.99443 ] ], [ [ -86.459611, 36.99443 ], [ -86.459608, 36.994405 ] ], [ [ -86.459608, 36.994405 ], [ -86.459612, 36.994378 ] ], [ [ -86.459612, 36.994378 ], [ -86.459618, 36.994351 ] ], [ [ -86.459618, 36.994351 ], [ -86.459663, 36.994237 ] ], [ [ -86.459663, 36.994237 ], [ -86.459692, 36.994171 ] ], [ [ -86.459692, 36.994171 ], [ -86.45972, 36.994099 ] ], [ [ -86.45972, 36.994099 ], [ -86.459852, 36.993784 ] ], [ [ -86.459852, 36.993784 ], [ -86.4598701, 36.993742 ] ], [ [ -86.4598701, 36.993742 ], [ -86.459889, 36.993698 ] ], [ [ -86.459889, 36.993698 ], [ -86.459928, 36.993612 ] ], [ [ -86.459928, 36.993612 ], [ -86.459965, 36.993527 ] ], [ [ -86.459965, 36.993527 ], [ -86.4599704, 36.993515399999986 ] ], [ [ -86.4599704, 36.993515399999986 ], [ -86.460004, 36.993443 ] ], [ [ -86.460004, 36.993443 ], [ -86.460039, 36.993359 ] ], [ [ -86.460039, 36.993359 ], [ -86.46007, 36.993276 ] ], [ [ -86.46007, 36.993276 ], [ -86.460084, 36.993235 ] ], [ [ -86.460084, 36.993235 ], [ -86.460095, 36.993194 ] ], [ [ -86.460095, 36.993194 ], [ -86.460099, 36.993143 ] ], [ [ -86.460099, 36.993143 ], [ -86.460099, 36.993066 ] ], [ [ -86.460099, 36.993066 ], [ -86.460094, 36.99299 ] ] ] } },
{ "type": "Feature", "properties": { "name": "Scott Lane", "highway": "residential", "length": 433.0, "risk_tier": "moderate", "zone_type": "sinkhole" }, "geometry": { "type": "MultiLineString", "coordinates": [ [ [ -86.4073318, 36.9975147 ], [ -86.407273, 36.997619 ] ], [ [ -86.407273, 36.997619 ], [ -86.407223, 36.997686 ] ], [ [ -86.407223, 36.997686 ], [ -86.407167, 36.997749 ] ], [ [ -86.407167, 36.997749 ], [ -86.407105, 36.99781 ] ], [ [ -86.407105, 36.99781 ], [ -86.407038, 36.997868 ] ], [ [ -86.407038, 36.997868 ], [ -86.406967, 36.99792 ] ], [ [ -86.406967, 36.99792 ], [ -86.406892, 36.997967 ] ], [ [ -86.406892, 36.997967 ], [ -86.406812, 36.998007 ] ], [ [ -86.406812, 36.998007 ], [ -86.406725, 36.998039 ] ], [ [ -86.406725, 36.998039 ], [ -86.406635, 36.998063 ] ], [ [ -86.406635, 36.998063 ], [ -86.406632, 36.998064 ] ], [ [ -86.406632, 36.998064 ], [ -86.406539, 36.998077 ] ], [ [ -86.406539, 36.998077 ], [ -86.406447, 36.998085 ] ], [ [ -86.406447, 36.998085 ], [ -86.406308100000018, 36.998091 ] ], [ [ -86.406308100000018, 36.998091 ], [ -86.406263, 36.998093 ] ], [ [ -86.406263, 36.998093 ], [ -86.406176, 36.998098 ] ], [ [ -86.406176, 36.998098 ], [ -86.406088, 36.998102 ] ], [ [ -86.406088, 36.998102 ], [ -86.4059895, 36.998104800000014 ] ], [ [ -86.4059895, 36.998104800000014 ], [ -86.4053189, 36.9981232 ] ], [ [ -86.4053189, 36.9981232 ], [ -86.4052169, 36.998126 ] ], [ [ -86.4052169, 36.998126 ], [ -86.4047335, 36.998139 ] ], [ [ -86.4047335, 36.998139 ], [ -86.4034809, 36.998186 ] ], [ [ -86.4034809, 36.998186 ], [ -86.403361, 36.99817 ] ], [ [ -86.403361, 36.99817 ], [ -86.403281, 36.99816 ] ], [ [ -86.403281, 36.99816 ], [ -86.4032, 36.998145 ] ], [ [ -86.4032, 36.998145 ], [ -86.40313, 36.998128 ] ], [ [ -86.40313, 36.998128 ], [ -86.403066, 36.998107 ] ], [ [ -86.403066, 36.998107 ], [ -86.403014, 36.998084 ] ], [ [ -86.403014, 36.998084 ], [ -86.402973, 36.998063 ] ], [ [ -86.402973, 36.998063 ], [ -86.402921, 36.998034 ] ], [ [ -86.402921, 36.998034 ], [ -86.402845, 36.997974 ] ] ] } },
{ "type": "Feature", "properties": { "name": "Scott Lane", "highway": "residential", "length": 1028.0, "risk_tier": "moderate", "zone_type": "sinkhole" }, "geometry": { "type": "MultiLineString", "coordinates": [ [ [ -86.407724, 36.988744 ], [ -86.4077188, 36.9888561 ] ], [ [ -86.4077188, 36.9888561 ], [ -86.407633, 36.990708 ] ], [ [ -86.407633, 36.990708 ], [ -86.407611, 36.991291 ] ], [ [ -86.407611, 36.991291 ], [ -86.407601, 36.991393 ] ], [ [ -86.407601, 36.991393 ], [ -86.407575, 36.992606 ] ], [ [ -86.407575, 36.992606 ], [ -86.407553, 36.993107 ] ], [ [ -86.407553, 36.993107 ], [ -86.407537, 36.993586 ] ], [ [ -86.407537, 36.993586 ], [ -86.407518, 36.994062 ] ], [ [ -86.407518, 36.994062 ], [ -86.407486, 36.995033 ] ], [ [ -86.407486, 36.995033 ], [ -86.407461, 36.99561 ] ], [ [ -86.407461, 36.99561 ], [ -86.407441, 36.995894 ] ], [ [ -86.407441, 36.995894 ], [ -86.40741, 36.996707 ] ], [ [ -86.40741, 36.996707 ], [ -86.407403, 36.996858 ] ], [ [ -86.407403, 36.996858 ], [ -86.407398, 36.996937 ] ], [ [ -86.407398, 36.996937 ], [ -86.40739, 36.9971 ] ], [ [ -86.40739, 36.9971 ], [ -86.407385, 36.997179 ] ], [ [ -86.407385, 36.997179 ], [ -86.407378, 36.997255 ] ], [ [ -86.407378, 36.997255 ], [ -86.4073563, 36.9974009 ] ], [ [ -86.4073563, 36.9974009 ], [ -86.4073318, 36.9975147 ] ], [ [ -86.4073318, 36.9975147 ], [ -86.4073202, 36.9979836 ] ] ] } },
{ "type": "Feature", "properties": { "name": "Scott Lane", "highway": "residential", "length": 1028.0, "risk_tier": "moderate", "zone_type": "sinkhole" }, "geometry": { "type": "MultiLineString", "coordinates": [ [ [ -86.407724, 36.988744 ], [ -86.4077188, 36.9888561 ] ], [ [ -86.4077188, 36.9888561 ], [ -86.407633, 36.990708 ] ], [ [ -86.407633, 36.990708 ], [ -86.407611, 36.991291 ] ], [ [ -86.407611, 36.991291 ], [ -86.407601, 36.991393 ] ], [ [ -86.407601, 36.991393 ], [ -86.407575, 36.992606 ] ], [ [ -86.407575, 36.992606 ], [ -86.407553, 36.993107 ] ], [ [ -86.407553, 36.993107 ], [ -86.407537, 36.993586 ] ], [ [ -86.407537, 36.993586 ], [ -86.407518, 36.994062 ] ], [ [ -86.407518, 36.994062 ], [ -86.407486, 36.995033 ] ], [ [ -86.407486, 36.995033 ], [ -86.407461, 36.99561 ] ], [ [ -86.407461, 36.99561 ], [ -86.407441, 36.995894 ] ], [ [ -86.407441, 36.995894 ], [ -86.40741, 36.996707 ] ], [ [ -86.40741, 36.996707 ], [ -86.407403, 36.996858 ] ], [ [ -86.407403, 36.996858 ], [ -86.407398, 36.996937 ] ], [ [ -86.407398, 36.996937 ], [ -86.40739, 36.9971 ] ], [ [ -86.40739, 36.9971 ], [ -86.407385, 36.997179 ] ], [ [ -86.407385, 36.997179 ], [ -86.407378, 36.997255 ] ], [ [ -86.407378, 36.997255 ], [ -86.4073563, 36.9974009 ] ], [ [ -86.4073563, 36.9974009 ], [ -86.4073318, 36.9975147 ] ], [ [ -86.4073318, 36.9975147 ], [ -86.4073202, 36.9979836 ] ] ] } },
{ "type": "Feature", "properties": { "name": "Washington Avenue", "highway": "residential", "length": 209.0, "risk_tier": "moderate", "zone_type": "sinkhole" }, "geometry": { "type": "MultiLineString", "coordinates": [ [ [ -86.404568, 36.9613229 ], [ -86.4042623, 36.9610461 ] ], [ [ -86.4042623, 36.9610461 ], [ -86.4038666, 36.960851799999979 ] ], [ [ -86.4038666, 36.960851799999979 ], [ -86.403773200000018, 36.9608059 ] ], [ [ -86.403773200000018, 36.9608059 ], [ -86.4034453, 36.9606463 ] ], [ [ -86.4034453, 36.9606463 ], [ -86.4026522, 36.9602481 ] ] ] } },
{ "type": "Feature", "properties": { "name": "Washington Avenue", "highway": "residential", "length": 209.0, "risk_tier": "moderate", "zone_type": "sinkhole" }, "geometry": { "type": "MultiLineString", "coordinates": [ [ [ -86.404568, 36.9613229 ], [ -86.4042623, 36.9610461 ] ], [ [ -86.4042623, 36.9610461 ], [ -86.4038666, 36.960851799999979 ] ], [ [ -86.4038666, 36.960851799999979 ], [ -86.403773200000018, 36.9608059 ] ], [ [ -86.403773200000018, 36.9608059 ], [ -86.4034453, 36.9606463 ] ], [ [ -86.4034453, 36.9606463 ], [ -86.4026522, 36.9602481 ] ] ] } },
{ "type": "Feature", "properties": { "name": "Old Porter Pike", "highway": "tertiary", "length": 1931.0, "risk_tier": "moderate", "zone_type": "sinkhole" }, "geometry": { "type": "MultiLineString", "coordinates": [ [ [ -86.382935, 37.000702 ], [ -86.38304, 37.000657 ] ], [ [ -86.38304, 37.000657 ], [ -86.38315, 37.000613 ] ], [ [ -86.38315, 37.000613 ], [ -86.383224, 37.000588 ] ], [ [ -86.383224, 37.000588 ], [ -86.383311, 37.000567 ] ], [ [ -86.383311, 37.000567 ], [ -86.383408, 37.000555 ] ], [ [ -86.383408, 37.000555 ], [ -86.383516, 37.000554 ] ], [ [ -86.383516, 37.000554 ], [ -86.383631, 37.000567 ] ], [ [ -86.383631, 37.000567 ], [ -86.383748, 37.000593 ] ], [ [ -86.383748, 37.000593 ], [ -86.3839, 37.000636 ] ], [ [ -86.3839, 37.000636 ], [ -86.384095, 37.000699 ] ], [ [ -86.384095, 37.000699 ], [ -86.384232, 37.000747 ] ], [ [ -86.384232, 37.000747 ], [ -86.3844589, 37.000839 ] ], [ [ -86.3844589, 37.000839 ], [ -86.384528, 37.000867 ] ], [ [ -86.384528, 37.000867 ], [ -86.384642, 37.000912 ] ], [ [ -86.384642, 37.000912 ], [ -86.3847279, 37.0009438 ] ], [ [ -86.3847279, 37.0009438 ], [ -86.3852428, 37.0011461 ] ], [ [ -86.3852428, 37.0011461 ], [ -86.385318, 37.001175 ] ], [ [ -86.385318, 37.001175 ], [ -86.385424, 37.001221 ] ], [ [ -86.385424, 37.001221 ], [ -86.385571, 37.001281 ] ], [ [ -86.385571, 37.001281 ], [ -86.3859008, 37.001430599999985 ] ], [ [ -86.3859008, 37.001430599999985 ], [ -86.387032, 37.00193 ] ], [ [ -86.387032, 37.00193 ], [ -86.387168, 37.001989 ] ], [ [ -86.387168, 37.001989 ], [ -86.387627, 37.0022 ] ], [ [ -86.387627, 37.0022 ], [ -86.387849, 37.002297 ] ], [ [ -86.387849, 37.002297 ], [ -86.38797, 37.002348 ] ], [ [ -86.38797, 37.002348 ], [ -86.388094, 37.002402 ] ], [ [ -86.388094, 37.002402 ], [ -86.388221, 37.002459 ] ], [ [ -86.388221, 37.002459 ], [ -86.388608, 37.00263 ] ], [ [ -86.388608, 37.00263 ], [ -86.388746, 37.00269 ] ], [ [ -86.388746, 37.00269 ], [ -86.3888318, 37.0027284 ] ], [ [ -86.3888318, 37.0027284 ], [ -86.388862, 37.002742 ] ], [ [ -86.388862, 37.002742 ], [ -86.389103, 37.002843 ] ], [ [ -86.389103, 37.002843 ], [ -86.389267, 37.00291 ] ], [ [ -86.389267, 37.00291 ], [ -86.38967, 37.003096 ] ], [ [ -86.38967, 37.003096 ], [ -86.389811, 37.003166 ] ], [ [ -86.389811, 37.003166 ], [ -86.389945, 37.003225 ] ], [ [ -86.389945, 37.003225 ], [ -86.390078, 37.00328 ] ], [ [ -86.390078, 37.00328 ], [ -86.390209, 37.003331 ] ], [ [ -86.390209, 37.003331 ], [ -86.390344, 37.003385 ] ], [ [ -86.390344, 37.003385 ], [ -86.390487, 37.003436 ] ], [ [ -86.390487, 37.003436 ], [ -86.390638, 37.003491 ] ], [ [ -86.390638, 37.003491 ], [ -86.390795, 37.003551 ] ], [ [ -86.390795, 37.003551 ], [ -86.390955, 37.003615 ] ], [ [ -86.390955, 37.003615 ], [ -86.391107, 37.003669 ] ], [ [ -86.391107, 37.003669 ], [ -86.391559, 37.00384 ] ], [ [ -86.391559, 37.00384 ], [ -86.391698, 37.003901 ] ], [ [ -86.391698, 37.003901 ], [ -86.391823, 37.003949 ] ], [ [ -86.391823, 37.003949 ], [ -86.392061, 37.004055 ] ], [ [ -86.392061, 37.004055 ], [ -86.3922022, 37.004109 ] ], [ [ -86.3922022, 37.004109 ], [ -86.392248, 37.00414 ] ], [ [ -86.392248, 37.00414 ], [ -86.392284, 37.004162 ] ], [ [ -86.392284, 37.004162 ], [ -86.392315, 37.004186 ] ], [ [ -86.392315, 37.004186 ], [ -86.392336, 37.004208 ] ], [ [ -86.392336, 37.004208 ], [ -86.392355, 37.004233 ] ], [ [ -86.392355, 37.004233 ], [ -86.392484, 37.004418 ] ], [ [ -86.392484, 37.004418 ], [ -86.392694, 37.004712 ] ], [ [ -86.392694, 37.004712 ], [ -86.392991, 37.005123 ] ], [ [ -86.392991, 37.005123 ], [ -86.393065, 37.005222 ] ], [ [ -86.393065, 37.005222 ], [ -86.393473, 37.005742 ] ], [ [ -86.393473, 37.005742 ], [ -86.39364, 37.005956 ] ], [ [ -86.39364, 37.005956 ], [ -86.393708, 37.006047 ] ], [ [ -86.393708, 37.006047 ], [ -86.393789, 37.006148 ] ], [ [ -86.393789, 37.006148 ], [ -86.393889, 37.006265 ] ], [ [ -86.393889, 37.006265 ], [ -86.394101, 37.006479 ] ], [ [ -86.394101, 37.006479 ], [ -86.394149, 37.006515 ] ], [ [ -86.394149, 37.006515 ], [ -86.394194, 37.006542 ] ], [ [ -86.394194, 37.006542 ], [ -86.39432, 37.006614 ] ], [ [ -86.39432, 37.006614 ], [ -86.394389, 37.006652 ] ], [ [ -86.394389, 37.006652 ], [ -86.394484, 37.006702 ] ], [ [ -86.394484, 37.006702 ], [ -86.394894, 37.006923 ] ], [ [ -86.394894, 37.006923 ], [ -86.395002, 37.006977 ] ], [ [ -86.395002, 37.006977 ], [ -86.395114, 37.007026 ] ], [ [ -86.395114, 37.007026 ], [ -86.395229, 37.007074 ] ], [ [ -86.395229, 37.007074 ], [ -86.395368, 37.00713 ] ], [ [ -86.395368, 37.00713 ], [ -86.39546, 37.007167 ] ], [ [ -86.39546, 37.007167 ], [ -86.395582, 37.007214 ] ], [ [ -86.395582, 37.007214 ], [ -86.395707, 37.007258 ] ], [ [ -86.395707, 37.007258 ], [ -86.395833, 37.007304 ] ], [ [ -86.395833, 37.007304 ], [ -86.395966, 37.007355 ] ], [ [ -86.395966, 37.007355 ], [ -86.396102, 37.007403 ] ], [ [ -86.396102, 37.007403 ], [ -86.39681, 37.007671 ] ], [ [ -86.39681, 37.007671 ], [ -86.396947, 37.00772 ] ], [ [ -86.396947, 37.00772 ], [ -86.397367, 37.007866 ] ], [ [ -86.397367, 37.007866 ], [ -86.397569, 37.007938 ] ], [ [ -86.397569, 37.007938 ], [ -86.397658, 37.007972 ] ], [ [ -86.397658, 37.007972 ], [ -86.397795, 37.008018 ] ], [ [ -86.397795, 37.008018 ], [ -86.397938, 37.008059 ] ], [ [ -86.397938, 37.008059 ], [ -86.3980073, 37.0080781 ] ], [ [ -86.3980073, 37.0080781 ], [ -86.398083, 37.008099 ] ], [ [ -86.398083, 37.008099 ], [ -86.39842, 37.00818 ] ], [ [ -86.39842, 37.00818 ], [ -86.398859, 37.008302 ] ], [ [ -86.398859, 37.008302 ], [ -86.399002, 37.008339 ] ], [ [ -86.399002, 37.008339 ], [ -86.399141, 37.008376 ] ], [ [ -86.399141, 37.008376 ], [ -86.399258, 37.00841 ] ], [ [ -86.399258, 37.00841 ], [ -86.399366, 37.008452 ] ], [ [ -86.399366, 37.008452 ], [ -86.399418, 37.008477 ] ], [ [ -86.399418, 37.008477 ], [ -86.39946, 37.008504 ] ], [ [ -86.39946, 37.008504 ], [ -86.399501, 37.008534 ] ], [ [ -86.399501, 37.008534 ], [ -86.399543, 37.008571 ] ], [ [ -86.399543, 37.008571 ], [ -86.399581, 37.008609 ] ], [ [ -86.399581, 37.008609 ], [ -86.399613, 37.008652 ] ], [ [ -86.399613, 37.008652 ], [ -86.399666, 37.008737 ] ], [ [ -86.399666, 37.008737 ], [ -86.399706, 37.0088175 ] ], [ [ -86.399706, 37.0088175 ], [ -86.399747, 37.008928 ] ], [ [ -86.399747, 37.008928 ], [ -86.399777, 37.009021 ] ], [ [ -86.399777, 37.009021 ], [ -86.399821, 37.009123 ] ], [ [ -86.399821, 37.009123 ], [ -86.399865, 37.00922 ] ], [ [ -86.399865, 37.00922 ], [ -86.399945, 37.009385 ] ], [ [ -86.399945, 37.009385 ], [ -86.399985, 37.009463 ] ], [ [ -86.399985, 37.009463 ], [ -86.4000965, 37.0097023 ] ], [ [ -86.4000965, 37.0097023 ], [ -86.4001773, 37.009858199999989 ] ] ] } },
{ "type": "Feature", "properties": { "name": "Canterbury Way", "highway": "residential", "length": 355.0, "risk_tier": "moderate", "zone_type": "sinkhole" }, "geometry": { "type": "MultiLineString", "coordinates": [ [ [ -86.4113584, 36.9963689 ], [ -86.4108544, 36.9963644 ] ], [ [ -86.4108544, 36.9963644 ], [ -86.4103457, 36.996359399999982 ] ], [ [ -86.4103457, 36.996359399999982 ], [ -86.4100328, 36.9963952 ] ], [ [ -86.4100328, 36.9963952 ], [ -86.4095699, 36.99649130000001 ] ], [ [ -86.4095699, 36.99649130000001 ], [ -86.4090578, 36.9965696 ] ], [ [ -86.4090578, 36.9965696 ], [ -86.408651, 36.9965677 ] ], [ [ -86.408651, 36.9965677 ], [ -86.4082272, 36.9965657 ] ], [ [ -86.4082272, 36.9965657 ], [ -86.407760400000015, 36.9966825 ] ], [ [ -86.407760400000015, 36.9966825 ], [ -86.40741, 36.996707 ] ] ] } },
{ "type": "Feature", "properties": { "name": "Canterbury Way", "highway": "residential", "length": 355.0, "risk_tier": "moderate", "zone_type": "sinkhole" }, "geometry": { "type": "MultiLineString", "coordinates": [ [ [ -86.4113584, 36.9963689 ], [ -86.4108544, 36.9963644 ] ], [ [ -86.4108544, 36.9963644 ], [ -86.4103457, 36.996359399999982 ] ], [ [ -86.4103457, 36.996359399999982 ], [ -86.4100328, 36.9963952 ] ], [ [ -86.4100328, 36.9963952 ], [ -86.4095699, 36.99649130000001 ] ], [ [ -86.4095699, 36.99649130000001 ], [ -86.4090578, 36.9965696 ] ], [ [ -86.4090578, 36.9965696 ], [ -86.408651, 36.9965677 ] ], [ [ -86.408651, 36.9965677 ], [ -86.4082272, 36.9965657 ] ], [ [ -86.4082272, 36.9965657 ], [ -86.407760400000015, 36.9966825 ] ], [ [ -86.407760400000015, 36.9966825 ], [ -86.40741, 36.996707 ] ] ] } },
{ "type": "Feature", "properties": { "name": "Wellington Way", "highway": "residential", "length": 301.0, "risk_tier": "moderate", "zone_type": "sinkhole" }, "geometry": { "type": "MultiLineString", "coordinates": [ [ [ -86.407537, 36.993586 ], [ -86.408744, 36.993617 ] ], [ [ -86.408744, 36.993617 ], [ -86.410924, 36.993683 ] ] ] } },
{ "type": "Feature", "properties": { "name": "Normalview Drive", "highway": "residential", "length": 486.0, "risk_tier": "moderate", "zone_type": "sinkhole" }, "geometry": { "type": "MultiLineString", "coordinates": [ [ [ -86.459339, 36.988662 ], [ -86.4594376, 36.9891889 ] ], [ [ -86.4594376, 36.9891889 ], [ -86.459529, 36.989659 ] ], [ [ -86.459529, 36.989659 ], [ -86.459544, 36.989728 ] ], [ [ -86.459544, 36.989728 ], [ -86.4596251, 36.9902128 ] ], [ [ -86.4596251, 36.9902128 ], [ -86.4596997, 36.9906584 ] ], [ [ -86.4596997, 36.9906584 ], [ -86.45973, 36.990857 ] ], [ [ -86.45973, 36.990857 ], [ -86.45976, 36.991029 ] ], [ [ -86.45976, 36.991029 ], [ -86.4597775, 36.991163499999978 ] ], [ [ -86.4597775, 36.991163499999978 ], [ -86.459842, 36.991546 ] ], [ [ -86.459842, 36.991546 ], [ -86.4598637, 36.9916744 ] ], [ [ -86.4598637, 36.9916744 ], [ -86.460014, 36.992437 ] ], [ [ -86.460014, 36.992437 ], [ -86.460027, 36.992528 ] ], [ [ -86.460027, 36.992528 ], [ -86.460048, 36.992647 ] ], [ [ -86.460048, 36.992647 ], [ -86.460088, 36.992863 ] ], [ [ -86.460088, 36.992863 ], [ -86.460094, 36.992947 ] ], [ [ -86.460094, 36.992947 ], [ -86.460094, 36.99299 ] ] ] } },
{ "type": "Feature", "properties": { "name": "Normalview Drive", "highway": "residential", "length": 486.0, "risk_tier": "moderate", "zone_type": "sinkhole" }, "geometry": { "type": "MultiLineString", "coordinates": [ [ [ -86.459339, 36.988662 ], [ -86.4594376, 36.9891889 ] ], [ [ -86.4594376, 36.9891889 ], [ -86.459529, 36.989659 ] ], [ [ -86.459529, 36.989659 ], [ -86.459544, 36.989728 ] ], [ [ -86.459544, 36.989728 ], [ -86.4596251, 36.9902128 ] ], [ [ -86.4596251, 36.9902128 ], [ -86.4596997, 36.9906584 ] ], [ [ -86.4596997, 36.9906584 ], [ -86.45973, 36.990857 ] ], [ [ -86.45973, 36.990857 ], [ -86.45976, 36.991029 ] ], [ [ -86.45976, 36.991029 ], [ -86.4597775, 36.991163499999978 ] ], [ [ -86.4597775, 36.991163499999978 ], [ -86.459842, 36.991546 ] ], [ [ -86.459842, 36.991546 ], [ -86.4598637, 36.9916744 ] ], [ [ -86.4598637, 36.9916744 ], [ -86.460014, 36.992437 ] ], [ [ -86.460014, 36.992437 ], [ -86.460027, 36.992528 ] ], [ [ -86.460027, 36.992528 ], [ -86.460048, 36.992647 ] ], [ [ -86.460048, 36.992647 ], [ -86.460088, 36.992863 ] ], [ [ -86.460088, 36.992863 ], [ -86.460094, 36.992947 ] ], [ [ -86.460094, 36.992947 ], [ -86.460094, 36.99299 ] ] ] } },
{ "type": "Feature", "properties": { "name": "Pine Pointe Court", "highway": "residential", "length": 198.0, "risk_tier": "moderate", "zone_type": "sinkhole" }, "geometry": { "type": "MultiLineString", "coordinates": [ [ [ -86.4047335, 36.998139 ], [ -86.4047387, 36.997856199999987 ] ], [ [ -86.4047387, 36.997856199999987 ], [ -86.404838, 36.997582 ] ], [ [ -86.404838, 36.997582 ], [ -86.4053848, 36.996590099999985 ] ], [ [ -86.4053848, 36.996590099999985 ], [ -86.4055322, 36.996531 ] ] ] } },
{ "type": "Feature", "properties": { "name": "Cherokee Drive", "highway": "residential", "length": 252.0, "risk_tier": "moderate", "zone_type": "sinkhole" }, "geometry": { "type": "MultiLineString", "coordinates": [ [ [ -86.4052762, 36.9883743 ], [ -86.405219, 36.98854 ] ], [ [ -86.405219, 36.98854 ], [ -86.405174, 36.988755 ] ], [ [ -86.405174, 36.988755 ], [ -86.405165, 36.988806 ] ], [ [ -86.405165, 36.988806 ], [ -86.405157, 36.988861 ] ], [ [ -86.405157, 36.988861 ], [ -86.405073, 36.990625 ] ] ] } },
{ "type": "Feature", "properties": { "name": "Glen Lily Road", "highway": "tertiary", "length": 980.0, "risk_tier": "moderate", "zone_type": "sinkhole" }, "geometry": { "type": "MultiLineString", "coordinates": [ [ [ -86.453167, 36.994632 ], [ -86.453213, 36.99465 ] ], [ [ -86.453213, 36.99465 ], [ -86.453291, 36.994671 ] ], [ [ -86.453291, 36.994671 ], [ -86.453703, 36.994778 ] ], [ [ -86.453703, 36.994778 ], [ -86.454842, 36.995077 ] ], [ [ -86.454842, 36.995077 ], [ -86.455482, 36.995248 ] ], [ [ -86.455482, 36.995248 ], [ -86.455806, 36.995335 ] ], [ [ -86.455806, 36.995335 ], [ -86.456225, 36.995448 ] ], [ [ -86.456225, 36.995448 ], [ -86.456273, 36.99546 ] ], [ [ -86.456273, 36.99546 ], [ -86.456752, 36.9955898 ] ], [ [ -86.456752, 36.9955898 ], [ -86.4567925, 36.9956008 ] ], [ [ -86.4567925, 36.9956008 ], [ -86.4568405, 36.9956138 ] ], [ [ -86.4568405, 36.9956138 ], [ -86.456904, 36.995631 ] ], [ [ -86.456904, 36.995631 ], [ -86.457326, 36.99574 ] ], [ [ -86.457326, 36.99574 ], [ -86.457414, 36.995764 ] ], [ [ -86.457414, 36.995764 ], [ -86.457542, 36.995797 ] ], [ [ -86.457542, 36.995797 ], [ -86.458297, 36.995998 ] ], [ [ -86.458297, 36.995998 ], [ -86.458362, 36.996016 ] ], [ [ -86.458362, 36.996016 ], [ -86.4588092, 36.9961305 ] ], [ [ -86.4588092, 36.9961305 ], [ -86.4588989, 36.9961584 ] ], [ [ -86.4588989, 36.9961584 ], [ -86.458962, 36.996175 ] ], [ [ -86.458962, 36.996175 ], [ -86.4590433, 36.996195300000011 ] ], [ [ -86.4590433, 36.996195300000011 ], [ -86.459378, 36.996279 ] ], [ [ -86.459378, 36.996279 ], [ -86.459581, 36.996333 ] ], [ [ -86.459581, 36.996333 ], [ -86.460805, 36.996666 ] ], [ [ -86.460805, 36.996666 ], [ -86.460872, 36.996682 ] ], [ [ -86.460872, 36.996682 ], [ -86.460997, 36.996709 ] ], [ [ -86.460997, 36.996709 ], [ -86.461123, 36.996733 ] ], [ [ -86.461123, 36.996733 ], [ -86.461322, 36.996763 ] ], [ [ -86.461322, 36.996763 ], [ -86.461388, 36.996772 ] ], [ [ -86.461388, 36.996772 ], [ -86.461465, 36.996781 ] ], [ [ -86.461465, 36.996781 ], [ -86.4615124, 36.9967853 ] ], [ [ -86.4615124, 36.9967853 ], [ -86.461772, 36.996809 ] ], [ [ -86.461772, 36.996809 ], [ -86.4619377, 36.9968228 ] ], [ [ -86.4619377, 36.9968228 ], [ -86.462156, 36.996841 ] ], [ [ -86.462156, 36.996841 ], [ -86.4622765, 36.9968517 ] ], [ [ -86.4622765, 36.9968517 ], [ -86.462346, 36.996854 ] ], [ [ -86.462346, 36.996854 ], [ -86.462535, 36.996858 ] ], [ [ -86.462535, 36.996858 ], [ -86.4625623, 36.9968567 ] ], [ [ -86.4625623, 36.9968567 ], [ -86.462856, 36.996843 ] ], [ [ -86.462856, 36.996843 ], [ -86.46292, 36.996839 ] ], [ [ -86.46292, 36.996839 ], [ -86.463204, 36.996815 ] ], [ [ -86.463204, 36.996815 ], [ -86.463415, 36.996799 ] ], [ [ -86.463415, 36.996799 ], [ -86.463478, 36.996794 ] ], [ [ -86.463478, 36.996794 ], [ -86.463567, 36.996784 ] ], [ [ -86.463567, 36.996784 ], [ -86.463744, 36.996769 ] ], [ [ -86.463744, 36.996769 ], [ -86.463765, 36.996768 ] ] ] } },
{ "type": "Feature", "properties": { "name": "Payne Street", "highway": "residential", "length": 100.0, "risk_tier": "moderate", "zone_type": "sinkhole" }, "geometry": { "type": "MultiLineString", "coordinates": [ [ [ -86.447387, 36.999562 ], [ -86.447324, 36.999604 ] ], [ [ -86.447324, 36.999604 ], [ -86.447153, 36.999713 ] ], [ [ -86.447153, 36.999713 ], [ -86.447123, 36.999731 ] ], [ [ -86.447123, 36.999731 ], [ -86.447101, 36.999746 ] ], [ [ -86.447101, 36.999746 ], [ -86.44703, 36.99979 ] ], [ [ -86.44703, 36.99979 ], [ -86.447005, 36.999807 ] ], [ [ -86.447005, 36.999807 ], [ -86.446991, 36.999815 ] ], [ [ -86.446991, 36.999815 ], [ -86.446846, 36.999911 ] ], [ [ -86.446846, 36.999911 ], [ -86.446817, 36.999931 ] ], [ [ -86.446817, 36.999931 ], [ -86.446749, 36.999971 ] ], [ [ -86.446749, 36.999971 ], [ -86.446506, 37.000119 ] ] ] } },
{ "type": "Feature", "properties": { "name": "Washington Avenue", "highway": "residential", "length": 302.0, "risk_tier": "moderate", "zone_type": "sinkhole" }, "geometry": { "type": "MultiLineString", "coordinates": [ [ [ -86.4077985, 36.962364 ], [ -86.4082308, 36.9619172 ] ], [ [ -86.4082308, 36.9619172 ], [ -86.4085493, 36.9615254 ] ], [ [ -86.4085493, 36.9615254 ], [ -86.4086564, 36.9613936 ] ], [ [ -86.4086564, 36.9613936 ], [ -86.408816, 36.961187399999979 ] ], [ [ -86.408816, 36.961187399999979 ], [ -86.4089605, 36.9610275 ] ], [ [ -86.4089605, 36.9610275 ], [ -86.4090828, 36.9608608 ] ], [ [ -86.4090828, 36.9608608 ], [ -86.4092504, 36.960642900000011 ] ], [ [ -86.4092504, 36.960642900000011 ], [ -86.4093373, 36.9605283 ] ], [ [ -86.4093373, 36.9605283 ], [ -86.40966520000002, 36.9601002 ] ] ] } },
{ "type": "Feature", "properties": { "name": "Canterbury Way", "highway": "residential", "length": 355.0, "risk_tier": "moderate", "zone_type": "sinkhole" }, "geometry": { "type": "MultiLineString", "coordinates": [ [ [ -86.4113584, 36.9963689 ], [ -86.4108544, 36.9963644 ] ], [ [ -86.4108544, 36.9963644 ], [ -86.4103457, 36.996359399999982 ] ], [ [ -86.4103457, 36.996359399999982 ], [ -86.4100328, 36.9963952 ] ], [ [ -86.4100328, 36.9963952 ], [ -86.4095699, 36.99649130000001 ] ], [ [ -86.4095699, 36.99649130000001 ], [ -86.4090578, 36.9965696 ] ], [ [ -86.4090578, 36.9965696 ], [ -86.408651, 36.9965677 ] ], [ [ -86.408651, 36.9965677 ], [ -86.4082272, 36.9965657 ] ], [ [ -86.4082272, 36.9965657 ], [ -86.407760400000015, 36.9966825 ] ], [ [ -86.407760400000015, 36.9966825 ], [ -86.40741, 36.996707 ] ] ] } },
{ "type": "Feature", "properties": { "name": "Barberry Court", "highway": "residential", "length": 284.0, "risk_tier": "moderate", "zone_type": "sinkhole" }, "geometry": { "type": "MultiLineString", "coordinates": [ [ [ -86.460764, 36.970693 ], [ -86.460137, 36.971793 ] ], [ [ -86.460137, 36.971793 ], [ -86.460072, 36.97187 ] ], [ [ -86.460072, 36.97187 ], [ -86.460027, 36.971911 ] ], [ [ -86.460027, 36.971911 ], [ -86.459974, 36.971946 ] ], [ [ -86.459974, 36.971946 ], [ -86.459905, 36.971972 ] ], [ [ -86.459905, 36.971972 ], [ -86.459818, 36.971986 ] ], [ [ -86.459818, 36.971986 ], [ -86.459599, 36.971991 ] ], [ [ -86.459599, 36.971991 ], [ -86.459487, 36.971988 ] ], [ [ -86.459487, 36.971988 ], [ -86.459363, 36.971971 ] ], [ [ -86.459363, 36.971971 ], [ -86.4585873, 36.9717811 ] ] ] } },
{ "type": "Feature", "properties": { "name": "Oak Grove", "highway": "residential", "length": 202.0, "risk_tier": "moderate", "zone_type": "sinkhole" }, "geometry": { "type": "MultiLineString", "coordinates": [ [ [ -86.4695, 36.956811 ], [ -86.4700778, 36.9570996 ] ], [ [ -86.4700778, 36.9570996 ], [ -86.4714301, 36.957775 ] ] ] } },
{ "type": "Feature", "properties": { "name": "Oak Grove", "highway": "residential", "length": 202.0, "risk_tier": "moderate", "zone_type": "sinkhole" }, "geometry": { "type": "MultiLineString", "coordinates": [ [ [ -86.4695, 36.956811 ], [ -86.4700778, 36.9570996 ] ], [ [ -86.4700778, 36.9570996 ], [ -86.4714301, 36.957775 ] ] ] } },
{ "type": "Feature", "properties": { "name": "Oak Grove", "highway": "residential", "length": 202.0, "risk_tier": "moderate", "zone_type": "sinkhole" }, "geometry": { "type": "MultiLineString", "coordinates": [ [ [ -86.4695, 36.956811 ], [ -86.4700778, 36.9570996 ] ], [ [ -86.4700778, 36.9570996 ], [ -86.4714301, 36.957775 ] ] ] } },
{ "type": "Feature", "properties": { "name": "Shawnee Way", "highway": "residential", "length": 1146.0, "risk_tier": "moderate", "zone_type": "sinkhole" }, "geometry": { "type": "MultiLineString", "coordinates": [ [ [ -86.454923, 36.954285 ], [ -86.454952, 36.954253 ] ], [ [ -86.454952, 36.954253 ], [ -86.455019, 36.954183 ] ], [ [ -86.455019, 36.954183 ], [ -86.455063, 36.954124 ] ], [ [ -86.455063, 36.954124 ], [ -86.455101, 36.954054 ] ], [ [ -86.455101, 36.954054 ], [ -86.455136, 36.95398 ] ], [ [ -86.455136, 36.95398 ], [ -86.455166, 36.953897 ] ], [ [ -86.455166, 36.953897 ], [ -86.455214, 36.953712 ] ], [ [ -86.455214, 36.953712 ], [ -86.455266, 36.953411 ] ], [ [ -86.455266, 36.953411 ], [ -86.455288, 36.953309 ] ], [ [ -86.455288, 36.953309 ], [ -86.455324, 36.953209 ] ], [ [ -86.455324, 36.953209 ], [ -86.455373, 36.953115 ] ], [ [ -86.455373, 36.953115 ], [ -86.455442, 36.953019 ] ], [ [ -86.455442, 36.953019 ], [ -86.455522, 36.952934 ] ], [ [ -86.455522, 36.952934 ], [ -86.455616, 36.952859 ] ], [ [ -86.455616, 36.952859 ], [ -86.455642, 36.952844 ] ], [ [ -86.455642, 36.952844 ], [ -86.455724, 36.952794 ] ], [ [ -86.455724, 36.952794 ], [ -86.455845, 36.952739 ] ], [ [ -86.455845, 36.952739 ], [ -86.455974, 36.952697 ] ], [ [ -86.455974, 36.952697 ], [ -86.456108, 36.952669 ] ], [ [ -86.456108, 36.952669 ], [ -86.45625, 36.952653 ] ], [ [ -86.45625, 36.952653 ], [ -86.456393, 36.952651 ] ], [ [ -86.456393, 36.952651 ], [ -86.456651, 36.952663 ] ], [ [ -86.456651, 36.952663 ], [ -86.457937, 36.95276 ] ], [ [ -86.457937, 36.95276 ], [ -86.459221, 36.952859 ] ], [ [ -86.459221, 36.952859 ], [ -86.46048, 36.952964 ] ], [ [ -86.46048, 36.952964 ], [ -86.461552, 36.953045 ] ], [ [ -86.461552, 36.953045 ], [ -86.461747, 36.953068 ] ], [ [ -86.461747, 36.953068 ], [ -86.46184, 36.953083 ] ], [ [ -86.46184, 36.953083 ], [ -86.461986, 36.953116 ] ], [ [ -86.461986, 36.953116 ], [ -86.462135, 36.953161 ] ], [ [ -86.462135, 36.953161 ], [ -86.462284, 36.953217 ] ], [ [ -86.462284, 36.953217 ], [ -86.462589, 36.953341 ] ], [ [ -86.462589, 36.953341 ], [ -86.46323, 36.953616 ] ], [ [ -86.46323, 36.953616 ], [ -86.463562, 36.953755 ] ], [ [ -86.463562, 36.953755 ], [ -86.463687, 36.953804 ] ], [ [ -86.463687, 36.953804 ], [ -86.463815, 36.953846 ] ], [ [ -86.463815, 36.953846 ], [ -86.463949, 36.953879 ] ], [ [ -86.463949, 36.953879 ], [ -86.464219, 36.953924 ] ], [ [ -86.464219, 36.953924 ], [ -86.464753, 36.953986 ] ], [ [ -86.464753, 36.953986 ], [ -86.465091, 36.954029 ] ], [ [ -86.465091, 36.954029 ], [ -86.4662125, 36.954159 ] ] ] } },
{ "type": "Feature", "properties": { "name": "Nottingham Drive", "highway": "residential", "length": 203.0, "risk_tier": "moderate", "zone_type": "sinkhole" }, "geometry": { "type": "MultiLineString", "coordinates": [ [ [ -86.406233, 36.985279 ], [ -86.406236, 36.985407 ] ], [ [ -86.406236, 36.985407 ], [ -86.406232, 36.985523 ] ], [ [ -86.406232, 36.985523 ], [ -86.406224, 36.985595 ] ], [ [ -86.406224, 36.985595 ], [ -86.406228, 36.985672 ] ], [ [ -86.406228, 36.985672 ], [ -86.406239, 36.985741 ] ], [ [ -86.406239, 36.985741 ], [ -86.406261, 36.985809 ] ], [ [ -86.406261, 36.985809 ], [ -86.406289, 36.985873 ] ], [ [ -86.406289, 36.985873 ], [ -86.4064058, 36.9860438 ] ], [ [ -86.4064058, 36.9860438 ], [ -86.4065381, 36.986262299999979 ] ], [ [ -86.4065381, 36.986262299999979 ], [ -86.406591800000015, 36.9863567 ] ], [ [ -86.406591800000015, 36.9863567 ], [ -86.4066288, 36.986464 ] ], [ [ -86.4066288, 36.986464 ], [ -86.406649, 36.9865444 ] ], [ [ -86.406649, 36.9865444 ], [ -86.4066674, 36.9866311 ] ], [ [ -86.4066674, 36.9866311 ], [ -86.4067147, 36.9870346 ] ] ] } },
{ "type": "Feature", "properties": { "name": "Traditions Boulevard", "highway": "residential", "length": 417.0, "risk_tier": "moderate", "zone_type": "sinkhole" }, "geometry": { "type": "MultiLineString", "coordinates": [ [ [ -86.4090828, 36.9608608 ], [ -86.4081291, 36.9604154 ] ], [ [ -86.4081291, 36.9604154 ], [ -86.4074604, 36.9600957 ] ], [ [ -86.4074604, 36.9600957 ], [ -86.4073161, 36.9600018 ] ], [ [ -86.4073161, 36.9600018 ], [ -86.40712910000002, 36.9598637 ] ], [ [ -86.40712910000002, 36.9598637 ], [ -86.406951, 36.9597143 ] ], [ [ -86.406951, 36.9597143 ], [ -86.4068634, 36.9596324 ] ], [ [ -86.4068634, 36.9596324 ], [ -86.4067943, 36.959567699999987 ] ], [ [ -86.4067943, 36.959567699999987 ], [ -86.4062412, 36.9590323 ] ], [ [ -86.4062412, 36.9590323 ], [ -86.4061709, 36.9589643 ] ], [ [ -86.4061709, 36.9589643 ], [ -86.4058912, 36.9587181 ] ], [ [ -86.4058912, 36.9587181 ], [ -86.4057808, 36.9586312 ] ], [ [ -86.4057808, 36.9586312 ], [ -86.405608, 36.958506 ] ], [ [ -86.405608, 36.958506 ], [ -86.4055385, 36.958459699999977 ] ] ] } },
{ "type": "Feature", "properties": { "name": "Constitution Drive", "highway": "residential", "length": 395.0, "risk_tier": "moderate", "zone_type": "sinkhole" }, "geometry": { "type": "MultiLineString", "coordinates": [ [ [ -86.4059808, 36.958103 ], [ -86.4055385, 36.958459699999977 ] ], [ [ -86.4055385, 36.958459699999977 ], [ -86.4052877, 36.9586806 ] ], [ [ -86.4052877, 36.9586806 ], [ -86.405198, 36.9587597 ] ], [ [ -86.405198, 36.9587597 ], [ -86.405016, 36.9589368 ] ], [ [ -86.405016, 36.9589368 ], [ -86.4049226, 36.9590336 ] ], [ [ -86.4049226, 36.9590336 ], [ -86.4045967, 36.9593529 ] ], [ [ -86.4045967, 36.9593529 ], [ -86.4043435, 36.9596166 ] ], [ [ -86.4043435, 36.9596166 ], [ -86.4042957, 36.959667599999989 ] ], [ [ -86.4042957, 36.959667599999989 ], [ -86.4037935, 36.9602033 ] ], [ [ -86.4037935, 36.9602033 ], [ -86.4037204, 36.9602953 ] ], [ [ -86.4037204, 36.9602953 ], [ -86.40351840000001, 36.9605494 ] ], [ [ -86.40351840000001, 36.9605494 ], [ -86.4034453, 36.9606463 ] ], [ [ -86.4034453, 36.9606463 ], [ -86.4032521, 36.960898399999984 ] ] ] } },
{ "type": "Feature", "properties": { "name": "Boston Park Drive", "highway": "residential", "length": 361.0, "risk_tier": "moderate", "zone_type": "sinkhole" }, "geometry": { "type": "MultiLineString", "coordinates": [ [ [ -86.4068842, 36.9585855 ], [ -86.4067161, 36.958702899999977 ] ], [ [ -86.4067161, 36.958702899999977 ], [ -86.406634, 36.9587572 ] ], [ [ -86.406634, 36.9587572 ], [ -86.4062412, 36.9590323 ] ], [ [ -86.4062412, 36.9590323 ], [ -86.4060036, 36.9592118 ] ], [ [ -86.4060036, 36.9592118 ], [ -86.4058436, 36.9593497 ] ], [ [ -86.4058436, 36.9593497 ], [ -86.4056681, 36.9595196 ] ], [ [ -86.4056681, 36.9595196 ], [ -86.4054267, 36.95977640000001 ] ], [ [ -86.4054267, 36.95977640000001 ], [ -86.4053675, 36.959839 ] ], [ [ -86.4053675, 36.959839 ], [ -86.4051925, 36.960024 ] ], [ [ -86.4051925, 36.960024 ], [ -86.4047769, 36.9604557 ] ], [ [ -86.4047769, 36.9604557 ], [ -86.4044967, 36.9607855 ] ], [ [ -86.4044967, 36.9607855 ], [ -86.4042623, 36.9610461 ] ] ] } },
{ "type": "Feature", "properties": { "name": "Boston Park Drive", "highway": "residential", "length": 361.0, "risk_tier": "moderate", "zone_type": "sinkhole" }, "geometry": { "type": "MultiLineString", "coordinates": [ [ [ -86.4068842, 36.9585855 ], [ -86.4067161, 36.958702899999977 ] ], [ [ -86.4067161, 36.958702899999977 ], [ -86.406634, 36.9587572 ] ], [ [ -86.406634, 36.9587572 ], [ -86.4062412, 36.9590323 ] ], [ [ -86.4062412, 36.9590323 ], [ -86.4060036, 36.9592118 ] ], [ [ -86.4060036, 36.9592118 ], [ -86.4058436, 36.9593497 ] ], [ [ -86.4058436, 36.9593497 ], [ -86.4056681, 36.9595196 ] ], [ [ -86.4056681, 36.9595196 ], [ -86.4054267, 36.95977640000001 ] ], [ [ -86.4054267, 36.95977640000001 ], [ -86.4053675, 36.959839 ] ], [ [ -86.4053675, 36.959839 ], [ -86.4051925, 36.960024 ] ], [ [ -86.4051925, 36.960024 ], [ -86.4047769, 36.9604557 ] ], [ [ -86.4047769, 36.9604557 ], [ -86.4044967, 36.9607855 ] ], [ [ -86.4044967, 36.9607855 ], [ -86.4042623, 36.9610461 ] ] ] } },
{ "type": "Feature", "properties": { "name": "Boston Park Drive", "highway": "residential", "length": 361.0, "risk_tier": "moderate", "zone_type": "sinkhole" }, "geometry": { "type": "MultiLineString", "coordinates": [ [ [ -86.4068842, 36.9585855 ], [ -86.4067161, 36.958702899999977 ] ], [ [ -86.4067161, 36.958702899999977 ], [ -86.406634, 36.9587572 ] ], [ [ -86.406634, 36.9587572 ], [ -86.4062412, 36.9590323 ] ], [ [ -86.4062412, 36.9590323 ], [ -86.4060036, 36.9592118 ] ], [ [ -86.4060036, 36.9592118 ], [ -86.4058436, 36.9593497 ] ], [ [ -86.4058436, 36.9593497 ], [ -86.4056681, 36.9595196 ] ], [ [ -86.4056681, 36.9595196 ], [ -86.4054267, 36.95977640000001 ] ], [ [ -86.4054267, 36.95977640000001 ], [ -86.4053675, 36.959839 ] ], [ [ -86.4053675, 36.959839 ], [ -86.4051925, 36.960024 ] ], [ [ -86.4051925, 36.960024 ], [ -86.4047769, 36.9604557 ] ], [ [ -86.4047769, 36.9604557 ], [ -86.4044967, 36.9607855 ] ], [ [ -86.4044967, 36.9607855 ], [ -86.4042623, 36.9610461 ] ] ] } },
{ "type": "Feature", "properties": { "name": "Jenny Court", "highway": "residential", "length": 165.0, "risk_tier": "moderate", "zone_type": "sinkhole" }, "geometry": { "type": "MultiLineString", "coordinates": [ [ [ -86.410997, 36.992238 ], [ -86.4115261, 36.9922226 ] ], [ [ -86.4115261, 36.9922226 ], [ -86.4126663, 36.9923457 ] ], [ [ -86.4126663, 36.9923457 ], [ -86.4128409, 36.9923503 ] ] ] } },
{ "type": "Feature", "properties": { "name": "Boston Park Drive", "highway": "residential", "length": 361.0, "risk_tier": "moderate", "zone_type": "sinkhole" }, "geometry": { "type": "MultiLineString", "coordinates": [ [ [ -86.4068842, 36.9585855 ], [ -86.4067161, 36.958702899999977 ] ], [ [ -86.4067161, 36.958702899999977 ], [ -86.406634, 36.9587572 ] ], [ [ -86.406634, 36.9587572 ], [ -86.4062412, 36.9590323 ] ], [ [ -86.4062412, 36.9590323 ], [ -86.4060036, 36.9592118 ] ], [ [ -86.4060036, 36.9592118 ], [ -86.4058436, 36.9593497 ] ], [ [ -86.4058436, 36.9593497 ], [ -86.4056681, 36.9595196 ] ], [ [ -86.4056681, 36.9595196 ], [ -86.4054267, 36.95977640000001 ] ], [ [ -86.4054267, 36.95977640000001 ], [ -86.4053675, 36.959839 ] ], [ [ -86.4053675, 36.959839 ], [ -86.4051925, 36.960024 ] ], [ [ -86.4051925, 36.960024 ], [ -86.4047769, 36.9604557 ] ], [ [ -86.4047769, 36.9604557 ], [ -86.4044967, 36.9607855 ] ], [ [ -86.4044967, 36.9607855 ], [ -86.4042623, 36.9610461 ] ] ] } },
{ "type": "Feature", "properties": { "name": "Boston Park Drive", "highway": "residential", "length": 361.0, "risk_tier": "moderate", "zone_type": "sinkhole" }, "geometry": { "type": "MultiLineString", "coordinates": [ [ [ -86.4068842, 36.9585855 ], [ -86.4067161, 36.958702899999977 ] ], [ [ -86.4067161, 36.958702899999977 ], [ -86.406634, 36.9587572 ] ], [ [ -86.406634, 36.9587572 ], [ -86.4062412, 36.9590323 ] ], [ [ -86.4062412, 36.9590323 ], [ -86.4060036, 36.9592118 ] ], [ [ -86.4060036, 36.9592118 ], [ -86.4058436, 36.9593497 ] ], [ [ -86.4058436, 36.9593497 ], [ -86.4056681, 36.9595196 ] ], [ [ -86.4056681, 36.9595196 ], [ -86.4054267, 36.95977640000001 ] ], [ [ -86.4054267, 36.95977640000001 ], [ -86.4053675, 36.959839 ] ], [ [ -86.4053675, 36.959839 ], [ -86.4051925, 36.960024 ] ], [ [ -86.4051925, 36.960024 ], [ -86.4047769, 36.9604557 ] ], [ [ -86.4047769, 36.9604557 ], [ -86.4044967, 36.9607855 ] ], [ [ -86.4044967, 36.9607855 ], [ -86.4042623, 36.9610461 ] ] ] } },
{ "type": "Feature", "properties": { "name": "Traditions Boulevard", "highway": "residential", "length": 422.0, "risk_tier": "moderate", "zone_type": "sinkhole" }, "geometry": { "type": "MultiLineString", "coordinates": [ [ [ -86.4049226, 36.9590336 ], [ -86.4051777, 36.959204299999989 ] ], [ [ -86.4051777, 36.959204299999989 ], [ -86.4054919, 36.959406 ] ], [ [ -86.4054919, 36.959406 ], [ -86.4056681, 36.9595196 ] ], [ [ -86.4056681, 36.9595196 ], [ -86.4059584, 36.959703 ] ], [ [ -86.4059584, 36.959703 ], [ -86.4064285, 36.9599961 ] ], [ [ -86.4064285, 36.9599961 ], [ -86.4068845, 36.9602879 ] ], [ [ -86.4068845, 36.9602879 ], [ -86.4071339, 36.9604259 ] ], [ [ -86.4071339, 36.9604259 ], [ -86.4072603, 36.960490499999985 ] ], [ [ -86.4072603, 36.960490499999985 ], [ -86.4075382, 36.9606323 ] ], [ [ -86.4075382, 36.9606323 ], [ -86.4078603, 36.9607715 ] ], [ [ -86.4078603, 36.9607715 ], [ -86.408816, 36.961187399999979 ] ] ] } },
{ "type": "Feature", "properties": { "name": "Cherry Way", "highway": "residential", "length": 415.0, "risk_tier": "moderate", "zone_type": "sinkhole" }, "geometry": { "type": "MultiLineString", "coordinates": [ [ [ -86.4615107, 36.9904521 ], [ -86.4613505, 36.989456 ] ], [ [ -86.4613505, 36.989456 ], [ -86.4612757, 36.989469899999989 ] ], [ [ -86.4612757, 36.989469899999989 ], [ -86.459529, 36.989659 ] ], [ [ -86.459529, 36.989659 ], [ -86.45939, 36.989675 ] ], [ [ -86.45939, 36.989675 ], [ -86.4579684, 36.9898287 ] ] ] } },
{ "type": "Feature", "properties": { "name": "Cherry Way", "highway": "residential", "length": 415.0, "risk_tier": "moderate", "zone_type": "sinkhole" }, "geometry": { "type": "MultiLineString", "coordinates": [ [ [ -86.4615107, 36.9904521 ], [ -86.4613505, 36.989456 ] ], [ [ -86.4613505, 36.989456 ], [ -86.4612757, 36.989469899999989 ] ], [ [ -86.4612757, 36.989469899999989 ], [ -86.459529, 36.989659 ] ], [ [ -86.459529, 36.989659 ], [ -86.45939, 36.989675 ] ], [ [ -86.45939, 36.989675 ], [ -86.4579684, 36.9898287 ] ] ] } },
{ "type": "Feature", "properties": { "name": "Traditions Boulevard", "highway": "residential", "length": 422.0, "risk_tier": "moderate", "zone_type": "sinkhole" }, "geometry": { "type": "MultiLineString", "coordinates": [ [ [ -86.4049226, 36.9590336 ], [ -86.4051777, 36.959204299999989 ] ], [ [ -86.4051777, 36.959204299999989 ], [ -86.4054919, 36.959406 ] ], [ [ -86.4054919, 36.959406 ], [ -86.4056681, 36.9595196 ] ], [ [ -86.4056681, 36.9595196 ], [ -86.4059584, 36.959703 ] ], [ [ -86.4059584, 36.959703 ], [ -86.4064285, 36.9599961 ] ], [ [ -86.4064285, 36.9599961 ], [ -86.4068845, 36.9602879 ] ], [ [ -86.4068845, 36.9602879 ], [ -86.4071339, 36.9604259 ] ], [ [ -86.4071339, 36.9604259 ], [ -86.4072603, 36.960490499999985 ] ], [ [ -86.4072603, 36.960490499999985 ], [ -86.4075382, 36.9606323 ] ], [ [ -86.4075382, 36.9606323 ], [ -86.4078603, 36.9607715 ] ], [ [ -86.4078603, 36.9607715 ], [ -86.408816, 36.961187399999979 ] ] ] } },
{ "type": "Feature", "properties": { "name": "Fields Drive", "highway": "residential", "length": 386.0, "risk_tier": "moderate", "zone_type": "sinkhole" }, "geometry": { "type": "MultiLineString", "coordinates": [ [ [ -86.4637601, 36.9571921 ], [ -86.463695, 36.9572366 ] ], [ [ -86.463695, 36.9572366 ], [ -86.4636625, 36.957309 ] ], [ [ -86.4636625, 36.957309 ], [ -86.4636114, 36.9574612 ] ], [ [ -86.4636114, 36.9574612 ], [ -86.4634249, 36.958504 ] ], [ [ -86.4634249, 36.958504 ], [ -86.4632949, 36.959231 ] ], [ [ -86.4632949, 36.959231 ], [ -86.4633192, 36.9596321 ] ], [ [ -86.4633192, 36.9596321 ], [ -86.4633212, 36.9596642 ] ], [ [ -86.4633212, 36.9596642 ], [ -86.4632327, 36.96019159999998 ] ], [ [ -86.4632327, 36.96019159999998 ], [ -86.463164, 36.960601 ] ] ] } },
{ "type": "Feature", "properties": { "name": "Sheffield Way", "highway": "residential", "length": 101.0, "risk_tier": "moderate", "zone_type": "sinkhole" }, "geometry": { "type": "MultiLineString", "coordinates": [ [ [ -86.414559, 36.996012 ], [ -86.41452, 36.996007 ] ], [ [ -86.41452, 36.996007 ], [ -86.414489, 36.996 ] ], [ [ -86.414489, 36.996 ], [ -86.414462, 36.995992 ] ], [ [ -86.414462, 36.995992 ], [ -86.414436, 36.995982 ] ], [ [ -86.414436, 36.995982 ], [ -86.414406, 36.995969 ] ], [ [ -86.414406, 36.995969 ], [ -86.414372, 36.995957 ] ], [ [ -86.414372, 36.995957 ], [ -86.414345, 36.99595 ] ], [ [ -86.414345, 36.99595 ], [ -86.414279, 36.995939 ] ], [ [ -86.414279, 36.995939 ], [ -86.41421, 36.995934 ] ], [ [ -86.41421, 36.995934 ], [ -86.413787, 36.995927 ] ], [ [ -86.413787, 36.995927 ], [ -86.413722, 36.995927 ] ], [ [ -86.413722, 36.995927 ], [ -86.413659, 36.995934 ] ], [ [ -86.413659, 36.995934 ], [ -86.413632, 36.995942 ] ], [ [ -86.413632, 36.995942 ], [ -86.413607, 36.995954 ] ], [ [ -86.413607, 36.995954 ], [ -86.413585, 36.995969 ] ], [ [ -86.413585, 36.995969 ], [ -86.413567, 36.995986 ] ], [ [ -86.413567, 36.995986 ], [ -86.413552, 36.996006 ] ], [ [ -86.413552, 36.996006 ], [ -86.413544, 36.996027 ] ], [ [ -86.413544, 36.996027 ], [ -86.413538, 36.996049 ] ], [ [ -86.413538, 36.996049 ], [ -86.413536, 36.996064 ] ] ] } },
{ "type": "Feature", "properties": { "name": "Porter Pike", "highway": "secondary", "length": 19128.0, "risk_tier": "moderate", "zone_type": "sinkhole" }, "geometry": { "type": "MultiLineString", "coordinates": [ [ [ -86.2081105, 36.9477912 ], [ -86.2086651, 36.9480769 ] ], [ [ -86.2086651, 36.9480769 ], [ -86.2103832, 36.9491287 ] ], [ [ -86.2103832, 36.9491287 ], [ -86.210818, 36.949387 ] ], [ [ -86.210818, 36.949387 ], [ -86.211069, 36.9494906 ] ], [ [ -86.211069, 36.9494906 ], [ -86.21132, 36.949577 ] ], [ [ -86.21132, 36.949577 ], [ -86.211745900000011, 36.949659699999977 ] ], [ [ -86.211745900000011, 36.949659699999977 ], [ -86.212204, 36.949736 ] ], [ [ -86.212204, 36.949736 ], [ -86.2122671, 36.949741 ] ], [ [ -86.2122671, 36.949741 ], [ -86.212821300000016, 36.9497917 ] ], [ [ -86.212821300000016, 36.9497917 ], [ -86.2134156, 36.9498316 ] ], [ [ -86.2134156, 36.9498316 ], [ -86.2137812, 36.9498604 ] ], [ [ -86.2137812, 36.9498604 ], [ -86.2138775, 36.949868 ] ], [ [ -86.2138775, 36.949868 ], [ -86.2141027, 36.949885799999983 ] ], [ [ -86.2141027, 36.949885799999983 ], [ -86.2141679, 36.9498909 ] ], [ [ -86.2141679, 36.9498909 ], [ -86.2155967, 36.950003699999982 ] ], [ [ -86.2155967, 36.950003699999982 ], [ -86.2170965, 36.950122 ] ], [ [ -86.2170965, 36.950122 ], [ -86.219794, 36.9502983 ] ], [ [ -86.219794, 36.9502983 ], [ -86.22010090000002, 36.9503359 ] ], [ [ -86.22010090000002, 36.9503359 ], [ -86.2218347, 36.9506883 ] ], [ [ -86.2218347, 36.9506883 ], [ -86.222072, 36.950737 ] ], [ [ -86.222072, 36.950737 ], [ -86.226144, 36.951528 ] ], [ [ -86.226144, 36.951528 ], [ -86.229168, 36.951781 ] ], [ [ -86.229168, 36.951781 ], [ -86.2292207, 36.951794 ] ], [ [ -86.2292207, 36.951794 ], [ -86.2308468, 36.9521961 ] ], [ [ -86.2308468, 36.9521961 ], [ -86.231969, 36.9524736 ] ], [ [ -86.231969, 36.9524736 ], [ -86.232424, 36.952565 ] ], [ [ -86.232424, 36.952565 ], [ -86.233187, 36.952652 ] ], [ [ -86.233187, 36.952652 ], [ -86.2345274, 36.9527067 ] ], [ [ -86.2345274, 36.9527067 ], [ -86.2345756, 36.9527087 ] ], [ [ -86.2345756, 36.9527087 ], [ -86.2348254, 36.9527189 ] ], [ [ -86.2348254, 36.9527189 ], [ -86.2348967, 36.9527277 ] ], [ [ -86.2348967, 36.9527277 ], [ -86.235176, 36.952762 ] ], [ [ -86.235176, 36.952762 ], [ -86.2354805, 36.9528299 ] ], [ [ -86.2354805, 36.9528299 ], [ -86.2355896, 36.9528669 ] ], [ [ -86.2355896, 36.9528669 ], [ -86.235785, 36.952933 ] ], [ [ -86.235785, 36.952933 ], [ -86.2359077, 36.952982100000021 ] ], [ [ -86.2359077, 36.952982100000021 ], [ -86.236871, 36.953368 ] ], [ [ -86.236871, 36.953368 ], [ -86.238109, 36.954003 ] ], [ [ -86.238109, 36.954003 ], [ -86.241512, 36.955999 ] ], [ [ -86.241512, 36.955999 ], [ -86.24339, 36.956819 ] ], [ [ -86.24339, 36.956819 ], [ -86.244702, 36.957464 ] ], [ [ -86.244702, 36.957464 ], [ -86.2473824, 36.9587425 ] ], [ [ -86.2473824, 36.9587425 ], [ -86.247505, 36.958801 ] ], [ [ -86.247505, 36.958801 ], [ -86.2480581, 36.9590018 ] ], [ [ -86.2480581, 36.9590018 ], [ -86.248122, 36.959025 ] ], [ [ -86.248122, 36.959025 ], [ -86.248706, 36.959162 ] ], [ [ -86.248706, 36.959162 ], [ -86.24942, 36.959241 ] ], [ [ -86.24942, 36.959241 ], [ -86.253261, 36.959485 ] ], [ [ -86.253261, 36.959485 ], [ -86.2546, 36.95957 ] ], [ [ -86.2546, 36.95957 ], [ -86.2548752, 36.9596407 ] ], [ [ -86.2548752, 36.9596407 ], [ -86.255752, 36.959866 ] ], [ [ -86.255752, 36.959866 ], [ -86.256193, 36.959931 ] ], [ [ -86.256193, 36.959931 ], [ -86.2566262, 36.9599138 ] ], [ [ -86.2566262, 36.9599138 ], [ -86.2572865, 36.9598876 ] ], [ [ -86.2572865, 36.9598876 ], [ -86.2583267, 36.9598463 ] ], [ [ -86.2583267, 36.9598463 ], [ -86.258686, 36.959832 ] ], [ [ -86.258686, 36.959832 ], [ -86.2594693, 36.9599404 ] ], [ [ -86.2594693, 36.9599404 ], [ -86.2604581, 36.9600772 ] ], [ [ -86.2604581, 36.9600772 ], [ -86.260507, 36.960084 ] ], [ [ -86.260507, 36.960084 ], [ -86.262834, 36.960226 ] ], [ [ -86.262834, 36.960226 ], [ -86.2634211, 36.9603583 ] ], [ [ -86.2634211, 36.9603583 ], [ -86.263544, 36.960386 ] ], [ [ -86.263544, 36.960386 ], [ -86.2637671, 36.960466500000017 ] ], [ [ -86.2637671, 36.960466500000017 ], [ -86.2645524, 36.960749799999981 ] ], [ [ -86.2645524, 36.960749799999981 ], [ -86.265029900000016, 36.960922 ] ], [ [ -86.265029900000016, 36.960922 ], [ -86.265307, 36.961022 ] ], [ [ -86.265307, 36.961022 ], [ -86.265795, 36.961137 ] ], [ [ -86.265795, 36.961137 ], [ -86.26614, 36.96114 ] ], [ [ -86.26614, 36.96114 ], [ -86.266642, 36.961032 ] ], [ [ -86.266642, 36.961032 ], [ -86.268281, 36.960399 ] ], [ [ -86.268281, 36.960399 ], [ -86.268783, 36.960256 ] ], [ [ -86.268783, 36.960256 ], [ -86.2689016, 36.9602498 ] ], [ [ -86.2689016, 36.9602498 ], [ -86.269299, 36.960229 ] ], [ [ -86.269299, 36.960229 ], [ -86.2699798, 36.9602927 ] ], [ [ -86.2699798, 36.9602927 ], [ -86.270315, 36.960324 ] ], [ [ -86.270315, 36.960324 ], [ -86.270751, 36.960307 ] ], [ [ -86.270751, 36.960307 ], [ -86.273977, 36.959633 ] ], [ [ -86.273977, 36.959633 ], [ -86.275333, 36.959323 ] ], [ [ -86.275333, 36.959323 ], [ -86.276039, 36.959215 ] ], [ [ -86.276039, 36.959215 ], [ -86.276678, 36.959234 ] ], [ [ -86.276678, 36.959234 ], [ -86.277413, 36.959383 ] ], [ [ -86.277413, 36.959383 ], [ -86.2780459, 36.9595419 ] ], [ [ -86.2780459, 36.9595419 ], [ -86.2798266, 36.9599889 ] ], [ [ -86.2798266, 36.9599889 ], [ -86.281232300000013, 36.9603417 ] ], [ [ -86.281232300000013, 36.9603417 ], [ -86.2813215, 36.9603641 ] ], [ [ -86.2813215, 36.9603641 ], [ -86.282819, 36.96074 ] ], [ [ -86.282819, 36.96074 ], [ -86.283427, 36.960932 ] ], [ [ -86.283427, 36.960932 ], [ -86.283708, 36.9610593 ] ], [ [ -86.283708, 36.9610593 ], [ -86.284136, 36.961374 ] ], [ [ -86.284136, 36.961374 ], [ -86.2848681, 36.9621018 ] ], [ [ -86.2848681, 36.9621018 ], [ -86.2851381, 36.9623702 ] ], [ [ -86.2851381, 36.9623702 ], [ -86.285312, 36.962543 ] ], [ [ -86.285312, 36.962543 ], [ -86.2855561, 36.9627431 ] ], [ [ -86.2855561, 36.9627431 ], [ -86.2856049, 36.9627831 ] ], [ [ -86.2856049, 36.9627831 ], [ -86.285767, 36.962916 ] ], [ [ -86.285767, 36.962916 ], [ -86.286366, 36.963306 ] ], [ [ -86.286366, 36.963306 ], [ -86.287314, 36.963862 ] ], [ [ -86.287314, 36.963862 ], [ -86.2877877, 36.964013 ] ], [ [ -86.2877877, 36.964013 ], [ -86.287838, 36.964029 ] ], [ [ -86.287838, 36.964029 ], [ -86.288525, 36.964083 ] ], [ [ -86.288525, 36.964083 ], [ -86.290899, 36.964063 ] ], [ [ -86.290899, 36.964063 ], [ -86.2912194, 36.9641114 ] ], [ [ -86.2912194, 36.9641114 ], [ -86.291409, 36.96414 ] ], [ [ -86.291409, 36.96414 ], [ -86.293202, 36.964684 ] ], [ [ -86.293202, 36.964684 ], [ -86.2934838, 36.9647535 ] ], [ [ -86.2934838, 36.9647535 ], [ -86.2952658, 36.965193100000015 ] ], [ [ -86.2952658, 36.965193100000015 ], [ -86.2966778, 36.9655415 ] ], [ [ -86.2966778, 36.9655415 ], [ -86.298666, 36.966032 ] ], [ [ -86.298666, 36.966032 ], [ -86.3009562, 36.9667935 ] ], [ [ -86.3009562, 36.9667935 ], [ -86.301108, 36.966844 ] ], [ [ -86.301108, 36.966844 ], [ -86.30409, 36.96767 ] ], [ [ -86.30409, 36.96767 ], [ -86.30471, 36.967895 ] ], [ [ -86.30471, 36.967895 ], [ -86.304893, 36.967981 ] ], [ [ -86.304893, 36.967981 ], [ -86.3057978, 36.968574499999981 ] ], [ [ -86.3057978, 36.968574499999981 ], [ -86.3061251, 36.9687891 ] ], [ [ -86.3061251, 36.9687891 ], [ -86.3067298, 36.9691857 ] ], [ [ -86.3067298, 36.9691857 ], [ -86.3067799, 36.9692186 ] ], [ [ -86.3067799, 36.9692186 ], [ -86.307398, 36.969624 ] ], [ [ -86.307398, 36.969624 ], [ -86.3089206, 36.9705649 ] ], [ [ -86.3089206, 36.9705649 ], [ -86.3093409, 36.9708247 ] ], [ [ -86.3093409, 36.9708247 ], [ -86.309733, 36.971067 ] ], [ [ -86.309733, 36.971067 ], [ -86.311044, 36.971823 ] ], [ [ -86.311044, 36.971823 ], [ -86.311656, 36.972066 ] ], [ [ -86.311656, 36.972066 ], [ -86.314528, 36.972897 ] ], [ [ -86.314528, 36.972897 ], [ -86.315406, 36.973121 ] ], [ [ -86.315406, 36.973121 ], [ -86.3156639, 36.9731536 ] ], [ [ -86.3156639, 36.9731536 ], [ -86.315881, 36.973181 ] ], [ [ -86.315881, 36.973181 ], [ -86.3174585, 36.9731339 ] ], [ [ -86.3174585, 36.9731339 ], [ -86.3184881, 36.97310310000001 ] ], [ [ -86.3184881, 36.97310310000001 ], [ -86.3189628, 36.9730889 ] ], [ [ -86.3189628, 36.9730889 ], [ -86.319997, 36.973058 ] ], [ [ -86.319997, 36.973058 ], [ -86.320913, 36.973114 ] ], [ [ -86.320913, 36.973114 ], [ -86.321874, 36.973251 ] ], [ [ -86.321874, 36.973251 ], [ -86.3222589, 36.9733387 ] ], [ [ -86.3222589, 36.9733387 ], [ -86.322844, 36.973472 ] ], [ [ -86.322844, 36.973472 ], [ -86.324828, 36.974061 ] ], [ [ -86.324828, 36.974061 ], [ -86.326251, 36.974467 ] ], [ [ -86.326251, 36.974467 ], [ -86.328103100000021, 36.9747659 ] ], [ [ -86.328103100000021, 36.9747659 ], [ -86.3293354, 36.9749648 ] ], [ [ -86.3293354, 36.9749648 ], [ -86.32995, 36.975064 ] ], [ [ -86.32995, 36.975064 ], [ -86.330736, 36.975215 ] ], [ [ -86.330736, 36.975215 ], [ -86.331587, 36.975437 ] ], [ [ -86.331587, 36.975437 ], [ -86.3336877, 36.9761895 ] ], [ [ -86.3336877, 36.9761895 ], [ -86.3344547, 36.9764642 ] ], [ [ -86.3344547, 36.9764642 ], [ -86.334577, 36.976508 ] ], [ [ -86.334577, 36.976508 ], [ -86.336155, 36.976751 ] ], [ [ -86.336155, 36.976751 ], [ -86.3379513, 36.9772226 ] ], [ [ -86.3379513, 36.9772226 ], [ -86.338711, 36.977422 ] ], [ [ -86.338711, 36.977422 ], [ -86.339265, 36.9776545 ] ], [ [ -86.339265, 36.9776545 ], [ -86.339297, 36.977668 ] ], [ [ -86.339297, 36.977668 ], [ -86.339674, 36.977973 ] ], [ [ -86.339674, 36.977973 ], [ -86.339889, 36.97848 ] ], [ [ -86.339889, 36.97848 ], [ -86.339899100000011, 36.97854 ] ], [ [ -86.339899100000011, 36.97854 ], [ -86.3401009, 36.9797386 ] ], [ [ -86.3401009, 36.9797386 ], [ -86.34016, 36.98009 ] ], [ [ -86.34016, 36.98009 ], [ -86.340111, 36.98057 ] ], [ [ -86.340111, 36.98057 ], [ -86.339834, 36.981621 ] ], [ [ -86.339834, 36.981621 ], [ -86.339871, 36.982232 ] ], [ [ -86.339871, 36.982232 ], [ -86.339902, 36.9823159 ] ], [ [ -86.339902, 36.9823159 ], [ -86.3401738, 36.9830504 ] ], [ [ -86.3401738, 36.9830504 ], [ -86.340614, 36.98424 ] ], [ [ -86.340614, 36.98424 ], [ -86.3410218, 36.9856413 ] ], [ [ -86.3410218, 36.9856413 ], [ -86.341558, 36.987484 ] ], [ [ -86.341558, 36.987484 ], [ -86.341726, 36.987956 ] ], [ [ -86.341726, 36.987956 ], [ -86.341956, 36.988357 ] ], [ [ -86.341956, 36.988357 ], [ -86.343333, 36.9898357 ] ], [ [ -86.343333, 36.9898357 ], [ -86.3436953, 36.990139099999986 ] ], [ [ -86.3436953, 36.990139099999986 ], [ -86.3444609, 36.9909006 ] ], [ [ -86.3444609, 36.9909006 ], [ -86.3448851, 36.9913226 ] ], [ [ -86.3448851, 36.9913226 ], [ -86.3453791, 36.9917972 ] ], [ [ -86.3453791, 36.9917972 ], [ -86.3457257, 36.9921303 ] ], [ [ -86.3457257, 36.9921303 ], [ -86.345765, 36.992168 ] ], [ [ -86.345765, 36.992168 ], [ -86.346117, 36.992424 ] ], [ [ -86.346117, 36.992424 ], [ -86.346429, 36.992579 ] ], [ [ -86.346429, 36.992579 ], [ -86.3466194, 36.9926349 ] ], [ [ -86.3466194, 36.9926349 ], [ -86.347012, 36.99275 ] ], [ [ -86.347012, 36.99275 ], [ -86.349621, 36.993194 ] ], [ [ -86.349621, 36.993194 ], [ -86.3500732, 36.9932748 ] ], [ [ -86.3500732, 36.9932748 ], [ -86.350353400000017, 36.9933249 ] ], [ [ -86.350353400000017, 36.9933249 ], [ -86.351164, 36.9934844 ] ], [ [ -86.351164, 36.9934844 ], [ -86.352193, 36.993746 ] ], [ [ -86.352193, 36.993746 ], [ -86.3536551, 36.994277 ] ], [ [ -86.3536551, 36.994277 ], [ -86.353823, 36.994338 ] ], [ [ -86.353823, 36.994338 ], [ -86.354446, 36.994482 ] ], [ [ -86.354446, 36.994482 ], [ -86.3548551, 36.994543 ] ], [ [ -86.3548551, 36.994543 ], [ -86.3553396, 36.9946152 ] ], [ [ -86.3553396, 36.9946152 ], [ -86.3556147, 36.9946562 ] ], [ [ -86.3556147, 36.9946562 ], [ -86.355875, 36.994695 ] ], [ [ -86.355875, 36.994695 ], [ -86.356566, 36.994798 ] ], [ [ -86.356566, 36.994798 ], [ -86.357569, 36.994821 ] ], [ [ -86.357569, 36.994821 ], [ -86.358345, 36.994725 ] ], [ [ -86.358345, 36.994725 ], [ -86.3599385, 36.9943002 ] ], [ [ -86.3599385, 36.9943002 ], [ -86.360097, 36.994258 ] ], [ [ -86.360097, 36.994258 ], [ -86.3605437, 36.994167 ] ], [ [ -86.3605437, 36.994167 ], [ -86.360833, 36.994108 ] ], [ [ -86.360833, 36.994108 ], [ -86.3619115, 36.9940046 ] ], [ [ -86.3619115, 36.9940046 ], [ -86.36221, 36.993976 ] ], [ [ -86.36221, 36.993976 ], [ -86.3622316, 36.9939766 ] ], [ [ -86.3622316, 36.9939766 ], [ -86.3624415, 36.9939823 ] ], [ [ -86.3624415, 36.9939823 ], [ -86.3626951, 36.9939829 ] ], [ [ -86.3626951, 36.9939829 ], [ -86.3629019, 36.993994799999975 ] ], [ [ -86.3629019, 36.993994799999975 ], [ -86.362948, 36.993996 ] ], [ [ -86.362948, 36.993996 ], [ -86.3632617, 36.994066599999982 ] ], [ [ -86.3632617, 36.994066599999982 ], [ -86.363339, 36.994084 ] ], [ [ -86.363339, 36.994084 ], [ -86.363373100000018, 36.9940984 ] ], [ [ -86.363373100000018, 36.9940984 ], [ -86.363896, 36.99432 ] ], [ [ -86.363896, 36.99432 ], [ -86.3642409, 36.9945028 ] ], [ [ -86.3642409, 36.9945028 ], [ -86.3651005, 36.9949584 ] ], [ [ -86.3651005, 36.9949584 ], [ -86.36546, 36.995149 ] ], [ [ -86.36546, 36.995149 ], [ -86.366573, 36.995625 ] ], [ [ -86.366573, 36.995625 ], [ -86.367476, 36.995899 ] ], [ [ -86.367476, 36.995899 ], [ -86.368405, 36.996107 ] ], [ [ -86.368405, 36.996107 ], [ -86.369447, 36.996253 ] ], [ [ -86.369447, 36.996253 ], [ -86.3701135, 36.9962902 ] ], [ [ -86.3701135, 36.9962902 ], [ -86.370308, 36.996301 ] ], [ [ -86.370308, 36.996301 ], [ -86.371780700000016, 36.996301 ] ], [ [ -86.371780700000016, 36.996301 ], [ -86.372, 36.996301 ] ], [ [ -86.372, 36.996301 ], [ -86.372898, 36.996434 ] ], [ [ -86.372898, 36.996434 ], [ -86.375105, 36.997129 ] ], [ [ -86.375105, 36.997129 ], [ -86.378889, 36.998634 ] ], [ [ -86.378889, 36.998634 ], [ -86.3802655, 36.9991616 ] ], [ [ -86.3802655, 36.9991616 ], [ -86.3808702, 36.9993893 ] ], [ [ -86.3808702, 36.9993893 ], [ -86.3815167, 36.9996456 ] ], [ [ -86.3815167, 36.9996456 ], [ -86.3815671, 36.9996752 ] ], [ [ -86.3815671, 36.9996752 ], [ -86.382268, 37.000088 ] ], [ [ -86.382268, 37.000088 ], [ -86.382935, 37.000702 ] ], [ [ -86.382935, 37.000702 ], [ -86.3839232, 37.0019349 ] ], [ [ -86.3839232, 37.0019349 ], [ -86.384255, 37.002348799999986 ] ], [ [ -86.384255, 37.002348799999986 ], [ -86.3844143, 37.0025476 ] ], [ [ -86.3844143, 37.0025476 ], [ -86.3847233, 37.0029331 ] ], [ [ -86.3847233, 37.0029331 ], [ -86.3848319, 37.0030685 ] ], [ [ -86.3848319, 37.0030685 ], [ -86.3849731, 37.0032447 ] ], [ [ -86.3849731, 37.0032447 ], [ -86.3852068, 37.003536200000013 ] ], [ [ -86.3852068, 37.003536200000013 ], [ -86.3859636, 37.004480400000013 ] ], [ [ -86.3859636, 37.004480400000013 ], [ -86.3861644, 37.0047309 ] ], [ [ -86.3861644, 37.0047309 ], [ -86.3862135, 37.0047922 ] ], [ [ -86.3862135, 37.0047922 ], [ -86.386239, 37.004824 ] ], [ [ -86.386239, 37.004824 ], [ -86.3865482, 37.0052083 ] ], [ [ -86.3865482, 37.0052083 ], [ -86.3866778, 37.0053694 ] ], [ [ -86.3866778, 37.0053694 ], [ -86.3868623, 37.0055987 ] ], [ [ -86.3868623, 37.0055987 ], [ -86.3870186, 37.0057928 ] ], [ [ -86.3870186, 37.0057928 ], [ -86.3871498, 37.0059559 ] ], [ [ -86.3871498, 37.0059559 ], [ -86.3873179, 37.0061648 ] ], [ [ -86.3873179, 37.0061648 ], [ -86.3873905, 37.006255 ] ], [ [ -86.3873905, 37.006255 ], [ -86.3875429, 37.0064444 ] ], [ [ -86.3875429, 37.0064444 ], [ -86.3879651, 37.0069691 ] ], [ [ -86.3879651, 37.0069691 ], [ -86.3880677, 37.0070929 ] ], [ [ -86.3880677, 37.0070929 ], [ -86.388122, 37.00715850000001 ] ], [ [ -86.388122, 37.00715850000001 ], [ -86.388325, 37.0074155 ] ], [ [ -86.388325, 37.0074155 ], [ -86.3884508, 37.00757140000001 ] ], [ [ -86.3884508, 37.00757140000001 ], [ -86.3888827, 37.0081064 ] ], [ [ -86.3888827, 37.0081064 ], [ -86.3893115, 37.0086375 ] ], [ [ -86.3893115, 37.0086375 ], [ -86.3894299, 37.0087842 ] ], [ [ -86.3894299, 37.0087842 ], [ -86.3897915, 37.0092321 ] ], [ [ -86.3897915, 37.0092321 ], [ -86.389925, 37.009418 ] ], [ [ -86.389925, 37.009418 ], [ -86.39022, 37.009873 ] ], [ [ -86.39022, 37.009873 ], [ -86.3902456, 37.0099799 ] ], [ [ -86.3902456, 37.0099799 ], [ -86.390354, 37.010432 ] ] ] } },
{ "type": "Feature", "properties": { "name": "Dorchester Drive", "highway": "residential", "length": 727.0, "risk_tier": "moderate", "zone_type": "sinkhole" }, "geometry": { "type": "MultiLineString", "coordinates": [ [ [ -86.410975, 36.990808 ], [ -86.410991, 36.990812 ] ], [ [ -86.410991, 36.990812 ], [ -86.411003, 36.990818 ] ], [ [ -86.411003, 36.990818 ], [ -86.411011, 36.990825 ] ], [ [ -86.411011, 36.990825 ], [ -86.411015, 36.99083 ] ], [ [ -86.411015, 36.99083 ], [ -86.411021, 36.990844 ] ], [ [ -86.411021, 36.990844 ], [ -86.411021, 36.99085 ] ], [ [ -86.411021, 36.99085 ], [ -86.411023, 36.990857 ] ], [ [ -86.411023, 36.990857 ], [ -86.411026, 36.990888 ] ], [ [ -86.411026, 36.990888 ], [ -86.41101, 36.991762 ] ], [ [ -86.41101, 36.991762 ], [ -86.410997, 36.992238 ] ], [ [ -86.410997, 36.992238 ], [ -86.410974, 36.992741 ] ], [ [ -86.410974, 36.992741 ], [ -86.410924, 36.993683 ] ], [ [ -86.410924, 36.993683 ], [ -86.4109129, 36.9946152 ] ], [ [ -86.4109129, 36.9946152 ], [ -86.4108849, 36.995477899999983 ] ], [ [ -86.4108849, 36.995477899999983 ], [ -86.4108544, 36.9963644 ] ], [ [ -86.4108544, 36.9963644 ], [ -86.410794, 36.997326 ] ] ] } },
{ "type": "Feature", "properties": { "name": "Indian Hills Drive", "highway": "residential", "length": 1179.0, "risk_tier": "moderate", "zone_type": "sinkhole" }, "geometry": { "type": "MultiLineString", "coordinates": [ [ [ -86.4042742, 36.9877205 ], [ -86.4042036, 36.9878259 ] ], [ [ -86.4042036, 36.9878259 ], [ -86.4039686, 36.9881769 ] ], [ [ -86.4039686, 36.9881769 ], [ -86.403823800000012, 36.988548 ] ], [ [ -86.403823800000012, 36.988548 ], [ -86.403804, 36.989027 ] ], [ [ -86.403804, 36.989027 ], [ -86.403809, 36.989155 ] ], [ [ -86.403809, 36.989155 ], [ -86.403822, 36.989249 ] ], [ [ -86.403822, 36.989249 ], [ -86.403855, 36.989411 ] ], [ [ -86.403855, 36.989411 ], [ -86.403974, 36.990043 ] ], [ [ -86.403974, 36.990043 ], [ -86.404037, 36.990389 ] ], [ [ -86.404037, 36.990389 ], [ -86.4040651, 36.99060690000001 ] ], [ [ -86.4040651, 36.99060690000001 ], [ -86.404137, 36.991095 ] ], [ [ -86.404137, 36.991095 ], [ -86.404151, 36.991206 ] ], [ [ -86.404151, 36.991206 ], [ -86.404181, 36.991429 ] ], [ [ -86.404181, 36.991429 ], [ -86.404197, 36.991541 ] ], [ [ -86.404197, 36.991541 ], [ -86.404204, 36.991597 ] ], [ [ -86.404204, 36.991597 ], [ -86.404212, 36.991653 ] ], [ [ -86.404212, 36.991653 ], [ -86.404218, 36.991702 ] ], [ [ -86.404218, 36.991702 ], [ -86.404228, 36.991769 ] ], [ [ -86.404228, 36.991769 ], [ -86.404239, 36.99189 ] ], [ [ -86.404239, 36.99189 ], [ -86.404267, 36.992134 ] ], [ [ -86.404267, 36.992134 ], [ -86.404282, 36.992256 ] ], [ [ -86.404282, 36.992256 ], [ -86.404289, 36.992369 ] ], [ [ -86.404289, 36.992369 ], [ -86.404302, 36.992478 ] ], [ [ -86.404302, 36.992478 ], [ -86.404338, 36.992687 ] ], [ [ -86.404338, 36.992687 ], [ -86.404343, 36.992831 ] ], [ [ -86.404343, 36.992831 ], [ -86.404341, 36.992884 ] ], [ [ -86.404341, 36.992884 ], [ -86.404336, 36.992954 ] ], [ [ -86.404336, 36.992954 ], [ -86.404326, 36.993006 ] ], [ [ -86.404326, 36.993006 ], [ -86.404307, 36.99308 ] ], [ [ -86.404307, 36.99308 ], [ -86.40414, 36.993468 ] ], [ [ -86.40414, 36.993468 ], [ -86.40399, 36.993953 ] ], [ [ -86.40399, 36.993953 ], [ -86.403885, 36.99428 ] ], [ [ -86.403885, 36.99428 ], [ -86.403819, 36.99445260000001 ] ], [ [ -86.403819, 36.99445260000001 ], [ -86.403814, 36.9944656 ] ], [ [ -86.403814, 36.9944656 ], [ -86.4034901, 36.9953129 ] ], [ [ -86.4034901, 36.9953129 ], [ -86.402772, 36.997053 ] ], [ [ -86.402772, 36.997053 ], [ -86.402727, 36.997142 ] ], [ [ -86.402727, 36.997142 ], [ -86.402689, 36.997228 ] ], [ [ -86.402689, 36.997228 ], [ -86.402657, 36.997313 ] ], [ [ -86.402657, 36.997313 ], [ -86.402638, 36.9974 ] ], [ [ -86.402638, 36.9974 ], [ -86.402631, 36.997483 ] ], [ [ -86.402631, 36.997483 ], [ -86.40263, 36.997554 ] ], [ [ -86.40263, 36.997554 ], [ -86.402646, 36.997638 ] ], [ [ -86.402646, 36.997638 ], [ -86.402665, 36.997704 ] ], [ [ -86.402665, 36.997704 ], [ -86.40269, 36.997764 ] ], [ [ -86.40269, 36.997764 ], [ -86.402719, 36.997817 ] ], [ [ -86.402719, 36.997817 ], [ -86.40275, 36.997863 ] ], [ [ -86.40275, 36.997863 ], [ -86.402781, 36.997904 ] ], [ [ -86.402781, 36.997904 ], [ -86.40281, 36.997938 ] ], [ [ -86.40281, 36.997938 ], [ -86.402845, 36.997974 ] ] ] } },
{ "type": "Feature", "properties": { "name": "Indian Hills Drive", "highway": "residential", "length": 1179.0, "risk_tier": "moderate", "zone_type": "sinkhole" }, "geometry": { "type": "MultiLineString", "coordinates": [ [ [ -86.4042742, 36.9877205 ], [ -86.4042036, 36.9878259 ] ], [ [ -86.4042036, 36.9878259 ], [ -86.4039686, 36.9881769 ] ], [ [ -86.4039686, 36.9881769 ], [ -86.403823800000012, 36.988548 ] ], [ [ -86.403823800000012, 36.988548 ], [ -86.403804, 36.989027 ] ], [ [ -86.403804, 36.989027 ], [ -86.403809, 36.989155 ] ], [ [ -86.403809, 36.989155 ], [ -86.403822, 36.989249 ] ], [ [ -86.403822, 36.989249 ], [ -86.403855, 36.989411 ] ], [ [ -86.403855, 36.989411 ], [ -86.403974, 36.990043 ] ], [ [ -86.403974, 36.990043 ], [ -86.404037, 36.990389 ] ], [ [ -86.404037, 36.990389 ], [ -86.4040651, 36.99060690000001 ] ], [ [ -86.4040651, 36.99060690000001 ], [ -86.404137, 36.991095 ] ], [ [ -86.404137, 36.991095 ], [ -86.404151, 36.991206 ] ], [ [ -86.404151, 36.991206 ], [ -86.404181, 36.991429 ] ], [ [ -86.404181, 36.991429 ], [ -86.404197, 36.991541 ] ], [ [ -86.404197, 36.991541 ], [ -86.404204, 36.991597 ] ], [ [ -86.404204, 36.991597 ], [ -86.404212, 36.991653 ] ], [ [ -86.404212, 36.991653 ], [ -86.404218, 36.991702 ] ], [ [ -86.404218, 36.991702 ], [ -86.404228, 36.991769 ] ], [ [ -86.404228, 36.991769 ], [ -86.404239, 36.99189 ] ], [ [ -86.404239, 36.99189 ], [ -86.404267, 36.992134 ] ], [ [ -86.404267, 36.992134 ], [ -86.404282, 36.992256 ] ], [ [ -86.404282, 36.992256 ], [ -86.404289, 36.992369 ] ], [ [ -86.404289, 36.992369 ], [ -86.404302, 36.992478 ] ], [ [ -86.404302, 36.992478 ], [ -86.404338, 36.992687 ] ], [ [ -86.404338, 36.992687 ], [ -86.404343, 36.992831 ] ], [ [ -86.404343, 36.992831 ], [ -86.404341, 36.992884 ] ], [ [ -86.404341, 36.992884 ], [ -86.404336, 36.992954 ] ], [ [ -86.404336, 36.992954 ], [ -86.404326, 36.993006 ] ], [ [ -86.404326, 36.993006 ], [ -86.404307, 36.99308 ] ], [ [ -86.404307, 36.99308 ], [ -86.40414, 36.993468 ] ], [ [ -86.40414, 36.993468 ], [ -86.40399, 36.993953 ] ], [ [ -86.40399, 36.993953 ], [ -86.403885, 36.99428 ] ], [ [ -86.403885, 36.99428 ], [ -86.403819, 36.99445260000001 ] ], [ [ -86.403819, 36.99445260000001 ], [ -86.403814, 36.9944656 ] ], [ [ -86.403814, 36.9944656 ], [ -86.4034901, 36.9953129 ] ], [ [ -86.4034901, 36.9953129 ], [ -86.402772, 36.997053 ] ], [ [ -86.402772, 36.997053 ], [ -86.402727, 36.997142 ] ], [ [ -86.402727, 36.997142 ], [ -86.402689, 36.997228 ] ], [ [ -86.402689, 36.997228 ], [ -86.402657, 36.997313 ] ], [ [ -86.402657, 36.997313 ], [ -86.402638, 36.9974 ] ], [ [ -86.402638, 36.9974 ], [ -86.402631, 36.997483 ] ], [ [ -86.402631, 36.997483 ], [ -86.40263, 36.997554 ] ], [ [ -86.40263, 36.997554 ], [ -86.402646, 36.997638 ] ], [ [ -86.402646, 36.997638 ], [ -86.402665, 36.997704 ] ], [ [ -86.402665, 36.997704 ], [ -86.40269, 36.997764 ] ], [ [ -86.40269, 36.997764 ], [ -86.402719, 36.997817 ] ], [ [ -86.402719, 36.997817 ], [ -86.40275, 36.997863 ] ], [ [ -86.40275, 36.997863 ], [ -86.402781, 36.997904 ] ], [ [ -86.402781, 36.997904 ], [ -86.40281, 36.997938 ] ], [ [ -86.40281, 36.997938 ], [ -86.402845, 36.997974 ] ] ] } },
{ "type": "Feature", "properties": { "name": "Washington Avenue", "highway": "residential", "length": 209.0, "risk_tier": "moderate", "zone_type": "sinkhole" }, "geometry": { "type": "MultiLineString", "coordinates": [ [ [ -86.404568, 36.9613229 ], [ -86.4042623, 36.9610461 ] ], [ [ -86.4042623, 36.9610461 ], [ -86.4038666, 36.960851799999979 ] ], [ [ -86.4038666, 36.960851799999979 ], [ -86.403773200000018, 36.9608059 ] ], [ [ -86.403773200000018, 36.9608059 ], [ -86.4034453, 36.9606463 ] ], [ [ -86.4034453, 36.9606463 ], [ -86.4026522, 36.9602481 ] ] ] } },
{ "type": "Feature", "properties": { "name": "Indian Hills Drive", "highway": "residential", "length": 1179.0, "risk_tier": "moderate", "zone_type": "sinkhole" }, "geometry": { "type": "MultiLineString", "coordinates": [ [ [ -86.4042742, 36.9877205 ], [ -86.4042036, 36.9878259 ] ], [ [ -86.4042036, 36.9878259 ], [ -86.4039686, 36.9881769 ] ], [ [ -86.4039686, 36.9881769 ], [ -86.403823800000012, 36.988548 ] ], [ [ -86.403823800000012, 36.988548 ], [ -86.403804, 36.989027 ] ], [ [ -86.403804, 36.989027 ], [ -86.403809, 36.989155 ] ], [ [ -86.403809, 36.989155 ], [ -86.403822, 36.989249 ] ], [ [ -86.403822, 36.989249 ], [ -86.403855, 36.989411 ] ], [ [ -86.403855, 36.989411 ], [ -86.403974, 36.990043 ] ], [ [ -86.403974, 36.990043 ], [ -86.404037, 36.990389 ] ], [ [ -86.404037, 36.990389 ], [ -86.4040651, 36.99060690000001 ] ], [ [ -86.4040651, 36.99060690000001 ], [ -86.404137, 36.991095 ] ], [ [ -86.404137, 36.991095 ], [ -86.404151, 36.991206 ] ], [ [ -86.404151, 36.991206 ], [ -86.404181, 36.991429 ] ], [ [ -86.404181, 36.991429 ], [ -86.404197, 36.991541 ] ], [ [ -86.404197, 36.991541 ], [ -86.404204, 36.991597 ] ], [ [ -86.404204, 36.991597 ], [ -86.404212, 36.991653 ] ], [ [ -86.404212, 36.991653 ], [ -86.404218, 36.991702 ] ], [ [ -86.404218, 36.991702 ], [ -86.404228, 36.991769 ] ], [ [ -86.404228, 36.991769 ], [ -86.404239, 36.99189 ] ], [ [ -86.404239, 36.99189 ], [ -86.404267, 36.992134 ] ], [ [ -86.404267, 36.992134 ], [ -86.404282, 36.992256 ] ], [ [ -86.404282, 36.992256 ], [ -86.404289, 36.992369 ] ], [ [ -86.404289, 36.992369 ], [ -86.404302, 36.992478 ] ], [ [ -86.404302, 36.992478 ], [ -86.404338, 36.992687 ] ], [ [ -86.404338, 36.992687 ], [ -86.404343, 36.992831 ] ], [ [ -86.404343, 36.992831 ], [ -86.404341, 36.992884 ] ], [ [ -86.404341, 36.992884 ], [ -86.404336, 36.992954 ] ], [ [ -86.404336, 36.992954 ], [ -86.404326, 36.993006 ] ], [ [ -86.404326, 36.993006 ], [ -86.404307, 36.99308 ] ], [ [ -86.404307, 36.99308 ], [ -86.40414, 36.993468 ] ], [ [ -86.40414, 36.993468 ], [ -86.40399, 36.993953 ] ], [ [ -86.40399, 36.993953 ], [ -86.403885, 36.99428 ] ], [ [ -86.403885, 36.99428 ], [ -86.403819, 36.99445260000001 ] ], [ [ -86.403819, 36.99445260000001 ], [ -86.403814, 36.9944656 ] ], [ [ -86.403814, 36.9944656 ], [ -86.4034901, 36.9953129 ] ], [ [ -86.4034901, 36.9953129 ], [ -86.402772, 36.997053 ] ], [ [ -86.402772, 36.997053 ], [ -86.402727, 36.997142 ] ], [ [ -86.402727, 36.997142 ], [ -86.402689, 36.997228 ] ], [ [ -86.402689, 36.997228 ], [ -86.402657, 36.997313 ] ], [ [ -86.402657, 36.997313 ], [ -86.402638, 36.9974 ] ], [ [ -86.402638, 36.9974 ], [ -86.402631, 36.997483 ] ], [ [ -86.402631, 36.997483 ], [ -86.40263, 36.997554 ] ], [ [ -86.40263, 36.997554 ], [ -86.402646, 36.997638 ] ], [ [ -86.402646, 36.997638 ], [ -86.402665, 36.997704 ] ], [ [ -86.402665, 36.997704 ], [ -86.40269, 36.997764 ] ], [ [ -86.40269, 36.997764 ], [ -86.402719, 36.997817 ] ], [ [ -86.402719, 36.997817 ], [ -86.40275, 36.997863 ] ], [ [ -86.40275, 36.997863 ], [ -86.402781, 36.997904 ] ], [ [ -86.402781, 36.997904 ], [ -86.40281, 36.997938 ] ], [ [ -86.40281, 36.997938 ], [ -86.402845, 36.997974 ] ] ] } },
{ "type": "Feature", "properties": { "name": "Indian Hills Drive", "highway": "residential", "length": 1179.0, "risk_tier": "moderate", "zone_type": "sinkhole" }, "geometry": { "type": "MultiLineString", "coordinates": [ [ [ -86.4042742, 36.9877205 ], [ -86.4042036, 36.9878259 ] ], [ [ -86.4042036, 36.9878259 ], [ -86.4039686, 36.9881769 ] ], [ [ -86.4039686, 36.9881769 ], [ -86.403823800000012, 36.988548 ] ], [ [ -86.403823800000012, 36.988548 ], [ -86.403804, 36.989027 ] ], [ [ -86.403804, 36.989027 ], [ -86.403809, 36.989155 ] ], [ [ -86.403809, 36.989155 ], [ -86.403822, 36.989249 ] ], [ [ -86.403822, 36.989249 ], [ -86.403855, 36.989411 ] ], [ [ -86.403855, 36.989411 ], [ -86.403974, 36.990043 ] ], [ [ -86.403974, 36.990043 ], [ -86.404037, 36.990389 ] ], [ [ -86.404037, 36.990389 ], [ -86.4040651, 36.99060690000001 ] ], [ [ -86.4040651, 36.99060690000001 ], [ -86.404137, 36.991095 ] ], [ [ -86.404137, 36.991095 ], [ -86.404151, 36.991206 ] ], [ [ -86.404151, 36.991206 ], [ -86.404181, 36.991429 ] ], [ [ -86.404181, 36.991429 ], [ -86.404197, 36.991541 ] ], [ [ -86.404197, 36.991541 ], [ -86.404204, 36.991597 ] ], [ [ -86.404204, 36.991597 ], [ -86.404212, 36.991653 ] ], [ [ -86.404212, 36.991653 ], [ -86.404218, 36.991702 ] ], [ [ -86.404218, 36.991702 ], [ -86.404228, 36.991769 ] ], [ [ -86.404228, 36.991769 ], [ -86.404239, 36.99189 ] ], [ [ -86.404239, 36.99189 ], [ -86.404267, 36.992134 ] ], [ [ -86.404267, 36.992134 ], [ -86.404282, 36.992256 ] ], [ [ -86.404282, 36.992256 ], [ -86.404289, 36.992369 ] ], [ [ -86.404289, 36.992369 ], [ -86.404302, 36.992478 ] ], [ [ -86.404302, 36.992478 ], [ -86.404338, 36.992687 ] ], [ [ -86.404338, 36.992687 ], [ -86.404343, 36.992831 ] ], [ [ -86.404343, 36.992831 ], [ -86.404341, 36.992884 ] ], [ [ -86.404341, 36.992884 ], [ -86.404336, 36.992954 ] ], [ [ -86.404336, 36.992954 ], [ -86.404326, 36.993006 ] ], [ [ -86.404326, 36.993006 ], [ -86.404307, 36.99308 ] ], [ [ -86.404307, 36.99308 ], [ -86.40414, 36.993468 ] ], [ [ -86.40414, 36.993468 ], [ -86.40399, 36.993953 ] ], [ [ -86.40399, 36.993953 ], [ -86.403885, 36.99428 ] ], [ [ -86.403885, 36.99428 ], [ -86.403819, 36.99445260000001 ] ], [ [ -86.403819, 36.99445260000001 ], [ -86.403814, 36.9944656 ] ], [ [ -86.403814, 36.9944656 ], [ -86.4034901, 36.9953129 ] ], [ [ -86.4034901, 36.9953129 ], [ -86.402772, 36.997053 ] ], [ [ -86.402772, 36.997053 ], [ -86.402727, 36.997142 ] ], [ [ -86.402727, 36.997142 ], [ -86.402689, 36.997228 ] ], [ [ -86.402689, 36.997228 ], [ -86.402657, 36.997313 ] ], [ [ -86.402657, 36.997313 ], [ -86.402638, 36.9974 ] ], [ [ -86.402638, 36.9974 ], [ -86.402631, 36.997483 ] ], [ [ -86.402631, 36.997483 ], [ -86.40263, 36.997554 ] ], [ [ -86.40263, 36.997554 ], [ -86.402646, 36.997638 ] ], [ [ -86.402646, 36.997638 ], [ -86.402665, 36.997704 ] ], [ [ -86.402665, 36.997704 ], [ -86.40269, 36.997764 ] ], [ [ -86.40269, 36.997764 ], [ -86.402719, 36.997817 ] ], [ [ -86.402719, 36.997817 ], [ -86.40275, 36.997863 ] ], [ [ -86.40275, 36.997863 ], [ -86.402781, 36.997904 ] ], [ [ -86.402781, 36.997904 ], [ -86.40281, 36.997938 ] ], [ [ -86.40281, 36.997938 ], [ -86.402845, 36.997974 ] ] ] } },
{ "type": "Feature", "properties": { "name": "Sherwood Drive", "highway": "residential", "length": 1627.0, "risk_tier": "moderate", "zone_type": "sinkhole" }, "geometry": { "type": "MultiLineString", "coordinates": [ [ [ -86.40214, 36.984427 ], [ -86.402193, 36.984402 ] ], [ [ -86.402193, 36.984402 ], [ -86.402266, 36.984369 ] ], [ [ -86.402266, 36.984369 ], [ -86.402357, 36.984331 ] ], [ [ -86.402357, 36.984331 ], [ -86.402463, 36.98429 ] ], [ [ -86.402463, 36.98429 ], [ -86.402578, 36.984253 ] ], [ [ -86.402578, 36.984253 ], [ -86.402697, 36.984223 ] ], [ [ -86.402697, 36.984223 ], [ -86.402818, 36.9842 ] ], [ [ -86.402818, 36.9842 ], [ -86.402944, 36.984183 ] ], [ [ -86.402944, 36.984183 ], [ -86.403074, 36.984174 ] ], [ [ -86.403074, 36.984174 ], [ -86.403213, 36.984173 ] ], [ [ -86.403213, 36.984173 ], [ -86.40368, 36.984176 ] ], [ [ -86.40368, 36.984176 ], [ -86.404006, 36.984185 ] ], [ [ -86.404006, 36.984185 ], [ -86.404179, 36.984189 ] ], [ [ -86.404179, 36.984189 ], [ -86.404357, 36.984192 ] ], [ [ -86.404357, 36.984192 ], [ -86.404896, 36.984211 ] ], [ [ -86.404896, 36.984211 ], [ -86.405983, 36.984248 ] ], [ [ -86.405983, 36.984248 ], [ -86.406363, 36.98425 ] ], [ [ -86.406363, 36.98425 ], [ -86.407114, 36.984261 ] ], [ [ -86.407114, 36.984261 ], [ -86.40729, 36.984266 ] ], [ [ -86.40729, 36.984266 ], [ -86.407429, 36.984269 ] ], [ [ -86.407429, 36.984269 ], [ -86.40777, 36.984276 ] ], [ [ -86.40777, 36.984276 ], [ -86.407918, 36.984278 ] ], [ [ -86.407918, 36.984278 ], [ -86.408069, 36.984278 ] ], [ [ -86.408069, 36.984278 ], [ -86.408209, 36.98428 ] ], [ [ -86.408209, 36.98428 ], [ -86.40872, 36.984291 ] ], [ [ -86.40872, 36.984291 ], [ -86.409049, 36.984297 ] ], [ [ -86.409049, 36.984297 ], [ -86.409232, 36.984298 ] ], [ [ -86.409232, 36.984298 ], [ -86.409287, 36.984299 ] ], [ [ -86.409287, 36.984299 ], [ -86.409749, 36.984322 ] ], [ [ -86.409749, 36.984322 ], [ -86.410062, 36.984329 ] ], [ [ -86.410062, 36.984329 ], [ -86.410231, 36.984332 ] ], [ [ -86.410231, 36.984332 ], [ -86.410396, 36.984338 ] ], [ [ -86.410396, 36.984338 ], [ -86.410723, 36.984348 ] ], [ [ -86.410723, 36.984348 ], [ -86.411182, 36.98436 ] ], [ [ -86.411182, 36.98436 ], [ -86.411445, 36.984369 ] ], [ [ -86.411445, 36.984369 ], [ -86.411566, 36.98437 ] ], [ [ -86.411566, 36.98437 ], [ -86.411775, 36.984378 ] ], [ [ -86.411775, 36.984378 ], [ -86.411975, 36.984382 ] ], [ [ -86.411975, 36.984382 ], [ -86.412124, 36.984384 ] ], [ [ -86.412124, 36.984384 ], [ -86.413779, 36.984415 ] ], [ [ -86.413779, 36.984415 ], [ -86.414045, 36.984421 ] ], [ [ -86.414045, 36.984421 ], [ -86.414274, 36.984437 ] ], [ [ -86.414274, 36.984437 ], [ -86.414373, 36.98446 ] ], [ [ -86.414373, 36.98446 ], [ -86.414454, 36.984499 ] ], [ [ -86.414454, 36.984499 ], [ -86.41454250000001, 36.9845603 ] ], [ [ -86.41454250000001, 36.9845603 ], [ -86.414619, 36.984692 ] ], [ [ -86.414619, 36.984692 ], [ -86.414662, 36.984772 ] ], [ [ -86.414662, 36.984772 ], [ -86.414695, 36.984866 ] ], [ [ -86.414695, 36.984866 ], [ -86.414798, 36.985247 ] ], [ [ -86.414798, 36.985247 ], [ -86.415035, 36.986058 ] ], [ [ -86.415035, 36.986058 ], [ -86.415365, 36.987112 ] ], [ [ -86.415365, 36.987112 ], [ -86.415812, 36.988603 ] ], [ [ -86.415812, 36.988603 ], [ -86.415825, 36.988653 ] ], [ [ -86.415825, 36.988653 ], [ -86.415864, 36.988792 ] ], [ [ -86.415864, 36.988792 ], [ -86.41588, 36.988861 ] ], [ [ -86.41588, 36.988861 ], [ -86.415897, 36.988965 ] ], [ [ -86.415897, 36.988965 ], [ -86.41591, 36.989057 ] ] ] } },
{ "type": "Feature", "properties": { "name": "Walkerhurst Way", "highway": "residential", "length": 409.0, "risk_tier": "moderate", "zone_type": "sinkhole" }, "geometry": { "type": "MultiLineString", "coordinates": [ [ [ -86.410924, 36.993683 ], [ -86.411739, 36.993722 ] ], [ [ -86.411739, 36.993722 ], [ -86.411921, 36.993724 ] ], [ [ -86.411921, 36.993724 ], [ -86.412048, 36.993723 ] ], [ [ -86.412048, 36.993723 ], [ -86.412111, 36.993717 ] ], [ [ -86.412111, 36.993717 ], [ -86.412172, 36.993703 ] ], [ [ -86.412172, 36.993703 ], [ -86.412204, 36.993691 ] ], [ [ -86.412204, 36.993691 ], [ -86.412232, 36.993676 ] ], [ [ -86.412232, 36.993676 ], [ -86.412255, 36.993655 ] ], [ [ -86.412255, 36.993655 ], [ -86.412272, 36.993634 ] ], [ [ -86.412272, 36.993634 ], [ -86.412289, 36.993605 ] ], [ [ -86.412289, 36.993605 ], [ -86.412296, 36.993581 ] ], [ [ -86.412296, 36.993581 ], [ -86.412309, 36.993524 ] ], [ [ -86.412309, 36.993524 ], [ -86.412318, 36.993467 ] ], [ [ -86.412318, 36.993467 ], [ -86.412328, 36.993411 ] ], [ [ -86.412328, 36.993411 ], [ -86.412347, 36.993356 ] ], [ [ -86.412347, 36.993356 ], [ -86.412374, 36.993304 ] ], [ [ -86.412374, 36.993304 ], [ -86.412411, 36.993256 ] ], [ [ -86.412411, 36.993256 ], [ -86.412446, 36.993223 ] ], [ [ -86.412446, 36.993223 ], [ -86.412492, 36.993186 ] ], [ [ -86.412492, 36.993186 ], [ -86.412538, 36.993159 ] ], [ [ -86.412538, 36.993159 ], [ -86.412578, 36.99314 ] ], [ [ -86.412578, 36.99314 ], [ -86.412636, 36.993119 ] ], [ [ -86.412636, 36.993119 ], [ -86.412688, 36.993106 ] ], [ [ -86.412688, 36.993106 ], [ -86.412802, 36.993104 ] ], [ [ -86.412802, 36.993104 ], [ -86.412858, 36.993112 ] ], [ [ -86.412858, 36.993112 ], [ -86.412909, 36.993123 ] ], [ [ -86.412909, 36.993123 ], [ -86.412957, 36.99314 ] ], [ [ -86.412957, 36.99314 ], [ -86.413009, 36.993164 ] ], [ [ -86.413009, 36.993164 ], [ -86.413058, 36.993193 ] ], [ [ -86.413058, 36.993193 ], [ -86.413101, 36.993232 ] ], [ [ -86.413101, 36.993232 ], [ -86.413136, 36.99327 ] ], [ [ -86.413136, 36.99327 ], [ -86.413153, 36.993295 ] ], [ [ -86.413153, 36.993295 ], [ -86.41317, 36.993329 ] ], [ [ -86.41317, 36.993329 ], [ -86.413196, 36.993399 ] ], [ [ -86.413196, 36.993399 ], [ -86.413212, 36.99346 ] ], [ [ -86.413212, 36.99346 ], [ -86.413214, 36.993492 ] ], [ [ -86.413214, 36.993492 ], [ -86.413214, 36.993521 ] ], [ [ -86.413214, 36.993521 ], [ -86.413223, 36.99363 ] ], [ [ -86.413223, 36.99363 ], [ -86.413226, 36.993684 ] ], [ [ -86.413226, 36.993684 ], [ -86.41323, 36.993737 ] ], [ [ -86.41323, 36.993737 ], [ -86.413236, 36.993788 ] ], [ [ -86.413236, 36.993788 ], [ -86.413255, 36.993886 ] ], [ [ -86.413255, 36.993886 ], [ -86.413267, 36.993934 ] ], [ [ -86.413267, 36.993934 ], [ -86.413305, 36.994077 ] ], [ [ -86.413305, 36.994077 ], [ -86.413315, 36.994125 ] ], [ [ -86.413315, 36.994125 ], [ -86.413334, 36.994225 ] ], [ [ -86.413334, 36.994225 ], [ -86.413367, 36.9944371 ] ], [ [ -86.413367, 36.9944371 ], [ -86.413318, 36.994726 ] ] ] } },
{ "type": "Feature", "properties": { "name": "Walkerhurst Way", "highway": "residential", "length": 409.0, "risk_tier": "moderate", "zone_type": "sinkhole" }, "geometry": { "type": "MultiLineString", "coordinates": [ [ [ -86.410924, 36.993683 ], [ -86.411739, 36.993722 ] ], [ [ -86.411739, 36.993722 ], [ -86.411921, 36.993724 ] ], [ [ -86.411921, 36.993724 ], [ -86.412048, 36.993723 ] ], [ [ -86.412048, 36.993723 ], [ -86.412111, 36.993717 ] ], [ [ -86.412111, 36.993717 ], [ -86.412172, 36.993703 ] ], [ [ -86.412172, 36.993703 ], [ -86.412204, 36.993691 ] ], [ [ -86.412204, 36.993691 ], [ -86.412232, 36.993676 ] ], [ [ -86.412232, 36.993676 ], [ -86.412255, 36.993655 ] ], [ [ -86.412255, 36.993655 ], [ -86.412272, 36.993634 ] ], [ [ -86.412272, 36.993634 ], [ -86.412289, 36.993605 ] ], [ [ -86.412289, 36.993605 ], [ -86.412296, 36.993581 ] ], [ [ -86.412296, 36.993581 ], [ -86.412309, 36.993524 ] ], [ [ -86.412309, 36.993524 ], [ -86.412318, 36.993467 ] ], [ [ -86.412318, 36.993467 ], [ -86.412328, 36.993411 ] ], [ [ -86.412328, 36.993411 ], [ -86.412347, 36.993356 ] ], [ [ -86.412347, 36.993356 ], [ -86.412374, 36.993304 ] ], [ [ -86.412374, 36.993304 ], [ -86.412411, 36.993256 ] ], [ [ -86.412411, 36.993256 ], [ -86.412446, 36.993223 ] ], [ [ -86.412446, 36.993223 ], [ -86.412492, 36.993186 ] ], [ [ -86.412492, 36.993186 ], [ -86.412538, 36.993159 ] ], [ [ -86.412538, 36.993159 ], [ -86.412578, 36.99314 ] ], [ [ -86.412578, 36.99314 ], [ -86.412636, 36.993119 ] ], [ [ -86.412636, 36.993119 ], [ -86.412688, 36.993106 ] ], [ [ -86.412688, 36.993106 ], [ -86.412802, 36.993104 ] ], [ [ -86.412802, 36.993104 ], [ -86.412858, 36.993112 ] ], [ [ -86.412858, 36.993112 ], [ -86.412909, 36.993123 ] ], [ [ -86.412909, 36.993123 ], [ -86.412957, 36.99314 ] ], [ [ -86.412957, 36.99314 ], [ -86.413009, 36.993164 ] ], [ [ -86.413009, 36.993164 ], [ -86.413058, 36.993193 ] ], [ [ -86.413058, 36.993193 ], [ -86.413101, 36.993232 ] ], [ [ -86.413101, 36.993232 ], [ -86.413136, 36.99327 ] ], [ [ -86.413136, 36.99327 ], [ -86.413153, 36.993295 ] ], [ [ -86.413153, 36.993295 ], [ -86.41317, 36.993329 ] ], [ [ -86.41317, 36.993329 ], [ -86.413196, 36.993399 ] ], [ [ -86.413196, 36.993399 ], [ -86.413212, 36.99346 ] ], [ [ -86.413212, 36.99346 ], [ -86.413214, 36.993492 ] ], [ [ -86.413214, 36.993492 ], [ -86.413214, 36.993521 ] ], [ [ -86.413214, 36.993521 ], [ -86.413223, 36.99363 ] ], [ [ -86.413223, 36.99363 ], [ -86.413226, 36.993684 ] ], [ [ -86.413226, 36.993684 ], [ -86.41323, 36.993737 ] ], [ [ -86.41323, 36.993737 ], [ -86.413236, 36.993788 ] ], [ [ -86.413236, 36.993788 ], [ -86.413255, 36.993886 ] ], [ [ -86.413255, 36.993886 ], [ -86.413267, 36.993934 ] ], [ [ -86.413267, 36.993934 ], [ -86.413305, 36.994077 ] ], [ [ -86.413305, 36.994077 ], [ -86.413315, 36.994125 ] ], [ [ -86.413315, 36.994125 ], [ -86.413334, 36.994225 ] ], [ [ -86.413334, 36.994225 ], [ -86.413367, 36.9944371 ] ], [ [ -86.413367, 36.9944371 ], [ -86.413318, 36.994726 ] ] ] } },
{ "type": "Feature", "properties": { "name": "Walkerhurst Way", "highway": "residential", "length": 409.0, "risk_tier": "moderate", "zone_type": "sinkhole" }, "geometry": { "type": "MultiLineString", "coordinates": [ [ [ -86.410924, 36.993683 ], [ -86.411739, 36.993722 ] ], [ [ -86.411739, 36.993722 ], [ -86.411921, 36.993724 ] ], [ [ -86.411921, 36.993724 ], [ -86.412048, 36.993723 ] ], [ [ -86.412048, 36.993723 ], [ -86.412111, 36.993717 ] ], [ [ -86.412111, 36.993717 ], [ -86.412172, 36.993703 ] ], [ [ -86.412172, 36.993703 ], [ -86.412204, 36.993691 ] ], [ [ -86.412204, 36.993691 ], [ -86.412232, 36.993676 ] ], [ [ -86.412232, 36.993676 ], [ -86.412255, 36.993655 ] ], [ [ -86.412255, 36.993655 ], [ -86.412272, 36.993634 ] ], [ [ -86.412272, 36.993634 ], [ -86.412289, 36.993605 ] ], [ [ -86.412289, 36.993605 ], [ -86.412296, 36.993581 ] ], [ [ -86.412296, 36.993581 ], [ -86.412309, 36.993524 ] ], [ [ -86.412309, 36.993524 ], [ -86.412318, 36.993467 ] ], [ [ -86.412318, 36.993467 ], [ -86.412328, 36.993411 ] ], [ [ -86.412328, 36.993411 ], [ -86.412347, 36.993356 ] ], [ [ -86.412347, 36.993356 ], [ -86.412374, 36.993304 ] ], [ [ -86.412374, 36.993304 ], [ -86.412411, 36.993256 ] ], [ [ -86.412411, 36.993256 ], [ -86.412446, 36.993223 ] ], [ [ -86.412446, 36.993223 ], [ -86.412492, 36.993186 ] ], [ [ -86.412492, 36.993186 ], [ -86.412538, 36.993159 ] ], [ [ -86.412538, 36.993159 ], [ -86.412578, 36.99314 ] ], [ [ -86.412578, 36.99314 ], [ -86.412636, 36.993119 ] ], [ [ -86.412636, 36.993119 ], [ -86.412688, 36.993106 ] ], [ [ -86.412688, 36.993106 ], [ -86.412802, 36.993104 ] ], [ [ -86.412802, 36.993104 ], [ -86.412858, 36.993112 ] ], [ [ -86.412858, 36.993112 ], [ -86.412909, 36.993123 ] ], [ [ -86.412909, 36.993123 ], [ -86.412957, 36.99314 ] ], [ [ -86.412957, 36.99314 ], [ -86.413009, 36.993164 ] ], [ [ -86.413009, 36.993164 ], [ -86.413058, 36.993193 ] ], [ [ -86.413058, 36.993193 ], [ -86.413101, 36.993232 ] ], [ [ -86.413101, 36.993232 ], [ -86.413136, 36.99327 ] ], [ [ -86.413136, 36.99327 ], [ -86.413153, 36.993295 ] ], [ [ -86.413153, 36.993295 ], [ -86.41317, 36.993329 ] ], [ [ -86.41317, 36.993329 ], [ -86.413196, 36.993399 ] ], [ [ -86.413196, 36.993399 ], [ -86.413212, 36.99346 ] ], [ [ -86.413212, 36.99346 ], [ -86.413214, 36.993492 ] ], [ [ -86.413214, 36.993492 ], [ -86.413214, 36.993521 ] ], [ [ -86.413214, 36.993521 ], [ -86.413223, 36.99363 ] ], [ [ -86.413223, 36.99363 ], [ -86.413226, 36.993684 ] ], [ [ -86.413226, 36.993684 ], [ -86.41323, 36.993737 ] ], [ [ -86.41323, 36.993737 ], [ -86.413236, 36.993788 ] ], [ [ -86.413236, 36.993788 ], [ -86.413255, 36.993886 ] ], [ [ -86.413255, 36.993886 ], [ -86.413267, 36.993934 ] ], [ [ -86.413267, 36.993934 ], [ -86.413305, 36.994077 ] ], [ [ -86.413305, 36.994077 ], [ -86.413315, 36.994125 ] ], [ [ -86.413315, 36.994125 ], [ -86.413334, 36.994225 ] ], [ [ -86.413334, 36.994225 ], [ -86.413367, 36.9944371 ] ], [ [ -86.413367, 36.9944371 ], [ -86.413318, 36.994726 ] ] ] } },
{ "type": "Feature", "properties": { "name": "Coastal Avenue", "highway": "residential", "length": 430.0, "risk_tier": "moderate", "zone_type": "sinkhole" }, "geometry": { "type": "MultiLineString", "coordinates": [ [ [ -86.3889797, 37.0041577 ], [ -86.3889566, 37.0038745 ] ], [ [ -86.3889566, 37.0038745 ], [ -86.3888966, 37.0036458 ] ], [ [ -86.3888966, 37.0036458 ], [ -86.3888181, 37.003502 ] ], [ [ -86.3888181, 37.003502 ], [ -86.3887211, 37.0034024 ] ], [ [ -86.3887211, 37.0034024 ], [ -86.388601, 37.003291700000013 ] ], [ [ -86.388601, 37.003291700000013 ], [ -86.3885001, 37.00323070000001 ] ], [ [ -86.3885001, 37.00323070000001 ], [ -86.3884486, 37.0031995 ] ], [ [ -86.3884486, 37.0031995 ], [ -86.388093, 37.0030962 ] ], [ [ -86.388093, 37.0030962 ], [ -86.3875665, 37.0029893 ] ], [ [ -86.3875665, 37.0029893 ], [ -86.3868783, 37.0028565 ] ], [ [ -86.3868783, 37.0028565 ], [ -86.3866705, 37.002812199999987 ] ], [ [ -86.3866705, 37.002812199999987 ], [ -86.3865273, 37.002756899999987 ] ], [ [ -86.3865273, 37.002756899999987 ], [ -86.3863703, 37.0026389 ] ], [ [ -86.3863703, 37.0026389 ], [ -86.3862225, 37.00248770000001 ] ], [ [ -86.3862225, 37.00248770000001 ], [ -86.3860978, 37.0023217 ] ], [ [ -86.3860978, 37.0023217 ], [ -86.38601, 37.0021926 ] ], [ [ -86.38601, 37.0021926 ], [ -86.385853, 37.002048699999989 ] ], [ [ -86.385853, 37.002048699999989 ], [ -86.385696, 37.0019492 ] ], [ [ -86.385696, 37.0019492 ], [ -86.3855774, 37.0018848 ] ] ] } },
{ "type": "Feature", "properties": { "name": "Conestoga Drive", "highway": "residential", "length": 234.0, "risk_tier": "moderate", "zone_type": "sinkhole" }, "geometry": { "type": "MultiLineString", "coordinates": [ [ [ -86.454614, 36.962866 ], [ -86.454599, 36.96294 ] ], [ [ -86.454599, 36.96294 ], [ -86.454573, 36.963062 ] ], [ [ -86.454573, 36.963062 ], [ -86.454545, 36.963154 ] ], [ [ -86.454545, 36.963154 ], [ -86.454461, 36.963388 ] ], [ [ -86.454461, 36.963388 ], [ -86.454403, 36.963536 ] ], [ [ -86.454403, 36.963536 ], [ -86.454244, 36.96403 ] ], [ [ -86.454244, 36.96403 ], [ -86.454215, 36.964138 ] ], [ [ -86.454215, 36.964138 ], [ -86.45418, 36.964249 ] ], [ [ -86.45418, 36.964249 ], [ -86.454072, 36.964576 ] ], [ [ -86.454072, 36.964576 ], [ -86.453964, 36.964902 ] ] ] } },
{ "type": "Feature", "properties": { "name": "Sternwheel Avenue", "highway": "residential", "length": 345.0, "risk_tier": "moderate", "zone_type": "sinkhole" }, "geometry": { "type": "MultiLineString", "coordinates": [ [ [ -86.3917888, 37.0045594 ], [ -86.3914598, 37.0044425 ] ], [ [ -86.3914598, 37.0044425 ], [ -86.39121040000002, 37.0043835 ] ], [ [ -86.39121040000002, 37.0043835 ], [ -86.3908918, 37.0043466 ] ], [ [ -86.3908918, 37.0043466 ], [ -86.3904392, 37.0042839 ] ], [ [ -86.3904392, 37.0042839 ], [ -86.3898932, 37.0042063 ] ], [ [ -86.3898932, 37.0042063 ], [ -86.389502, 37.0041462 ] ], [ [ -86.389502, 37.0041462 ], [ -86.3893461, 37.0041431 ] ], [ [ -86.3893461, 37.0041431 ], [ -86.3889797, 37.0041577 ] ], [ [ -86.3889797, 37.0041577 ], [ -86.3879705, 37.004223 ] ] ] } },
{ "type": "Feature", "properties": { "name": "Sternwheel Avenue", "highway": "residential", "length": 345.0, "risk_tier": "moderate", "zone_type": "sinkhole" }, "geometry": { "type": "MultiLineString", "coordinates": [ [ [ -86.3917888, 37.0045594 ], [ -86.3914598, 37.0044425 ] ], [ [ -86.3914598, 37.0044425 ], [ -86.39121040000002, 37.0043835 ] ], [ [ -86.39121040000002, 37.0043835 ], [ -86.3908918, 37.0043466 ] ], [ [ -86.3908918, 37.0043466 ], [ -86.3904392, 37.0042839 ] ], [ [ -86.3904392, 37.0042839 ], [ -86.3898932, 37.0042063 ] ], [ [ -86.3898932, 37.0042063 ], [ -86.389502, 37.0041462 ] ], [ [ -86.389502, 37.0041462 ], [ -86.3893461, 37.0041431 ] ], [ [ -86.3893461, 37.0041431 ], [ -86.3889797, 37.0041577 ] ], [ [ -86.3889797, 37.0041577 ], [ -86.3879705, 37.004223 ] ] ] } },
{ "type": "Feature", "properties": { "name": "Sternwheel Avenue", "highway": "residential", "length": 345.0, "risk_tier": "moderate", "zone_type": "sinkhole" }, "geometry": { "type": "MultiLineString", "coordinates": [ [ [ -86.3917888, 37.0045594 ], [ -86.3914598, 37.0044425 ] ], [ [ -86.3914598, 37.0044425 ], [ -86.39121040000002, 37.0043835 ] ], [ [ -86.39121040000002, 37.0043835 ], [ -86.3908918, 37.0043466 ] ], [ [ -86.3908918, 37.0043466 ], [ -86.3904392, 37.0042839 ] ], [ [ -86.3904392, 37.0042839 ], [ -86.3898932, 37.0042063 ] ], [ [ -86.3898932, 37.0042063 ], [ -86.389502, 37.0041462 ] ], [ [ -86.389502, 37.0041462 ], [ -86.3893461, 37.0041431 ] ], [ [ -86.3893461, 37.0041431 ], [ -86.3889797, 37.0041577 ] ], [ [ -86.3889797, 37.0041577 ], [ -86.3879705, 37.004223 ] ] ] } },
{ "type": "Feature", "properties": { "name": "Paddle Wheel Street", "highway": "residential", "length": 259.0, "risk_tier": "moderate", "zone_type": "sinkhole" }, "geometry": { "type": "MultiLineString", "coordinates": [ [ [ -86.3910149, 37.0062061 ], [ -86.391298800000015, 37.0057354 ] ], [ [ -86.391298800000015, 37.0057354 ], [ -86.3915099, 37.0053568 ] ], [ [ -86.3915099, 37.0053568 ], [ -86.3915796, 37.0051591 ] ], [ [ -86.3915796, 37.0051591 ], [ -86.3916492, 37.004952199999984 ] ], [ [ -86.3916492, 37.004952199999984 ], [ -86.3917381, 37.004668 ] ], [ [ -86.3917381, 37.004668 ], [ -86.3917888, 37.0045594 ] ], [ [ -86.3917888, 37.0045594 ], [ -86.3918232, 37.0044858 ] ], [ [ -86.3918232, 37.0044858 ], [ -86.391966300000021, 37.0043406 ] ], [ [ -86.391966300000021, 37.0043406 ], [ -86.3922022, 37.004109 ] ] ] } },
{ "type": "Feature", "properties": { "name": "Paddle Wheel Street", "highway": "residential", "length": 259.0, "risk_tier": "moderate", "zone_type": "sinkhole" }, "geometry": { "type": "MultiLineString", "coordinates": [ [ [ -86.3910149, 37.0062061 ], [ -86.391298800000015, 37.0057354 ] ], [ [ -86.391298800000015, 37.0057354 ], [ -86.3915099, 37.0053568 ] ], [ [ -86.3915099, 37.0053568 ], [ -86.3915796, 37.0051591 ] ], [ [ -86.3915796, 37.0051591 ], [ -86.3916492, 37.004952199999984 ] ], [ [ -86.3916492, 37.004952199999984 ], [ -86.3917381, 37.004668 ] ], [ [ -86.3917381, 37.004668 ], [ -86.3917888, 37.0045594 ] ], [ [ -86.3917888, 37.0045594 ], [ -86.3918232, 37.0044858 ] ], [ [ -86.3918232, 37.0044858 ], [ -86.391966300000021, 37.0043406 ] ], [ [ -86.391966300000021, 37.0043406 ], [ -86.3922022, 37.004109 ] ] ] } },
{ "type": "Feature", "properties": { "name": "Indian Hills Drive", "highway": "residential", "length": 1179.0, "risk_tier": "moderate", "zone_type": "sinkhole" }, "geometry": { "type": "MultiLineString", "coordinates": [ [ [ -86.4042742, 36.9877205 ], [ -86.4042036, 36.9878259 ] ], [ [ -86.4042036, 36.9878259 ], [ -86.4039686, 36.9881769 ] ], [ [ -86.4039686, 36.9881769 ], [ -86.403823800000012, 36.988548 ] ], [ [ -86.403823800000012, 36.988548 ], [ -86.403804, 36.989027 ] ], [ [ -86.403804, 36.989027 ], [ -86.403809, 36.989155 ] ], [ [ -86.403809, 36.989155 ], [ -86.403822, 36.989249 ] ], [ [ -86.403822, 36.989249 ], [ -86.403855, 36.989411 ] ], [ [ -86.403855, 36.989411 ], [ -86.403974, 36.990043 ] ], [ [ -86.403974, 36.990043 ], [ -86.404037, 36.990389 ] ], [ [ -86.404037, 36.990389 ], [ -86.4040651, 36.99060690000001 ] ], [ [ -86.4040651, 36.99060690000001 ], [ -86.404137, 36.991095 ] ], [ [ -86.404137, 36.991095 ], [ -86.404151, 36.991206 ] ], [ [ -86.404151, 36.991206 ], [ -86.404181, 36.991429 ] ], [ [ -86.404181, 36.991429 ], [ -86.404197, 36.991541 ] ], [ [ -86.404197, 36.991541 ], [ -86.404204, 36.991597 ] ], [ [ -86.404204, 36.991597 ], [ -86.404212, 36.991653 ] ], [ [ -86.404212, 36.991653 ], [ -86.404218, 36.991702 ] ], [ [ -86.404218, 36.991702 ], [ -86.404228, 36.991769 ] ], [ [ -86.404228, 36.991769 ], [ -86.404239, 36.99189 ] ], [ [ -86.404239, 36.99189 ], [ -86.404267, 36.992134 ] ], [ [ -86.404267, 36.992134 ], [ -86.404282, 36.992256 ] ], [ [ -86.404282, 36.992256 ], [ -86.404289, 36.992369 ] ], [ [ -86.404289, 36.992369 ], [ -86.404302, 36.992478 ] ], [ [ -86.404302, 36.992478 ], [ -86.404338, 36.992687 ] ], [ [ -86.404338, 36.992687 ], [ -86.404343, 36.992831 ] ], [ [ -86.404343, 36.992831 ], [ -86.404341, 36.992884 ] ], [ [ -86.404341, 36.992884 ], [ -86.404336, 36.992954 ] ], [ [ -86.404336, 36.992954 ], [ -86.404326, 36.993006 ] ], [ [ -86.404326, 36.993006 ], [ -86.404307, 36.99308 ] ], [ [ -86.404307, 36.99308 ], [ -86.40414, 36.993468 ] ], [ [ -86.40414, 36.993468 ], [ -86.40399, 36.993953 ] ], [ [ -86.40399, 36.993953 ], [ -86.403885, 36.99428 ] ], [ [ -86.403885, 36.99428 ], [ -86.403819, 36.99445260000001 ] ], [ [ -86.403819, 36.99445260000001 ], [ -86.403814, 36.9944656 ] ], [ [ -86.403814, 36.9944656 ], [ -86.4034901, 36.9953129 ] ], [ [ -86.4034901, 36.9953129 ], [ -86.402772, 36.997053 ] ], [ [ -86.402772, 36.997053 ], [ -86.402727, 36.997142 ] ], [ [ -86.402727, 36.997142 ], [ -86.402689, 36.997228 ] ], [ [ -86.402689, 36.997228 ], [ -86.402657, 36.997313 ] ], [ [ -86.402657, 36.997313 ], [ -86.402638, 36.9974 ] ], [ [ -86.402638, 36.9974 ], [ -86.402631, 36.997483 ] ], [ [ -86.402631, 36.997483 ], [ -86.40263, 36.997554 ] ], [ [ -86.40263, 36.997554 ], [ -86.402646, 36.997638 ] ], [ [ -86.402646, 36.997638 ], [ -86.402665, 36.997704 ] ], [ [ -86.402665, 36.997704 ], [ -86.40269, 36.997764 ] ], [ [ -86.40269, 36.997764 ], [ -86.402719, 36.997817 ] ], [ [ -86.402719, 36.997817 ], [ -86.40275, 36.997863 ] ], [ [ -86.40275, 36.997863 ], [ -86.402781, 36.997904 ] ], [ [ -86.402781, 36.997904 ], [ -86.40281, 36.997938 ] ], [ [ -86.40281, 36.997938 ], [ -86.402845, 36.997974 ] ] ] } },
{ "type": "Feature", "properties": { "name": "Indian Hills Drive", "highway": "residential", "length": 1179.0, "risk_tier": "moderate", "zone_type": "sinkhole" }, "geometry": { "type": "MultiLineString", "coordinates": [ [ [ -86.4042742, 36.9877205 ], [ -86.4042036, 36.9878259 ] ], [ [ -86.4042036, 36.9878259 ], [ -86.4039686, 36.9881769 ] ], [ [ -86.4039686, 36.9881769 ], [ -86.403823800000012, 36.988548 ] ], [ [ -86.403823800000012, 36.988548 ], [ -86.403804, 36.989027 ] ], [ [ -86.403804, 36.989027 ], [ -86.403809, 36.989155 ] ], [ [ -86.403809, 36.989155 ], [ -86.403822, 36.989249 ] ], [ [ -86.403822, 36.989249 ], [ -86.403855, 36.989411 ] ], [ [ -86.403855, 36.989411 ], [ -86.403974, 36.990043 ] ], [ [ -86.403974, 36.990043 ], [ -86.404037, 36.990389 ] ], [ [ -86.404037, 36.990389 ], [ -86.4040651, 36.99060690000001 ] ], [ [ -86.4040651, 36.99060690000001 ], [ -86.404137, 36.991095 ] ], [ [ -86.404137, 36.991095 ], [ -86.404151, 36.991206 ] ], [ [ -86.404151, 36.991206 ], [ -86.404181, 36.991429 ] ], [ [ -86.404181, 36.991429 ], [ -86.404197, 36.991541 ] ], [ [ -86.404197, 36.991541 ], [ -86.404204, 36.991597 ] ], [ [ -86.404204, 36.991597 ], [ -86.404212, 36.991653 ] ], [ [ -86.404212, 36.991653 ], [ -86.404218, 36.991702 ] ], [ [ -86.404218, 36.991702 ], [ -86.404228, 36.991769 ] ], [ [ -86.404228, 36.991769 ], [ -86.404239, 36.99189 ] ], [ [ -86.404239, 36.99189 ], [ -86.404267, 36.992134 ] ], [ [ -86.404267, 36.992134 ], [ -86.404282, 36.992256 ] ], [ [ -86.404282, 36.992256 ], [ -86.404289, 36.992369 ] ], [ [ -86.404289, 36.992369 ], [ -86.404302, 36.992478 ] ], [ [ -86.404302, 36.992478 ], [ -86.404338, 36.992687 ] ], [ [ -86.404338, 36.992687 ], [ -86.404343, 36.992831 ] ], [ [ -86.404343, 36.992831 ], [ -86.404341, 36.992884 ] ], [ [ -86.404341, 36.992884 ], [ -86.404336, 36.992954 ] ], [ [ -86.404336, 36.992954 ], [ -86.404326, 36.993006 ] ], [ [ -86.404326, 36.993006 ], [ -86.404307, 36.99308 ] ], [ [ -86.404307, 36.99308 ], [ -86.40414, 36.993468 ] ], [ [ -86.40414, 36.993468 ], [ -86.40399, 36.993953 ] ], [ [ -86.40399, 36.993953 ], [ -86.403885, 36.99428 ] ], [ [ -86.403885, 36.99428 ], [ -86.403819, 36.99445260000001 ] ], [ [ -86.403819, 36.99445260000001 ], [ -86.403814, 36.9944656 ] ], [ [ -86.403814, 36.9944656 ], [ -86.4034901, 36.9953129 ] ], [ [ -86.4034901, 36.9953129 ], [ -86.402772, 36.997053 ] ], [ [ -86.402772, 36.997053 ], [ -86.402727, 36.997142 ] ], [ [ -86.402727, 36.997142 ], [ -86.402689, 36.997228 ] ], [ [ -86.402689, 36.997228 ], [ -86.402657, 36.997313 ] ], [ [ -86.402657, 36.997313 ], [ -86.402638, 36.9974 ] ], [ [ -86.402638, 36.9974 ], [ -86.402631, 36.997483 ] ], [ [ -86.402631, 36.997483 ], [ -86.40263, 36.997554 ] ], [ [ -86.40263, 36.997554 ], [ -86.402646, 36.997638 ] ], [ [ -86.402646, 36.997638 ], [ -86.402665, 36.997704 ] ], [ [ -86.402665, 36.997704 ], [ -86.40269, 36.997764 ] ], [ [ -86.40269, 36.997764 ], [ -86.402719, 36.997817 ] ], [ [ -86.402719, 36.997817 ], [ -86.40275, 36.997863 ] ], [ [ -86.40275, 36.997863 ], [ -86.402781, 36.997904 ] ], [ [ -86.402781, 36.997904 ], [ -86.40281, 36.997938 ] ], [ [ -86.40281, 36.997938 ], [ -86.402845, 36.997974 ] ] ] } },
{ "type": "Feature", "properties": { "name": "Indian Hills Drive", "highway": "residential", "length": 1179.0, "risk_tier": "moderate", "zone_type": "sinkhole" }, "geometry": { "type": "MultiLineString", "coordinates": [ [ [ -86.4042742, 36.9877205 ], [ -86.4042036, 36.9878259 ] ], [ [ -86.4042036, 36.9878259 ], [ -86.4039686, 36.9881769 ] ], [ [ -86.4039686, 36.9881769 ], [ -86.403823800000012, 36.988548 ] ], [ [ -86.403823800000012, 36.988548 ], [ -86.403804, 36.989027 ] ], [ [ -86.403804, 36.989027 ], [ -86.403809, 36.989155 ] ], [ [ -86.403809, 36.989155 ], [ -86.403822, 36.989249 ] ], [ [ -86.403822, 36.989249 ], [ -86.403855, 36.989411 ] ], [ [ -86.403855, 36.989411 ], [ -86.403974, 36.990043 ] ], [ [ -86.403974, 36.990043 ], [ -86.404037, 36.990389 ] ], [ [ -86.404037, 36.990389 ], [ -86.4040651, 36.99060690000001 ] ], [ [ -86.4040651, 36.99060690000001 ], [ -86.404137, 36.991095 ] ], [ [ -86.404137, 36.991095 ], [ -86.404151, 36.991206 ] ], [ [ -86.404151, 36.991206 ], [ -86.404181, 36.991429 ] ], [ [ -86.404181, 36.991429 ], [ -86.404197, 36.991541 ] ], [ [ -86.404197, 36.991541 ], [ -86.404204, 36.991597 ] ], [ [ -86.404204, 36.991597 ], [ -86.404212, 36.991653 ] ], [ [ -86.404212, 36.991653 ], [ -86.404218, 36.991702 ] ], [ [ -86.404218, 36.991702 ], [ -86.404228, 36.991769 ] ], [ [ -86.404228, 36.991769 ], [ -86.404239, 36.99189 ] ], [ [ -86.404239, 36.99189 ], [ -86.404267, 36.992134 ] ], [ [ -86.404267, 36.992134 ], [ -86.404282, 36.992256 ] ], [ [ -86.404282, 36.992256 ], [ -86.404289, 36.992369 ] ], [ [ -86.404289, 36.992369 ], [ -86.404302, 36.992478 ] ], [ [ -86.404302, 36.992478 ], [ -86.404338, 36.992687 ] ], [ [ -86.404338, 36.992687 ], [ -86.404343, 36.992831 ] ], [ [ -86.404343, 36.992831 ], [ -86.404341, 36.992884 ] ], [ [ -86.404341, 36.992884 ], [ -86.404336, 36.992954 ] ], [ [ -86.404336, 36.992954 ], [ -86.404326, 36.993006 ] ], [ [ -86.404326, 36.993006 ], [ -86.404307, 36.99308 ] ], [ [ -86.404307, 36.99308 ], [ -86.40414, 36.993468 ] ], [ [ -86.40414, 36.993468 ], [ -86.40399, 36.993953 ] ], [ [ -86.40399, 36.993953 ], [ -86.403885, 36.99428 ] ], [ [ -86.403885, 36.99428 ], [ -86.403819, 36.99445260000001 ] ], [ [ -86.403819, 36.99445260000001 ], [ -86.403814, 36.9944656 ] ], [ [ -86.403814, 36.9944656 ], [ -86.4034901, 36.9953129 ] ], [ [ -86.4034901, 36.9953129 ], [ -86.402772, 36.997053 ] ], [ [ -86.402772, 36.997053 ], [ -86.402727, 36.997142 ] ], [ [ -86.402727, 36.997142 ], [ -86.402689, 36.997228 ] ], [ [ -86.402689, 36.997228 ], [ -86.402657, 36.997313 ] ], [ [ -86.402657, 36.997313 ], [ -86.402638, 36.9974 ] ], [ [ -86.402638, 36.9974 ], [ -86.402631, 36.997483 ] ], [ [ -86.402631, 36.997483 ], [ -86.40263, 36.997554 ] ], [ [ -86.40263, 36.997554 ], [ -86.402646, 36.997638 ] ], [ [ -86.402646, 36.997638 ], [ -86.402665, 36.997704 ] ], [ [ -86.402665, 36.997704 ], [ -86.40269, 36.997764 ] ], [ [ -86.40269, 36.997764 ], [ -86.402719, 36.997817 ] ], [ [ -86.402719, 36.997817 ], [ -86.40275, 36.997863 ] ], [ [ -86.40275, 36.997863 ], [ -86.402781, 36.997904 ] ], [ [ -86.402781, 36.997904 ], [ -86.40281, 36.997938 ] ], [ [ -86.40281, 36.997938 ], [ -86.402845, 36.997974 ] ] ] } },
{ "type": "Feature", "properties": { "name": "Indian Hills Drive", "highway": "residential", "length": 1179.0, "risk_tier": "moderate", "zone_type": "sinkhole" }, "geometry": { "type": "MultiLineString", "coordinates": [ [ [ -86.4042742, 36.9877205 ], [ -86.4042036, 36.9878259 ] ], [ [ -86.4042036, 36.9878259 ], [ -86.4039686, 36.9881769 ] ], [ [ -86.4039686, 36.9881769 ], [ -86.403823800000012, 36.988548 ] ], [ [ -86.403823800000012, 36.988548 ], [ -86.403804, 36.989027 ] ], [ [ -86.403804, 36.989027 ], [ -86.403809, 36.989155 ] ], [ [ -86.403809, 36.989155 ], [ -86.403822, 36.989249 ] ], [ [ -86.403822, 36.989249 ], [ -86.403855, 36.989411 ] ], [ [ -86.403855, 36.989411 ], [ -86.403974, 36.990043 ] ], [ [ -86.403974, 36.990043 ], [ -86.404037, 36.990389 ] ], [ [ -86.404037, 36.990389 ], [ -86.4040651, 36.99060690000001 ] ], [ [ -86.4040651, 36.99060690000001 ], [ -86.404137, 36.991095 ] ], [ [ -86.404137, 36.991095 ], [ -86.404151, 36.991206 ] ], [ [ -86.404151, 36.991206 ], [ -86.404181, 36.991429 ] ], [ [ -86.404181, 36.991429 ], [ -86.404197, 36.991541 ] ], [ [ -86.404197, 36.991541 ], [ -86.404204, 36.991597 ] ], [ [ -86.404204, 36.991597 ], [ -86.404212, 36.991653 ] ], [ [ -86.404212, 36.991653 ], [ -86.404218, 36.991702 ] ], [ [ -86.404218, 36.991702 ], [ -86.404228, 36.991769 ] ], [ [ -86.404228, 36.991769 ], [ -86.404239, 36.99189 ] ], [ [ -86.404239, 36.99189 ], [ -86.404267, 36.992134 ] ], [ [ -86.404267, 36.992134 ], [ -86.404282, 36.992256 ] ], [ [ -86.404282, 36.992256 ], [ -86.404289, 36.992369 ] ], [ [ -86.404289, 36.992369 ], [ -86.404302, 36.992478 ] ], [ [ -86.404302, 36.992478 ], [ -86.404338, 36.992687 ] ], [ [ -86.404338, 36.992687 ], [ -86.404343, 36.992831 ] ], [ [ -86.404343, 36.992831 ], [ -86.404341, 36.992884 ] ], [ [ -86.404341, 36.992884 ], [ -86.404336, 36.992954 ] ], [ [ -86.404336, 36.992954 ], [ -86.404326, 36.993006 ] ], [ [ -86.404326, 36.993006 ], [ -86.404307, 36.99308 ] ], [ [ -86.404307, 36.99308 ], [ -86.40414, 36.993468 ] ], [ [ -86.40414, 36.993468 ], [ -86.40399, 36.993953 ] ], [ [ -86.40399, 36.993953 ], [ -86.403885, 36.99428 ] ], [ [ -86.403885, 36.99428 ], [ -86.403819, 36.99445260000001 ] ], [ [ -86.403819, 36.99445260000001 ], [ -86.403814, 36.9944656 ] ], [ [ -86.403814, 36.9944656 ], [ -86.4034901, 36.9953129 ] ], [ [ -86.4034901, 36.9953129 ], [ -86.402772, 36.997053 ] ], [ [ -86.402772, 36.997053 ], [ -86.402727, 36.997142 ] ], [ [ -86.402727, 36.997142 ], [ -86.402689, 36.997228 ] ], [ [ -86.402689, 36.997228 ], [ -86.402657, 36.997313 ] ], [ [ -86.402657, 36.997313 ], [ -86.402638, 36.9974 ] ], [ [ -86.402638, 36.9974 ], [ -86.402631, 36.997483 ] ], [ [ -86.402631, 36.997483 ], [ -86.40263, 36.997554 ] ], [ [ -86.40263, 36.997554 ], [ -86.402646, 36.997638 ] ], [ [ -86.402646, 36.997638 ], [ -86.402665, 36.997704 ] ], [ [ -86.402665, 36.997704 ], [ -86.40269, 36.997764 ] ], [ [ -86.40269, 36.997764 ], [ -86.402719, 36.997817 ] ], [ [ -86.402719, 36.997817 ], [ -86.40275, 36.997863 ] ], [ [ -86.40275, 36.997863 ], [ -86.402781, 36.997904 ] ], [ [ -86.402781, 36.997904 ], [ -86.40281, 36.997938 ] ], [ [ -86.40281, 36.997938 ], [ -86.402845, 36.997974 ] ] ] } },
{ "type": "Feature", "properties": { "name": "South Ford Avenue", "highway": "residential", "length": 321.0, "risk_tier": "moderate", "zone_type": "sinkhole" }, "geometry": { "type": "MultiLineString", "coordinates": [ [ [ -86.394028600000013, 36.9837211 ], [ -86.3937337, 36.983663900000018 ] ], [ [ -86.3937337, 36.983663900000018 ], [ -86.3935621, 36.983625299999986 ] ], [ [ -86.3935621, 36.983625299999986 ], [ -86.393369, 36.9835782 ] ], [ [ -86.393369, 36.9835782 ], [ -86.3932295, 36.9834882 ] ], [ [ -86.3932295, 36.9834882 ], [ -86.3927574, 36.983214 ] ], [ [ -86.3927574, 36.983214 ], [ -86.392575, 36.983124 ] ], [ [ -86.392575, 36.983124 ], [ -86.3923712, 36.983059700000013 ] ], [ [ -86.3923712, 36.983059700000013 ], [ -86.392162, 36.9830083 ] ], [ [ -86.392162, 36.9830083 ], [ -86.3915976, 36.9829247 ] ], [ [ -86.3915976, 36.9829247 ], [ -86.391388400000011, 36.9828861 ] ], [ [ -86.391388400000011, 36.9828861 ], [ -86.3912232, 36.9828283 ] ], [ [ -86.3912232, 36.9828283 ], [ -86.3910998, 36.982746899999981 ] ], [ [ -86.3910998, 36.982746899999981 ], [ -86.3908163, 36.982538 ] ] ] } },
{ "type": "Feature", "properties": { "name": "South Ford Avenue", "highway": "residential", "length": 321.0, "risk_tier": "moderate", "zone_type": "sinkhole" }, "geometry": { "type": "MultiLineString", "coordinates": [ [ [ -86.394028600000013, 36.9837211 ], [ -86.3937337, 36.983663900000018 ] ], [ [ -86.3937337, 36.983663900000018 ], [ -86.3935621, 36.983625299999986 ] ], [ [ -86.3935621, 36.983625299999986 ], [ -86.393369, 36.9835782 ] ], [ [ -86.393369, 36.9835782 ], [ -86.3932295, 36.9834882 ] ], [ [ -86.3932295, 36.9834882 ], [ -86.3927574, 36.983214 ] ], [ [ -86.3927574, 36.983214 ], [ -86.392575, 36.983124 ] ], [ [ -86.392575, 36.983124 ], [ -86.3923712, 36.983059700000013 ] ], [ [ -86.3923712, 36.983059700000013 ], [ -86.392162, 36.9830083 ] ], [ [ -86.392162, 36.9830083 ], [ -86.3915976, 36.9829247 ] ], [ [ -86.3915976, 36.9829247 ], [ -86.391388400000011, 36.9828861 ] ], [ [ -86.391388400000011, 36.9828861 ], [ -86.3912232, 36.9828283 ] ], [ [ -86.3912232, 36.9828283 ], [ -86.3910998, 36.982746899999981 ] ], [ [ -86.3910998, 36.982746899999981 ], [ -86.3908163, 36.982538 ] ] ] } },
{ "type": "Feature", "properties": { "name": "Dunlaney Way", "highway": "residential", "length": 477.0, "risk_tier": "moderate", "zone_type": "sinkhole" }, "geometry": { "type": "MultiLineString", "coordinates": [ [ [ -86.399795, 37.0022 ], [ -86.400458, 37.002262 ] ], [ [ -86.400458, 37.002262 ], [ -86.40108, 37.002325 ] ], [ [ -86.40108, 37.002325 ], [ -86.4014545, 37.0023639 ] ], [ [ -86.4014545, 37.0023639 ], [ -86.4018569, 37.0023554 ] ], [ [ -86.4018569, 37.0023554 ], [ -86.4023814, 37.0022843 ] ], [ [ -86.4023814, 37.0022843 ], [ -86.4027742, 37.002231099999989 ] ], [ [ -86.4027742, 37.002231099999989 ], [ -86.4036325, 37.0020341 ] ], [ [ -86.4036325, 37.0020341 ], [ -86.4038113, 37.0019913 ] ], [ [ -86.4038113, 37.0019913 ], [ -86.404008, 37.0019441 ] ], [ [ -86.404008, 37.0019441 ], [ -86.4042279, 37.001905499999978 ] ], [ [ -86.4042279, 37.001905499999978 ], [ -86.404455, 37.00188 ] ], [ [ -86.404455, 37.00188 ], [ -86.404589, 37.001876 ] ], [ [ -86.404589, 37.001876 ], [ -86.404715, 37.001874 ] ], [ [ -86.404715, 37.001874 ], [ -86.404772, 37.001875 ] ], [ [ -86.404772, 37.001875 ], [ -86.405082, 37.001875 ] ] ] } },
{ "type": "Feature", "properties": { "name": "Talbott Drive", "highway": "residential", "length": 172.0, "risk_tier": "moderate", "zone_type": "sinkhole" }, "geometry": { "type": "MultiLineString", "coordinates": [ [ [ -86.4052169, 36.998126 ], [ -86.4052488, 36.998578 ] ], [ [ -86.4052488, 36.998578 ], [ -86.405272, 36.99884 ] ], [ [ -86.405272, 36.99884 ], [ -86.405282, 36.99891 ] ], [ [ -86.405282, 36.99891 ], [ -86.405294, 36.998979 ] ], [ [ -86.405294, 36.998979 ], [ -86.405319, 36.999064 ] ], [ [ -86.405319, 36.999064 ], [ -86.405363, 36.999189 ] ], [ [ -86.405363, 36.999189 ], [ -86.405387, 36.999264 ] ], [ [ -86.405387, 36.999264 ], [ -86.405414, 36.99934 ] ], [ [ -86.405414, 36.99934 ], [ -86.405444, 36.999418 ] ], [ [ -86.405444, 36.999418 ], [ -86.405474, 36.999493 ] ], [ [ -86.405474, 36.999493 ], [ -86.4055463, 36.999636800000012 ] ] ] } },
{ "type": "Feature", "properties": { "name": "Pontiac Way", "highway": "residential", "length": 329.0, "risk_tier": "moderate", "zone_type": "sinkhole" }, "geometry": { "type": "MultiLineString", "coordinates": [ [ [ -86.407553, 36.993107 ], [ -86.406259, 36.993078 ] ], [ [ -86.406259, 36.993078 ], [ -86.406114, 36.993075 ] ], [ [ -86.406114, 36.993075 ], [ -86.406022, 36.993087 ] ], [ [ -86.406022, 36.993087 ], [ -86.405938, 36.993102 ] ], [ [ -86.405938, 36.993102 ], [ -86.40586, 36.993124 ] ], [ [ -86.40586, 36.993124 ], [ -86.405612, 36.993221 ] ], [ [ -86.405612, 36.993221 ], [ -86.405582, 36.993239 ] ], [ [ -86.405582, 36.993239 ], [ -86.40554, 36.993262 ] ], [ [ -86.40554, 36.993262 ], [ -86.405473, 36.993309 ] ], [ [ -86.405473, 36.993309 ], [ -86.405413, 36.993359 ] ], [ [ -86.405413, 36.993359 ], [ -86.405358, 36.993414 ] ], [ [ -86.405358, 36.993414 ], [ -86.405263, 36.993533 ] ], [ [ -86.405263, 36.993533 ], [ -86.405224, 36.993595 ] ], [ [ -86.405224, 36.993595 ], [ -86.405191, 36.993659 ] ], [ [ -86.405191, 36.993659 ], [ -86.405163, 36.993729 ] ], [ [ -86.405163, 36.993729 ], [ -86.405086, 36.99395 ] ], [ [ -86.405086, 36.99395 ], [ -86.40504, 36.99409 ] ], [ [ -86.40504, 36.99409 ], [ -86.40492, 36.994445 ] ] ] } },
{ "type": "Feature", "properties": { "name": "Pontiac Way", "highway": "residential", "length": 329.0, "risk_tier": "moderate", "zone_type": "sinkhole" }, "geometry": { "type": "MultiLineString", "coordinates": [ [ [ -86.407553, 36.993107 ], [ -86.406259, 36.993078 ] ], [ [ -86.406259, 36.993078 ], [ -86.406114, 36.993075 ] ], [ [ -86.406114, 36.993075 ], [ -86.406022, 36.993087 ] ], [ [ -86.406022, 36.993087 ], [ -86.405938, 36.993102 ] ], [ [ -86.405938, 36.993102 ], [ -86.40586, 36.993124 ] ], [ [ -86.40586, 36.993124 ], [ -86.405612, 36.993221 ] ], [ [ -86.405612, 36.993221 ], [ -86.405582, 36.993239 ] ], [ [ -86.405582, 36.993239 ], [ -86.40554, 36.993262 ] ], [ [ -86.40554, 36.993262 ], [ -86.405473, 36.993309 ] ], [ [ -86.405473, 36.993309 ], [ -86.405413, 36.993359 ] ], [ [ -86.405413, 36.993359 ], [ -86.405358, 36.993414 ] ], [ [ -86.405358, 36.993414 ], [ -86.405263, 36.993533 ] ], [ [ -86.405263, 36.993533 ], [ -86.405224, 36.993595 ] ], [ [ -86.405224, 36.993595 ], [ -86.405191, 36.993659 ] ], [ [ -86.405191, 36.993659 ], [ -86.405163, 36.993729 ] ], [ [ -86.405163, 36.993729 ], [ -86.405086, 36.99395 ] ], [ [ -86.405086, 36.99395 ], [ -86.40504, 36.99409 ] ], [ [ -86.40504, 36.99409 ], [ -86.40492, 36.994445 ] ] ] } },
{ "type": "Feature", "properties": { "name": "Pontiac Way", "highway": "residential", "length": 329.0, "risk_tier": "moderate", "zone_type": "sinkhole" }, "geometry": { "type": "MultiLineString", "coordinates": [ [ [ -86.407553, 36.993107 ], [ -86.406259, 36.993078 ] ], [ [ -86.406259, 36.993078 ], [ -86.406114, 36.993075 ] ], [ [ -86.406114, 36.993075 ], [ -86.406022, 36.993087 ] ], [ [ -86.406022, 36.993087 ], [ -86.405938, 36.993102 ] ], [ [ -86.405938, 36.993102 ], [ -86.40586, 36.993124 ] ], [ [ -86.40586, 36.993124 ], [ -86.405612, 36.993221 ] ], [ [ -86.405612, 36.993221 ], [ -86.405582, 36.993239 ] ], [ [ -86.405582, 36.993239 ], [ -86.40554, 36.993262 ] ], [ [ -86.40554, 36.993262 ], [ -86.405473, 36.993309 ] ], [ [ -86.405473, 36.993309 ], [ -86.405413, 36.993359 ] ], [ [ -86.405413, 36.993359 ], [ -86.405358, 36.993414 ] ], [ [ -86.405358, 36.993414 ], [ -86.405263, 36.993533 ] ], [ [ -86.405263, 36.993533 ], [ -86.405224, 36.993595 ] ], [ [ -86.405224, 36.993595 ], [ -86.405191, 36.993659 ] ], [ [ -86.405191, 36.993659 ], [ -86.405163, 36.993729 ] ], [ [ -86.405163, 36.993729 ], [ -86.405086, 36.99395 ] ], [ [ -86.405086, 36.99395 ], [ -86.40504, 36.99409 ] ], [ [ -86.40504, 36.99409 ], [ -86.40492, 36.994445 ] ] ] } },
{ "type": "Feature", "properties": { "name": "Corvette Drive", "highway": "tertiary", "length": 1651.0, "risk_tier": "moderate", "zone_type": "sinkhole" }, "geometry": { "type": "MultiLineString", "coordinates": [ [ [ -86.3802655, 36.9991616 ], [ -86.3800766, 36.9994414 ] ], [ [ -86.3800766, 36.9994414 ], [ -86.3797308, 36.999953599999976 ] ], [ [ -86.3797308, 36.999953599999976 ], [ -86.3796835, 37.0000241 ] ], [ [ -86.3796835, 37.0000241 ], [ -86.3796178, 37.0000928 ] ], [ [ -86.3796178, 37.0000928 ], [ -86.3795405, 37.000161899999981 ] ], [ [ -86.3795405, 37.000161899999981 ], [ -86.3794334, 37.000236 ] ], [ [ -86.3794334, 37.000236 ], [ -86.3793391, 37.000285 ] ], [ [ -86.3793391, 37.000285 ], [ -86.3792428, 37.0003229 ] ], [ [ -86.3792428, 37.0003229 ], [ -86.3791338, 37.0003561 ] ], [ [ -86.3791338, 37.0003561 ], [ -86.3790218, 37.0003814 ] ], [ [ -86.3790218, 37.0003814 ], [ -86.3788961, 37.0003954 ] ], [ [ -86.3788961, 37.0003954 ], [ -86.37876, 37.000402400000013 ] ], [ [ -86.37876, 37.000402400000013 ], [ -86.3785179, 37.0004004 ] ], [ [ -86.3785179, 37.0004004 ], [ -86.378234, 37.000398 ] ], [ [ -86.378234, 37.000398 ], [ -86.378137, 37.000402 ] ], [ [ -86.378137, 37.000402 ], [ -86.378015, 37.000411 ] ], [ [ -86.378015, 37.000411 ], [ -86.377896, 37.00043 ] ], [ [ -86.377896, 37.00043 ], [ -86.377781, 37.000459 ] ], [ [ -86.377781, 37.000459 ], [ -86.377671, 37.000497 ] ], [ [ -86.377671, 37.000497 ], [ -86.377567, 37.000547 ] ], [ [ -86.377567, 37.000547 ], [ -86.377473, 37.000606 ] ], [ [ -86.377473, 37.000606 ], [ -86.377388, 37.000675 ] ], [ [ -86.377388, 37.000675 ], [ -86.377312, 37.000752 ] ], [ [ -86.377312, 37.000752 ], [ -86.377244, 37.000836 ] ], [ [ -86.377244, 37.000836 ], [ -86.377197, 37.000927 ] ], [ [ -86.377197, 37.000927 ], [ -86.377158, 37.001021 ] ], [ [ -86.377158, 37.001021 ], [ -86.377131, 37.001119 ] ], [ [ -86.377131, 37.001119 ], [ -86.37712, 37.0012136 ] ], [ [ -86.37712, 37.0012136 ], [ -86.3771124, 37.0013495 ] ], [ [ -86.3771124, 37.0013495 ], [ -86.3770916, 37.0017239 ] ], [ [ -86.3770916, 37.0017239 ], [ -86.3770739, 37.0020857 ] ], [ [ -86.3770739, 37.0020857 ], [ -86.37705990000002, 37.0021854 ] ], [ [ -86.37705990000002, 37.0021854 ], [ -86.37704220000002, 37.0022714 ] ], [ [ -86.37704220000002, 37.0022714 ], [ -86.3770125, 37.0023595 ] ], [ [ -86.3770125, 37.0023595 ], [ -86.3769652, 37.0024382 ] ], [ [ -86.3769652, 37.0024382 ], [ -86.3768995, 37.002529 ] ], [ [ -86.3768995, 37.002529 ], [ -86.3768275, 37.002604199999986 ] ], [ [ -86.3768275, 37.002604199999986 ], [ -86.376719, 37.0026959 ] ], [ [ -86.376719, 37.0026959 ], [ -86.3766151, 37.0027656 ] ], [ [ -86.3766151, 37.0027656 ], [ -86.3765009, 37.0028131 ] ], [ [ -86.3765009, 37.0028131 ], [ -86.3763681, 37.0028538 ] ], [ [ -86.3763681, 37.0028538 ], [ -86.3762318, 37.0028886 ] ], [ [ -86.3762318, 37.0028886 ], [ -86.3760468, 37.0029136 ] ], [ [ -86.3760468, 37.0029136 ], [ -86.375587, 37.0029568 ] ], [ [ -86.375587, 37.0029568 ], [ -86.3753985, 37.0029576 ] ], [ [ -86.3753985, 37.0029576 ], [ -86.3752434, 37.0029495 ] ], [ [ -86.3752434, 37.0029495 ], [ -86.3750643, 37.0029323 ] ], [ [ -86.3750643, 37.0029323 ], [ -86.3745943, 37.0028788 ] ], [ [ -86.3745943, 37.0028788 ], [ -86.374332, 37.002849 ] ], [ [ -86.374332, 37.002849 ], [ -86.374188, 37.002843 ] ], [ [ -86.374188, 37.002843 ], [ -86.374045, 37.002851 ] ], [ [ -86.374045, 37.002851 ], [ -86.373905, 37.002873 ] ], [ [ -86.373905, 37.002873 ], [ -86.373767, 37.002908 ] ], [ [ -86.373767, 37.002908 ], [ -86.3736141, 37.002971399999979 ] ], [ [ -86.3736141, 37.002971399999979 ], [ -86.373518, 37.003026 ] ], [ [ -86.373518, 37.003026 ], [ -86.3734056, 37.003114499999988 ] ], [ [ -86.3734056, 37.003114499999988 ], [ -86.37246, 37.00409 ] ], [ [ -86.37246, 37.00409 ], [ -86.3721948, 37.0043779 ] ], [ [ -86.3721948, 37.0043779 ], [ -86.3721262, 37.0044592 ] ], [ [ -86.3721262, 37.0044592 ], [ -86.3720689, 37.0045508 ] ], [ [ -86.3720689, 37.0045508 ], [ -86.3720273, 37.0046441 ] ], [ [ -86.3720273, 37.0046441 ], [ -86.372006, 37.00472 ] ], [ [ -86.372006, 37.00472 ], [ -86.371994, 37.004833 ] ], [ [ -86.371994, 37.004833 ], [ -86.371997, 37.004945 ] ], [ [ -86.371997, 37.004945 ], [ -86.372006, 37.005006 ] ], [ [ -86.372006, 37.005006 ], [ -86.372019, 37.005056 ] ], [ [ -86.372019, 37.005056 ], [ -86.372063, 37.0051708 ] ], [ [ -86.372063, 37.0051708 ], [ -86.3721264, 37.005276699999989 ] ], [ [ -86.3721264, 37.005276699999989 ], [ -86.3722041, 37.0053706 ] ], [ [ -86.3722041, 37.0053706 ], [ -86.3722851, 37.005445 ] ], [ [ -86.3722851, 37.005445 ], [ -86.3723575, 37.0054987 ] ], [ [ -86.3723575, 37.0054987 ], [ -86.372449, 37.0055565 ] ], [ [ -86.372449, 37.0055565 ], [ -86.3725954, 37.0056237 ] ], [ [ -86.3725954, 37.0056237 ], [ -86.3727448, 37.0056619 ] ], [ [ -86.3727448, 37.0056619 ], [ -86.3728994, 37.0056889 ] ], [ [ -86.3728994, 37.0056889 ], [ -86.37405960000001, 37.0058325 ] ], [ [ -86.37405960000001, 37.0058325 ], [ -86.3742034, 37.005857 ] ], [ [ -86.3742034, 37.005857 ], [ -86.3743068, 37.0058824 ] ], [ [ -86.3743068, 37.0058824 ], [ -86.3744186, 37.0059251 ] ], [ [ -86.3744186, 37.0059251 ], [ -86.3746133, 37.0060364 ] ], [ [ -86.3746133, 37.0060364 ], [ -86.3746974, 37.0061028 ] ], [ [ -86.3746974, 37.0061028 ], [ -86.3747615, 37.0061653 ] ], [ [ -86.3747615, 37.0061653 ], [ -86.3748203, 37.0062409 ] ], [ [ -86.3748203, 37.0062409 ], [ -86.3748756, 37.0063312 ] ], [ [ -86.3748756, 37.0063312 ], [ -86.3749227, 37.006431 ] ], [ [ -86.3749227, 37.006431 ], [ -86.3749518, 37.006547 ] ], [ [ -86.3749518, 37.006547 ], [ -86.3749619, 37.0066654 ] ], [ [ -86.3749619, 37.0066654 ], [ -86.374953, 37.0067661 ] ], [ [ -86.374953, 37.0067661 ], [ -86.3749307, 37.0068532 ] ], [ [ -86.3749307, 37.0068532 ], [ -86.374901900000012, 37.0069268 ] ], [ [ -86.374901900000012, 37.0069268 ], [ -86.3748847, 37.0069705 ] ], [ [ -86.3748847, 37.0069705 ], [ -86.3748472, 37.007036 ] ], [ [ -86.3748472, 37.007036 ], [ -86.374747, 37.0072112 ] ], [ [ -86.374747, 37.0072112 ], [ -86.3746973, 37.007298099999986 ] ], [ [ -86.3746973, 37.007298099999986 ], [ -86.3745615, 37.0075356 ] ], [ [ -86.3745615, 37.0075356 ], [ -86.3743898, 37.0078373 ] ], [ [ -86.3743898, 37.0078373 ], [ -86.374299, 37.007991 ] ] ] } },
{ "type": "Feature", "properties": { "name": "Ewing Ford Road", "highway": "residential", "length": 2321.0, "risk_tier": "moderate", "zone_type": "sinkhole" }, "geometry": { "type": "MultiLineString", "coordinates": [ [ [ -86.393595, 36.980082 ], [ -86.3932579, 36.9804067 ] ], [ [ -86.3932579, 36.9804067 ], [ -86.393061, 36.980636 ] ], [ [ -86.393061, 36.980636 ], [ -86.393001, 36.980689 ] ], [ [ -86.393001, 36.980689 ], [ -86.392942, 36.980743 ] ], [ [ -86.392942, 36.980743 ], [ -86.392721, 36.980929 ] ], [ [ -86.392721, 36.980929 ], [ -86.392563, 36.981065 ] ], [ [ -86.392563, 36.981065 ], [ -86.392373, 36.981214 ] ], [ [ -86.392373, 36.981214 ], [ -86.392121, 36.981414 ] ], [ [ -86.392121, 36.981414 ], [ -86.392038, 36.98149 ] ], [ [ -86.392038, 36.98149 ], [ -86.391863, 36.981643 ] ], [ [ -86.391863, 36.981643 ], [ -86.391595, 36.981887 ] ], [ [ -86.391595, 36.981887 ], [ -86.39112, 36.982292 ] ], [ [ -86.39112, 36.982292 ], [ -86.3908163, 36.982538 ] ], [ [ -86.3908163, 36.982538 ], [ -86.390357, 36.982928 ] ], [ [ -86.390357, 36.982928 ], [ -86.390274, 36.983003 ] ], [ [ -86.390274, 36.983003 ], [ -86.390189, 36.983076 ] ], [ [ -86.390189, 36.983076 ], [ -86.390015, 36.983229 ] ], [ [ -86.390015, 36.983229 ], [ -86.38984, 36.983371 ] ], [ [ -86.38984, 36.983371 ], [ -86.389677, 36.983508 ] ], [ [ -86.389677, 36.983508 ], [ -86.389356, 36.983765 ] ], [ [ -86.389356, 36.983765 ], [ -86.389205, 36.983892 ] ], [ [ -86.389205, 36.983892 ], [ -86.389007, 36.984071 ] ], [ [ -86.389007, 36.984071 ], [ -86.388949, 36.984128 ] ], [ [ -86.388949, 36.984128 ], [ -86.388895, 36.984186 ] ], [ [ -86.388895, 36.984186 ], [ -86.388844, 36.984245 ] ], [ [ -86.388844, 36.984245 ], [ -86.388798, 36.984304 ] ], [ [ -86.388798, 36.984304 ], [ -86.388759, 36.98436 ] ], [ [ -86.388759, 36.98436 ], [ -86.388726, 36.984419 ] ], [ [ -86.388726, 36.984419 ], [ -86.388691, 36.984474 ] ], [ [ -86.388691, 36.984474 ], [ -86.388662, 36.984529 ] ], [ [ -86.388662, 36.984529 ], [ -86.388633, 36.984581 ] ], [ [ -86.388633, 36.984581 ], [ -86.388608, 36.98463 ] ], [ [ -86.388608, 36.98463 ], [ -86.388586, 36.984676 ] ], [ [ -86.388586, 36.984676 ], [ -86.388566, 36.984721 ] ], [ [ -86.388566, 36.984721 ], [ -86.388465, 36.984965 ] ], [ [ -86.388465, 36.984965 ], [ -86.388456, 36.985021 ] ], [ [ -86.388456, 36.985021 ], [ -86.388455, 36.985076 ] ], [ [ -86.388455, 36.985076 ], [ -86.388455, 36.985133 ] ], [ [ -86.388455, 36.985133 ], [ -86.388462, 36.985188 ] ], [ [ -86.388462, 36.985188 ], [ -86.388472, 36.98524 ] ], [ [ -86.388472, 36.98524 ], [ -86.388484, 36.985289 ] ], [ [ -86.388484, 36.985289 ], [ -86.388501, 36.985332 ] ], [ [ -86.388501, 36.985332 ], [ -86.388544, 36.985419 ] ], [ [ -86.388544, 36.985419 ], [ -86.38857, 36.985468 ] ], [ [ -86.38857, 36.985468 ], [ -86.388627, 36.985559 ] ], [ [ -86.388627, 36.985559 ], [ -86.388677, 36.985621 ] ], [ [ -86.388677, 36.985621 ], [ -86.38871, 36.985654 ] ], [ [ -86.38871, 36.985654 ], [ -86.388755, 36.985688 ] ], [ [ -86.388755, 36.985688 ], [ -86.388827, 36.985729 ] ], [ [ -86.388827, 36.985729 ], [ -86.388892, 36.985759 ] ], [ [ -86.388892, 36.985759 ], [ -86.388963, 36.98578 ] ], [ [ -86.388963, 36.98578 ], [ -86.389059, 36.985801 ] ], [ [ -86.389059, 36.985801 ], [ -86.389276, 36.985842 ] ], [ [ -86.389276, 36.985842 ], [ -86.389329, 36.985851 ] ], [ [ -86.389329, 36.985851 ], [ -86.389824, 36.985905 ] ], [ [ -86.389824, 36.985905 ], [ -86.390069, 36.985942 ] ], [ [ -86.390069, 36.985942 ], [ -86.390382, 36.986 ] ], [ [ -86.390382, 36.986 ], [ -86.390603, 36.986032 ] ], [ [ -86.390603, 36.986032 ], [ -86.390819, 36.986062 ] ], [ [ -86.390819, 36.986062 ], [ -86.391065, 36.986103 ] ], [ [ -86.391065, 36.986103 ], [ -86.3918321, 36.9862281 ] ], [ [ -86.3918321, 36.9862281 ], [ -86.3922036, 36.9862887 ] ], [ [ -86.3922036, 36.9862887 ], [ -86.392806, 36.986387 ] ], [ [ -86.392806, 36.986387 ], [ -86.3930449, 36.9864239 ] ], [ [ -86.3930449, 36.9864239 ], [ -86.393467, 36.986489 ] ], [ [ -86.393467, 36.986489 ], [ -86.394397, 36.986627 ] ], [ [ -86.394397, 36.986627 ], [ -86.395255, 36.986759 ] ], [ [ -86.395255, 36.986759 ], [ -86.395566500000015, 36.9868106 ] ], [ [ -86.395566500000015, 36.9868106 ], [ -86.39604, 36.986889 ] ], [ [ -86.39604, 36.986889 ], [ -86.397594, 36.987119 ] ], [ [ -86.397594, 36.987119 ], [ -86.397873, 36.987159 ] ], [ [ -86.397873, 36.987159 ], [ -86.3978964, 36.9871625 ] ], [ [ -86.3978964, 36.9871625 ], [ -86.3985448, 36.9872585 ] ], [ [ -86.3985448, 36.9872585 ], [ -86.399007, 36.987327 ] ], [ [ -86.399007, 36.987327 ], [ -86.400295, 36.98757 ] ], [ [ -86.400295, 36.98757 ], [ -86.4004, 36.987591 ] ], [ [ -86.4004, 36.987591 ], [ -86.400503, 36.987608 ] ], [ [ -86.400503, 36.987608 ], [ -86.400614, 36.987625 ] ], [ [ -86.400614, 36.987625 ], [ -86.400726, 36.987644 ] ], [ [ -86.400726, 36.987644 ], [ -86.40078, 36.987652 ] ], [ [ -86.40078, 36.987652 ], [ -86.4009541, 36.9876812 ] ], [ [ -86.4009541, 36.9876812 ], [ -86.4013015, 36.9877396 ] ], [ [ -86.4013015, 36.9877396 ], [ -86.401429, 36.987761 ] ], [ [ -86.401429, 36.987761 ], [ -86.401719, 36.987804 ] ], [ [ -86.401719, 36.987804 ], [ -86.4018018, 36.9878183 ] ], [ [ -86.4018018, 36.9878183 ], [ -86.401944, 36.987843 ] ], [ [ -86.401944, 36.987843 ], [ -86.4020579, 36.987862599999985 ] ], [ [ -86.4020579, 36.987862599999985 ], [ -86.402385, 36.987919 ] ], [ [ -86.402385, 36.987919 ], [ -86.402792, 36.987985 ] ], [ [ -86.402792, 36.987985 ], [ -86.403101, 36.988037 ] ], [ [ -86.403101, 36.988037 ], [ -86.403385, 36.988086 ] ], [ [ -86.403385, 36.988086 ], [ -86.40384, 36.988158 ] ], [ [ -86.40384, 36.988158 ], [ -86.4039686, 36.9881769 ] ], [ [ -86.4039686, 36.9881769 ], [ -86.405024, 36.988332 ] ], [ [ -86.405024, 36.988332 ], [ -86.4052762, 36.9883743 ] ], [ [ -86.4052762, 36.9883743 ], [ -86.4053136, 36.988322599999989 ] ], [ [ -86.4053136, 36.988322599999989 ], [ -86.4053898, 36.9882171 ] ] ] } },
{ "type": "Feature", "properties": { "name": "Ewing Ford Road", "highway": "residential", "length": 2321.0, "risk_tier": "moderate", "zone_type": "sinkhole" }, "geometry": { "type": "MultiLineString", "coordinates": [ [ [ -86.393595, 36.980082 ], [ -86.3932579, 36.9804067 ] ], [ [ -86.3932579, 36.9804067 ], [ -86.393061, 36.980636 ] ], [ [ -86.393061, 36.980636 ], [ -86.393001, 36.980689 ] ], [ [ -86.393001, 36.980689 ], [ -86.392942, 36.980743 ] ], [ [ -86.392942, 36.980743 ], [ -86.392721, 36.980929 ] ], [ [ -86.392721, 36.980929 ], [ -86.392563, 36.981065 ] ], [ [ -86.392563, 36.981065 ], [ -86.392373, 36.981214 ] ], [ [ -86.392373, 36.981214 ], [ -86.392121, 36.981414 ] ], [ [ -86.392121, 36.981414 ], [ -86.392038, 36.98149 ] ], [ [ -86.392038, 36.98149 ], [ -86.391863, 36.981643 ] ], [ [ -86.391863, 36.981643 ], [ -86.391595, 36.981887 ] ], [ [ -86.391595, 36.981887 ], [ -86.39112, 36.982292 ] ], [ [ -86.39112, 36.982292 ], [ -86.3908163, 36.982538 ] ], [ [ -86.3908163, 36.982538 ], [ -86.390357, 36.982928 ] ], [ [ -86.390357, 36.982928 ], [ -86.390274, 36.983003 ] ], [ [ -86.390274, 36.983003 ], [ -86.390189, 36.983076 ] ], [ [ -86.390189, 36.983076 ], [ -86.390015, 36.983229 ] ], [ [ -86.390015, 36.983229 ], [ -86.38984, 36.983371 ] ], [ [ -86.38984, 36.983371 ], [ -86.389677, 36.983508 ] ], [ [ -86.389677, 36.983508 ], [ -86.389356, 36.983765 ] ], [ [ -86.389356, 36.983765 ], [ -86.389205, 36.983892 ] ], [ [ -86.389205, 36.983892 ], [ -86.389007, 36.984071 ] ], [ [ -86.389007, 36.984071 ], [ -86.388949, 36.984128 ] ], [ [ -86.388949, 36.984128 ], [ -86.388895, 36.984186 ] ], [ [ -86.388895, 36.984186 ], [ -86.388844, 36.984245 ] ], [ [ -86.388844, 36.984245 ], [ -86.388798, 36.984304 ] ], [ [ -86.388798, 36.984304 ], [ -86.388759, 36.98436 ] ], [ [ -86.388759, 36.98436 ], [ -86.388726, 36.984419 ] ], [ [ -86.388726, 36.984419 ], [ -86.388691, 36.984474 ] ], [ [ -86.388691, 36.984474 ], [ -86.388662, 36.984529 ] ], [ [ -86.388662, 36.984529 ], [ -86.388633, 36.984581 ] ], [ [ -86.388633, 36.984581 ], [ -86.388608, 36.98463 ] ], [ [ -86.388608, 36.98463 ], [ -86.388586, 36.984676 ] ], [ [ -86.388586, 36.984676 ], [ -86.388566, 36.984721 ] ], [ [ -86.388566, 36.984721 ], [ -86.388465, 36.984965 ] ], [ [ -86.388465, 36.984965 ], [ -86.388456, 36.985021 ] ], [ [ -86.388456, 36.985021 ], [ -86.388455, 36.985076 ] ], [ [ -86.388455, 36.985076 ], [ -86.388455, 36.985133 ] ], [ [ -86.388455, 36.985133 ], [ -86.388462, 36.985188 ] ], [ [ -86.388462, 36.985188 ], [ -86.388472, 36.98524 ] ], [ [ -86.388472, 36.98524 ], [ -86.388484, 36.985289 ] ], [ [ -86.388484, 36.985289 ], [ -86.388501, 36.985332 ] ], [ [ -86.388501, 36.985332 ], [ -86.388544, 36.985419 ] ], [ [ -86.388544, 36.985419 ], [ -86.38857, 36.985468 ] ], [ [ -86.38857, 36.985468 ], [ -86.388627, 36.985559 ] ], [ [ -86.388627, 36.985559 ], [ -86.388677, 36.985621 ] ], [ [ -86.388677, 36.985621 ], [ -86.38871, 36.985654 ] ], [ [ -86.38871, 36.985654 ], [ -86.388755, 36.985688 ] ], [ [ -86.388755, 36.985688 ], [ -86.388827, 36.985729 ] ], [ [ -86.388827, 36.985729 ], [ -86.388892, 36.985759 ] ], [ [ -86.388892, 36.985759 ], [ -86.388963, 36.98578 ] ], [ [ -86.388963, 36.98578 ], [ -86.389059, 36.985801 ] ], [ [ -86.389059, 36.985801 ], [ -86.389276, 36.985842 ] ], [ [ -86.389276, 36.985842 ], [ -86.389329, 36.985851 ] ], [ [ -86.389329, 36.985851 ], [ -86.389824, 36.985905 ] ], [ [ -86.389824, 36.985905 ], [ -86.390069, 36.985942 ] ], [ [ -86.390069, 36.985942 ], [ -86.390382, 36.986 ] ], [ [ -86.390382, 36.986 ], [ -86.390603, 36.986032 ] ], [ [ -86.390603, 36.986032 ], [ -86.390819, 36.986062 ] ], [ [ -86.390819, 36.986062 ], [ -86.391065, 36.986103 ] ], [ [ -86.391065, 36.986103 ], [ -86.3918321, 36.9862281 ] ], [ [ -86.3918321, 36.9862281 ], [ -86.3922036, 36.9862887 ] ], [ [ -86.3922036, 36.9862887 ], [ -86.392806, 36.986387 ] ], [ [ -86.392806, 36.986387 ], [ -86.3930449, 36.9864239 ] ], [ [ -86.3930449, 36.9864239 ], [ -86.393467, 36.986489 ] ], [ [ -86.393467, 36.986489 ], [ -86.394397, 36.986627 ] ], [ [ -86.394397, 36.986627 ], [ -86.395255, 36.986759 ] ], [ [ -86.395255, 36.986759 ], [ -86.395566500000015, 36.9868106 ] ], [ [ -86.395566500000015, 36.9868106 ], [ -86.39604, 36.986889 ] ], [ [ -86.39604, 36.986889 ], [ -86.397594, 36.987119 ] ], [ [ -86.397594, 36.987119 ], [ -86.397873, 36.987159 ] ], [ [ -86.397873, 36.987159 ], [ -86.3978964, 36.9871625 ] ], [ [ -86.3978964, 36.9871625 ], [ -86.3985448, 36.9872585 ] ], [ [ -86.3985448, 36.9872585 ], [ -86.399007, 36.987327 ] ], [ [ -86.399007, 36.987327 ], [ -86.400295, 36.98757 ] ], [ [ -86.400295, 36.98757 ], [ -86.4004, 36.987591 ] ], [ [ -86.4004, 36.987591 ], [ -86.400503, 36.987608 ] ], [ [ -86.400503, 36.987608 ], [ -86.400614, 36.987625 ] ], [ [ -86.400614, 36.987625 ], [ -86.400726, 36.987644 ] ], [ [ -86.400726, 36.987644 ], [ -86.40078, 36.987652 ] ], [ [ -86.40078, 36.987652 ], [ -86.4009541, 36.9876812 ] ], [ [ -86.4009541, 36.9876812 ], [ -86.4013015, 36.9877396 ] ], [ [ -86.4013015, 36.9877396 ], [ -86.401429, 36.987761 ] ], [ [ -86.401429, 36.987761 ], [ -86.401719, 36.987804 ] ], [ [ -86.401719, 36.987804 ], [ -86.4018018, 36.9878183 ] ], [ [ -86.4018018, 36.9878183 ], [ -86.401944, 36.987843 ] ], [ [ -86.401944, 36.987843 ], [ -86.4020579, 36.987862599999985 ] ], [ [ -86.4020579, 36.987862599999985 ], [ -86.402385, 36.987919 ] ], [ [ -86.402385, 36.987919 ], [ -86.402792, 36.987985 ] ], [ [ -86.402792, 36.987985 ], [ -86.403101, 36.988037 ] ], [ [ -86.403101, 36.988037 ], [ -86.403385, 36.988086 ] ], [ [ -86.403385, 36.988086 ], [ -86.40384, 36.988158 ] ], [ [ -86.40384, 36.988158 ], [ -86.4039686, 36.9881769 ] ], [ [ -86.4039686, 36.9881769 ], [ -86.405024, 36.988332 ] ], [ [ -86.405024, 36.988332 ], [ -86.4052762, 36.9883743 ] ], [ [ -86.4052762, 36.9883743 ], [ -86.4053136, 36.988322599999989 ] ], [ [ -86.4053136, 36.988322599999989 ], [ -86.4053898, 36.9882171 ] ] ] } },
{ "type": "Feature", "properties": { "name": "Ewing Ford Road", "highway": "residential", "length": 2321.0, "risk_tier": "moderate", "zone_type": "sinkhole" }, "geometry": { "type": "MultiLineString", "coordinates": [ [ [ -86.393595, 36.980082 ], [ -86.3932579, 36.9804067 ] ], [ [ -86.3932579, 36.9804067 ], [ -86.393061, 36.980636 ] ], [ [ -86.393061, 36.980636 ], [ -86.393001, 36.980689 ] ], [ [ -86.393001, 36.980689 ], [ -86.392942, 36.980743 ] ], [ [ -86.392942, 36.980743 ], [ -86.392721, 36.980929 ] ], [ [ -86.392721, 36.980929 ], [ -86.392563, 36.981065 ] ], [ [ -86.392563, 36.981065 ], [ -86.392373, 36.981214 ] ], [ [ -86.392373, 36.981214 ], [ -86.392121, 36.981414 ] ], [ [ -86.392121, 36.981414 ], [ -86.392038, 36.98149 ] ], [ [ -86.392038, 36.98149 ], [ -86.391863, 36.981643 ] ], [ [ -86.391863, 36.981643 ], [ -86.391595, 36.981887 ] ], [ [ -86.391595, 36.981887 ], [ -86.39112, 36.982292 ] ], [ [ -86.39112, 36.982292 ], [ -86.3908163, 36.982538 ] ], [ [ -86.3908163, 36.982538 ], [ -86.390357, 36.982928 ] ], [ [ -86.390357, 36.982928 ], [ -86.390274, 36.983003 ] ], [ [ -86.390274, 36.983003 ], [ -86.390189, 36.983076 ] ], [ [ -86.390189, 36.983076 ], [ -86.390015, 36.983229 ] ], [ [ -86.390015, 36.983229 ], [ -86.38984, 36.983371 ] ], [ [ -86.38984, 36.983371 ], [ -86.389677, 36.983508 ] ], [ [ -86.389677, 36.983508 ], [ -86.389356, 36.983765 ] ], [ [ -86.389356, 36.983765 ], [ -86.389205, 36.983892 ] ], [ [ -86.389205, 36.983892 ], [ -86.389007, 36.984071 ] ], [ [ -86.389007, 36.984071 ], [ -86.388949, 36.984128 ] ], [ [ -86.388949, 36.984128 ], [ -86.388895, 36.984186 ] ], [ [ -86.388895, 36.984186 ], [ -86.388844, 36.984245 ] ], [ [ -86.388844, 36.984245 ], [ -86.388798, 36.984304 ] ], [ [ -86.388798, 36.984304 ], [ -86.388759, 36.98436 ] ], [ [ -86.388759, 36.98436 ], [ -86.388726, 36.984419 ] ], [ [ -86.388726, 36.984419 ], [ -86.388691, 36.984474 ] ], [ [ -86.388691, 36.984474 ], [ -86.388662, 36.984529 ] ], [ [ -86.388662, 36.984529 ], [ -86.388633, 36.984581 ] ], [ [ -86.388633, 36.984581 ], [ -86.388608, 36.98463 ] ], [ [ -86.388608, 36.98463 ], [ -86.388586, 36.984676 ] ], [ [ -86.388586, 36.984676 ], [ -86.388566, 36.984721 ] ], [ [ -86.388566, 36.984721 ], [ -86.388465, 36.984965 ] ], [ [ -86.388465, 36.984965 ], [ -86.388456, 36.985021 ] ], [ [ -86.388456, 36.985021 ], [ -86.388455, 36.985076 ] ], [ [ -86.388455, 36.985076 ], [ -86.388455, 36.985133 ] ], [ [ -86.388455, 36.985133 ], [ -86.388462, 36.985188 ] ], [ [ -86.388462, 36.985188 ], [ -86.388472, 36.98524 ] ], [ [ -86.388472, 36.98524 ], [ -86.388484, 36.985289 ] ], [ [ -86.388484, 36.985289 ], [ -86.388501, 36.985332 ] ], [ [ -86.388501, 36.985332 ], [ -86.388544, 36.985419 ] ], [ [ -86.388544, 36.985419 ], [ -86.38857, 36.985468 ] ], [ [ -86.38857, 36.985468 ], [ -86.388627, 36.985559 ] ], [ [ -86.388627, 36.985559 ], [ -86.388677, 36.985621 ] ], [ [ -86.388677, 36.985621 ], [ -86.38871, 36.985654 ] ], [ [ -86.38871, 36.985654 ], [ -86.388755, 36.985688 ] ], [ [ -86.388755, 36.985688 ], [ -86.388827, 36.985729 ] ], [ [ -86.388827, 36.985729 ], [ -86.388892, 36.985759 ] ], [ [ -86.388892, 36.985759 ], [ -86.388963, 36.98578 ] ], [ [ -86.388963, 36.98578 ], [ -86.389059, 36.985801 ] ], [ [ -86.389059, 36.985801 ], [ -86.389276, 36.985842 ] ], [ [ -86.389276, 36.985842 ], [ -86.389329, 36.985851 ] ], [ [ -86.389329, 36.985851 ], [ -86.389824, 36.985905 ] ], [ [ -86.389824, 36.985905 ], [ -86.390069, 36.985942 ] ], [ [ -86.390069, 36.985942 ], [ -86.390382, 36.986 ] ], [ [ -86.390382, 36.986 ], [ -86.390603, 36.986032 ] ], [ [ -86.390603, 36.986032 ], [ -86.390819, 36.986062 ] ], [ [ -86.390819, 36.986062 ], [ -86.391065, 36.986103 ] ], [ [ -86.391065, 36.986103 ], [ -86.3918321, 36.9862281 ] ], [ [ -86.3918321, 36.9862281 ], [ -86.3922036, 36.9862887 ] ], [ [ -86.3922036, 36.9862887 ], [ -86.392806, 36.986387 ] ], [ [ -86.392806, 36.986387 ], [ -86.3930449, 36.9864239 ] ], [ [ -86.3930449, 36.9864239 ], [ -86.393467, 36.986489 ] ], [ [ -86.393467, 36.986489 ], [ -86.394397, 36.986627 ] ], [ [ -86.394397, 36.986627 ], [ -86.395255, 36.986759 ] ], [ [ -86.395255, 36.986759 ], [ -86.395566500000015, 36.9868106 ] ], [ [ -86.395566500000015, 36.9868106 ], [ -86.39604, 36.986889 ] ], [ [ -86.39604, 36.986889 ], [ -86.397594, 36.987119 ] ], [ [ -86.397594, 36.987119 ], [ -86.397873, 36.987159 ] ], [ [ -86.397873, 36.987159 ], [ -86.3978964, 36.9871625 ] ], [ [ -86.3978964, 36.9871625 ], [ -86.3985448, 36.9872585 ] ], [ [ -86.3985448, 36.9872585 ], [ -86.399007, 36.987327 ] ], [ [ -86.399007, 36.987327 ], [ -86.400295, 36.98757 ] ], [ [ -86.400295, 36.98757 ], [ -86.4004, 36.987591 ] ], [ [ -86.4004, 36.987591 ], [ -86.400503, 36.987608 ] ], [ [ -86.400503, 36.987608 ], [ -86.400614, 36.987625 ] ], [ [ -86.400614, 36.987625 ], [ -86.400726, 36.987644 ] ], [ [ -86.400726, 36.987644 ], [ -86.40078, 36.987652 ] ], [ [ -86.40078, 36.987652 ], [ -86.4009541, 36.9876812 ] ], [ [ -86.4009541, 36.9876812 ], [ -86.4013015, 36.9877396 ] ], [ [ -86.4013015, 36.9877396 ], [ -86.401429, 36.987761 ] ], [ [ -86.401429, 36.987761 ], [ -86.401719, 36.987804 ] ], [ [ -86.401719, 36.987804 ], [ -86.4018018, 36.9878183 ] ], [ [ -86.4018018, 36.9878183 ], [ -86.401944, 36.987843 ] ], [ [ -86.401944, 36.987843 ], [ -86.4020579, 36.987862599999985 ] ], [ [ -86.4020579, 36.987862599999985 ], [ -86.402385, 36.987919 ] ], [ [ -86.402385, 36.987919 ], [ -86.402792, 36.987985 ] ], [ [ -86.402792, 36.987985 ], [ -86.403101, 36.988037 ] ], [ [ -86.403101, 36.988037 ], [ -86.403385, 36.988086 ] ], [ [ -86.403385, 36.988086 ], [ -86.40384, 36.988158 ] ], [ [ -86.40384, 36.988158 ], [ -86.4039686, 36.9881769 ] ], [ [ -86.4039686, 36.9881769 ], [ -86.405024, 36.988332 ] ], [ [ -86.405024, 36.988332 ], [ -86.4052762, 36.9883743 ] ], [ [ -86.4052762, 36.9883743 ], [ -86.4053136, 36.988322599999989 ] ], [ [ -86.4053136, 36.988322599999989 ], [ -86.4053898, 36.9882171 ] ] ] } },
{ "type": "Feature", "properties": { "name": "Paddle Wheel Street", "highway": "residential", "length": 259.0, "risk_tier": "moderate", "zone_type": "sinkhole" }, "geometry": { "type": "MultiLineString", "coordinates": [ [ [ -86.3910149, 37.0062061 ], [ -86.391298800000015, 37.0057354 ] ], [ [ -86.391298800000015, 37.0057354 ], [ -86.3915099, 37.0053568 ] ], [ [ -86.3915099, 37.0053568 ], [ -86.3915796, 37.0051591 ] ], [ [ -86.3915796, 37.0051591 ], [ -86.3916492, 37.004952199999984 ] ], [ [ -86.3916492, 37.004952199999984 ], [ -86.3917381, 37.004668 ] ], [ [ -86.3917381, 37.004668 ], [ -86.3917888, 37.0045594 ] ], [ [ -86.3917888, 37.0045594 ], [ -86.3918232, 37.0044858 ] ], [ [ -86.3918232, 37.0044858 ], [ -86.391966300000021, 37.0043406 ] ], [ [ -86.391966300000021, 37.0043406 ], [ -86.3922022, 37.004109 ] ] ] } },
{ "type": "Feature", "properties": { "name": "Paddle Wheel Street", "highway": "residential", "length": 259.0, "risk_tier": "moderate", "zone_type": "sinkhole" }, "geometry": { "type": "MultiLineString", "coordinates": [ [ [ -86.3910149, 37.0062061 ], [ -86.391298800000015, 37.0057354 ] ], [ [ -86.391298800000015, 37.0057354 ], [ -86.3915099, 37.0053568 ] ], [ [ -86.3915099, 37.0053568 ], [ -86.3915796, 37.0051591 ] ], [ [ -86.3915796, 37.0051591 ], [ -86.3916492, 37.004952199999984 ] ], [ [ -86.3916492, 37.004952199999984 ], [ -86.3917381, 37.004668 ] ], [ [ -86.3917381, 37.004668 ], [ -86.3917888, 37.0045594 ] ], [ [ -86.3917888, 37.0045594 ], [ -86.3918232, 37.0044858 ] ], [ [ -86.3918232, 37.0044858 ], [ -86.391966300000021, 37.0043406 ] ], [ [ -86.391966300000021, 37.0043406 ], [ -86.3922022, 37.004109 ] ] ] } },
{ "type": "Feature", "properties": { "name": "Sailor Avenue", "highway": "residential", "length": 114.0, "risk_tier": "moderate", "zone_type": "sinkhole" }, "geometry": { "type": "MultiLineString", "coordinates": [ [ [ -86.392290200000019, 37.0063626 ], [ -86.3920846, 37.0061703 ] ], [ [ -86.3920846, 37.0061703 ], [ -86.391923700000021, 37.006022 ] ], [ [ -86.391923700000021, 37.006022 ], [ -86.391769, 37.0059281 ] ], [ [ -86.391769, 37.0059281 ], [ -86.3915277, 37.0058194 ] ], [ [ -86.3915277, 37.0058194 ], [ -86.391298800000015, 37.0057354 ] ] ] } },
{ "type": "Feature", "properties": { "name": "Magnolia Street", "highway": "residential", "length": 1681.0, "risk_tier": "moderate", "zone_type": "sinkhole" }, "geometry": { "type": "MultiLineString", "coordinates": [ [ [ -86.439074, 36.981642 ], [ -86.4387196, 36.9817547 ] ], [ [ -86.4387196, 36.9817547 ], [ -86.437109, 36.982267 ] ], [ [ -86.437109, 36.982267 ], [ -86.434736, 36.983015 ] ], [ [ -86.434736, 36.983015 ], [ -86.4329208, 36.9836072 ] ], [ [ -86.4329208, 36.9836072 ], [ -86.429167, 36.984796 ] ], [ [ -86.429167, 36.984796 ], [ -86.4232441, 36.9866625 ] ], [ [ -86.4232441, 36.9866625 ], [ -86.423179200000021, 36.986683 ] ], [ [ -86.423179200000021, 36.986683 ], [ -86.422875, 36.986777 ] ], [ [ -86.422875, 36.986777 ], [ -86.4225962, 36.986861499999989 ] ], [ [ -86.4225962, 36.986861499999989 ], [ -86.4222449, 36.986968 ] ], [ [ -86.4222449, 36.986968 ], [ -86.42174, 36.987121 ] ], [ [ -86.42174, 36.987121 ], [ -86.421471, 36.987197 ] ] ] } },
{ "type": "Feature", "properties": { "name": "Magnolia Street", "highway": "residential", "length": 1681.0, "risk_tier": "moderate", "zone_type": "sinkhole" }, "geometry": { "type": "MultiLineString", "coordinates": [ [ [ -86.439074, 36.981642 ], [ -86.4387196, 36.9817547 ] ], [ [ -86.4387196, 36.9817547 ], [ -86.437109, 36.982267 ] ], [ [ -86.437109, 36.982267 ], [ -86.434736, 36.983015 ] ], [ [ -86.434736, 36.983015 ], [ -86.4329208, 36.9836072 ] ], [ [ -86.4329208, 36.9836072 ], [ -86.429167, 36.984796 ] ], [ [ -86.429167, 36.984796 ], [ -86.4232441, 36.9866625 ] ], [ [ -86.4232441, 36.9866625 ], [ -86.423179200000021, 36.986683 ] ], [ [ -86.423179200000021, 36.986683 ], [ -86.422875, 36.986777 ] ], [ [ -86.422875, 36.986777 ], [ -86.4225962, 36.986861499999989 ] ], [ [ -86.4225962, 36.986861499999989 ], [ -86.4222449, 36.986968 ] ], [ [ -86.4222449, 36.986968 ], [ -86.42174, 36.987121 ] ], [ [ -86.42174, 36.987121 ], [ -86.421471, 36.987197 ] ] ] } },
{ "type": "Feature", "properties": { "name": "Bramblebush Drive", "highway": "residential", "length": 605.0, "risk_tier": "moderate", "zone_type": "sinkhole" }, "geometry": { "type": "MultiLineString", "coordinates": [ [ [ -86.405778, 36.982126 ], [ -86.405748, 36.982199 ] ], [ [ -86.405748, 36.982199 ], [ -86.405744, 36.982212 ] ], [ [ -86.405744, 36.982212 ], [ -86.405738, 36.982227 ] ], [ [ -86.405738, 36.982227 ], [ -86.405732, 36.982245 ] ], [ [ -86.405732, 36.982245 ], [ -86.405719, 36.98227 ] ], [ [ -86.405719, 36.98227 ], [ -86.405706, 36.982304 ] ], [ [ -86.405706, 36.982304 ], [ -86.405683, 36.982345 ] ], [ [ -86.405683, 36.982345 ], [ -86.40565, 36.982391 ] ], [ [ -86.40565, 36.982391 ], [ -86.405607, 36.982441 ] ], [ [ -86.405607, 36.982441 ], [ -86.405551, 36.982492 ] ], [ [ -86.405551, 36.982492 ], [ -86.405482, 36.982544 ] ], [ [ -86.405482, 36.982544 ], [ -86.405405, 36.982592 ] ], [ [ -86.405405, 36.982592 ], [ -86.405318, 36.982635 ] ], [ [ -86.405318, 36.982635 ], [ -86.405244, 36.982678 ] ], [ [ -86.405244, 36.982678 ], [ -86.405161, 36.982734 ] ], [ [ -86.405161, 36.982734 ], [ -86.405071, 36.982815 ] ], [ [ -86.405071, 36.982815 ], [ -86.405033, 36.98287 ] ], [ [ -86.405033, 36.98287 ], [ -86.404997, 36.982927 ] ], [ [ -86.404997, 36.982927 ], [ -86.404977, 36.982965 ] ], [ [ -86.404977, 36.982965 ], [ -86.404966, 36.983004 ] ], [ [ -86.404966, 36.983004 ], [ -86.404959, 36.983041 ] ], [ [ -86.404959, 36.983041 ], [ -86.404955, 36.983075 ] ], [ [ -86.404955, 36.983075 ], [ -86.404955, 36.983102 ] ], [ [ -86.404955, 36.983102 ], [ -86.40492, 36.98392 ] ], [ [ -86.40492, 36.98392 ], [ -86.404896, 36.984211 ] ], [ [ -86.404896, 36.984211 ], [ -86.404897, 36.984341 ] ], [ [ -86.404897, 36.984341 ], [ -86.404889, 36.984579 ] ], [ [ -86.404889, 36.984579 ], [ -86.404851, 36.985253 ] ], [ [ -86.404851, 36.985253 ], [ -86.40485, 36.985393 ] ], [ [ -86.40485, 36.985393 ], [ -86.404847, 36.985472 ] ], [ [ -86.404847, 36.985472 ], [ -86.40485, 36.985559 ] ], [ [ -86.40485, 36.985559 ], [ -86.404852, 36.985652 ] ], [ [ -86.404852, 36.985652 ], [ -86.404865, 36.985749 ] ], [ [ -86.404865, 36.985749 ], [ -86.404886, 36.985849 ] ], [ [ -86.404886, 36.985849 ], [ -86.404922, 36.98595 ] ], [ [ -86.404922, 36.98595 ], [ -86.404969, 36.98605 ] ], [ [ -86.404969, 36.98605 ], [ -86.405032, 36.986151 ] ], [ [ -86.405032, 36.986151 ], [ -86.40511, 36.986249 ] ], [ [ -86.40511, 36.986249 ], [ -86.405197, 36.986344 ] ], [ [ -86.405197, 36.986344 ], [ -86.405288, 36.986439 ] ], [ [ -86.405288, 36.986439 ], [ -86.405382, 36.986535 ] ], [ [ -86.405382, 36.986535 ], [ -86.405541, 36.986732 ] ], [ [ -86.405541, 36.986732 ], [ -86.405609, 36.9868075 ] ], [ [ -86.405609, 36.9868075 ], [ -86.4056538, 36.9868866 ] ], [ [ -86.4056538, 36.9868866 ], [ -86.4056699, 36.9869615 ] ], [ [ -86.4056699, 36.9869615 ], [ -86.4056932, 36.987137399999988 ] ] ] } },
{ "type": "Feature", "properties": { "name": "Magnolia Street", "highway": "residential", "length": 1681.0, "risk_tier": "moderate", "zone_type": "sinkhole" }, "geometry": { "type": "MultiLineString", "coordinates": [ [ [ -86.439074, 36.981642 ], [ -86.4387196, 36.9817547 ] ], [ [ -86.4387196, 36.9817547 ], [ -86.437109, 36.982267 ] ], [ [ -86.437109, 36.982267 ], [ -86.434736, 36.983015 ] ], [ [ -86.434736, 36.983015 ], [ -86.4329208, 36.9836072 ] ], [ [ -86.4329208, 36.9836072 ], [ -86.429167, 36.984796 ] ], [ [ -86.429167, 36.984796 ], [ -86.4232441, 36.9866625 ] ], [ [ -86.4232441, 36.9866625 ], [ -86.423179200000021, 36.986683 ] ], [ [ -86.423179200000021, 36.986683 ], [ -86.422875, 36.986777 ] ], [ [ -86.422875, 36.986777 ], [ -86.4225962, 36.986861499999989 ] ], [ [ -86.4225962, 36.986861499999989 ], [ -86.4222449, 36.986968 ] ], [ [ -86.4222449, 36.986968 ], [ -86.42174, 36.987121 ] ], [ [ -86.42174, 36.987121 ], [ -86.421471, 36.987197 ] ] ] } },
{ "type": "Feature", "properties": { "name": "Magnolia Street", "highway": "residential", "length": 1681.0, "risk_tier": "moderate", "zone_type": "sinkhole" }, "geometry": { "type": "MultiLineString", "coordinates": [ [ [ -86.439074, 36.981642 ], [ -86.4387196, 36.9817547 ] ], [ [ -86.4387196, 36.9817547 ], [ -86.437109, 36.982267 ] ], [ [ -86.437109, 36.982267 ], [ -86.434736, 36.983015 ] ], [ [ -86.434736, 36.983015 ], [ -86.4329208, 36.9836072 ] ], [ [ -86.4329208, 36.9836072 ], [ -86.429167, 36.984796 ] ], [ [ -86.429167, 36.984796 ], [ -86.4232441, 36.9866625 ] ], [ [ -86.4232441, 36.9866625 ], [ -86.423179200000021, 36.986683 ] ], [ [ -86.423179200000021, 36.986683 ], [ -86.422875, 36.986777 ] ], [ [ -86.422875, 36.986777 ], [ -86.4225962, 36.986861499999989 ] ], [ [ -86.4225962, 36.986861499999989 ], [ -86.4222449, 36.986968 ] ], [ [ -86.4222449, 36.986968 ], [ -86.42174, 36.987121 ] ], [ [ -86.42174, 36.987121 ], [ -86.421471, 36.987197 ] ] ] } },
{ "type": "Feature", "properties": { "name": "Sheffield Court", "highway": "residential", "length": 253.0, "risk_tier": "moderate", "zone_type": "sinkhole" }, "geometry": { "type": "MultiLineString", "coordinates": [ [ [ -86.414933, 36.996043 ], [ -86.414826, 36.996032 ] ], [ [ -86.414826, 36.996032 ], [ -86.4147748, 36.9960279 ] ], [ [ -86.4147748, 36.9960279 ], [ -86.414559, 36.996012 ] ], [ [ -86.414559, 36.996012 ], [ -86.414433, 36.996131 ] ], [ [ -86.414433, 36.996131 ], [ -86.41441, 36.996149 ] ], [ [ -86.41441, 36.996149 ], [ -86.414383, 36.996166 ] ], [ [ -86.414383, 36.996166 ], [ -86.41435, 36.996179 ] ], [ [ -86.41435, 36.996179 ], [ -86.414313, 36.99619 ] ], [ [ -86.414313, 36.99619 ], [ -86.414276, 36.996196 ] ], [ [ -86.414276, 36.996196 ], [ -86.4142, 36.996206 ] ], [ [ -86.4142, 36.996206 ], [ -86.413872, 36.996244 ] ], [ [ -86.413872, 36.996244 ], [ -86.41353, 36.996289 ] ], [ [ -86.41353, 36.996289 ], [ -86.413287, 36.996322 ] ], [ [ -86.413287, 36.996322 ], [ -86.413211, 36.996333 ] ], [ [ -86.413211, 36.996333 ], [ -86.41313, 36.996341 ] ], [ [ -86.41313, 36.996341 ], [ -86.413048, 36.996346 ] ], [ [ -86.413048, 36.996346 ], [ -86.412964, 36.996347 ] ], [ [ -86.412964, 36.996347 ], [ -86.412478, 36.996339 ] ], [ [ -86.412478, 36.996339 ], [ -86.412409, 36.99634 ] ], [ [ -86.412409, 36.99634 ], [ -86.412347, 36.996338 ] ], [ [ -86.412347, 36.996338 ], [ -86.412199, 36.99633 ] ] ] } },
{ "type": "Feature", "properties": { "name": "Sheffield Court", "highway": "residential", "length": 253.0, "risk_tier": "moderate", "zone_type": "sinkhole" }, "geometry": { "type": "MultiLineString", "coordinates": [ [ [ -86.414933, 36.996043 ], [ -86.414826, 36.996032 ] ], [ [ -86.414826, 36.996032 ], [ -86.4147748, 36.9960279 ] ], [ [ -86.4147748, 36.9960279 ], [ -86.414559, 36.996012 ] ], [ [ -86.414559, 36.996012 ], [ -86.414433, 36.996131 ] ], [ [ -86.414433, 36.996131 ], [ -86.41441, 36.996149 ] ], [ [ -86.41441, 36.996149 ], [ -86.414383, 36.996166 ] ], [ [ -86.414383, 36.996166 ], [ -86.41435, 36.996179 ] ], [ [ -86.41435, 36.996179 ], [ -86.414313, 36.99619 ] ], [ [ -86.414313, 36.99619 ], [ -86.414276, 36.996196 ] ], [ [ -86.414276, 36.996196 ], [ -86.4142, 36.996206 ] ], [ [ -86.4142, 36.996206 ], [ -86.413872, 36.996244 ] ], [ [ -86.413872, 36.996244 ], [ -86.41353, 36.996289 ] ], [ [ -86.41353, 36.996289 ], [ -86.413287, 36.996322 ] ], [ [ -86.413287, 36.996322 ], [ -86.413211, 36.996333 ] ], [ [ -86.413211, 36.996333 ], [ -86.41313, 36.996341 ] ], [ [ -86.41313, 36.996341 ], [ -86.413048, 36.996346 ] ], [ [ -86.413048, 36.996346 ], [ -86.412964, 36.996347 ] ], [ [ -86.412964, 36.996347 ], [ -86.412478, 36.996339 ] ], [ [ -86.412478, 36.996339 ], [ -86.412409, 36.99634 ] ], [ [ -86.412409, 36.99634 ], [ -86.412347, 36.996338 ] ], [ [ -86.412347, 36.996338 ], [ -86.412199, 36.99633 ] ] ] } },
{ "type": "Feature", "properties": { "name": "St Albans Drive", "highway": "residential", "length": 528.0, "risk_tier": "moderate", "zone_type": "sinkhole" }, "geometry": { "type": "MultiLineString", "coordinates": [ [ [ -86.408772, 36.992698 ], [ -86.408744, 36.993617 ] ], [ [ -86.408744, 36.993617 ], [ -86.408715, 36.994118 ] ], [ [ -86.408715, 36.994118 ], [ -86.40871, 36.994567 ] ], [ [ -86.40871, 36.994567 ], [ -86.408689, 36.995412 ] ], [ [ -86.408689, 36.995412 ], [ -86.408683, 36.995794 ] ], [ [ -86.408683, 36.995794 ], [ -86.408668, 36.996049 ] ], [ [ -86.408668, 36.996049 ], [ -86.408651, 36.9965677 ] ], [ [ -86.408651, 36.9965677 ], [ -86.408621, 36.997447 ] ] ] } },
{ "type": "Feature", "properties": { "name": "Thistlewood Court", "highway": "residential", "length": 120.0, "risk_tier": "moderate", "zone_type": "sinkhole" }, "geometry": { "type": "LineString", "coordinates": [ [ -86.413214, 36.993521 ], [ -86.4145611, 36.993537 ] ] } },
{ "type": "Feature", "properties": { "name": "Gayle Way", "highway": "residential", "length": 496.0, "risk_tier": "moderate", "zone_type": "sinkhole" }, "geometry": { "type": "MultiLineString", "coordinates": [ [ [ -86.463696, 36.990373 ], [ -86.4615107, 36.9904521 ] ], [ [ -86.4615107, 36.9904521 ], [ -86.4596997, 36.9906584 ] ], [ [ -86.4596997, 36.9906584 ], [ -86.4592503, 36.990722899999987 ] ], [ [ -86.4592503, 36.990722899999987 ], [ -86.45815180000001, 36.9908577 ] ] ] } },
{ "type": "Feature", "properties": { "name": "Gayle Way", "highway": "residential", "length": 496.0, "risk_tier": "moderate", "zone_type": "sinkhole" }, "geometry": { "type": "MultiLineString", "coordinates": [ [ [ -86.463696, 36.990373 ], [ -86.4615107, 36.9904521 ] ], [ [ -86.4615107, 36.9904521 ], [ -86.4596997, 36.9906584 ] ], [ [ -86.4596997, 36.9906584 ], [ -86.4592503, 36.990722899999987 ] ], [ [ -86.4592503, 36.990722899999987 ], [ -86.45815180000001, 36.9908577 ] ] ] } },
{ "type": "Feature", "properties": { "name": "Tall Timber Avenue", "highway": "residential", "length": 86.0, "risk_tier": "moderate", "zone_type": "sinkhole" }, "geometry": { "type": "LineString", "coordinates": [ [ -86.4700778, 36.9570996 ], [ -86.4705752, 36.956438699999985 ] ] } },
{ "type": "Feature", "properties": { "name": "Calico Court", "highway": "residential", "length": 165.0, "risk_tier": "moderate", "zone_type": "sinkhole" }, "geometry": { "type": "MultiLineString", "coordinates": [ [ [ -86.454714, 36.964656 ], [ -86.454686, 36.964662 ] ], [ [ -86.454686, 36.964662 ], [ -86.454609, 36.964668 ] ], [ [ -86.454609, 36.964668 ], [ -86.454535, 36.964666 ] ], [ [ -86.454535, 36.964666 ], [ -86.454397, 36.96465 ] ], [ [ -86.454397, 36.96465 ], [ -86.454284, 36.96463 ] ], [ [ -86.454284, 36.96463 ], [ -86.454072, 36.964576 ] ], [ [ -86.454072, 36.964576 ], [ -86.4535925, 36.9644881 ] ], [ [ -86.4535925, 36.9644881 ], [ -86.4528983, 36.964365599999979 ] ] ] } },
{ "type": "Feature", "properties": { "name": "Calico Court", "highway": "residential", "length": 165.0, "risk_tier": "moderate", "zone_type": "sinkhole" }, "geometry": { "type": "MultiLineString", "coordinates": [ [ [ -86.454714, 36.964656 ], [ -86.454686, 36.964662 ] ], [ [ -86.454686, 36.964662 ], [ -86.454609, 36.964668 ] ], [ [ -86.454609, 36.964668 ], [ -86.454535, 36.964666 ] ], [ [ -86.454535, 36.964666 ], [ -86.454397, 36.96465 ] ], [ [ -86.454397, 36.96465 ], [ -86.454284, 36.96463 ] ], [ [ -86.454284, 36.96463 ], [ -86.454072, 36.964576 ] ], [ [ -86.454072, 36.964576 ], [ -86.4535925, 36.9644881 ] ], [ [ -86.4535925, 36.9644881 ], [ -86.4528983, 36.964365599999979 ] ] ] } },
{ "type": "Feature", "properties": { "name": "Calico Court", "highway": "residential", "length": 165.0, "risk_tier": "moderate", "zone_type": "sinkhole" }, "geometry": { "type": "MultiLineString", "coordinates": [ [ [ -86.454714, 36.964656 ], [ -86.454686, 36.964662 ] ], [ [ -86.454686, 36.964662 ], [ -86.454609, 36.964668 ] ], [ [ -86.454609, 36.964668 ], [ -86.454535, 36.964666 ] ], [ [ -86.454535, 36.964666 ], [ -86.454397, 36.96465 ] ], [ [ -86.454397, 36.96465 ], [ -86.454284, 36.96463 ] ], [ [ -86.454284, 36.96463 ], [ -86.454072, 36.964576 ] ], [ [ -86.454072, 36.964576 ], [ -86.4535925, 36.9644881 ] ], [ [ -86.4535925, 36.9644881 ], [ -86.4528983, 36.964365599999979 ] ] ] } },
{ "type": "Feature", "properties": { "name": "Traditions Boulevard", "highway": "residential", "length": 32.0, "risk_tier": "moderate", "zone_type": "sinkhole" }, "geometry": { "type": "LineString", "coordinates": [ [ -86.4089605, 36.9610275 ], [ -86.4092505, 36.9612035 ] ] } },
{ "type": "Feature", "properties": { "name": "Nashville Road", "highway": "primary", "length": 860.0, "risk_tier": "moderate", "zone_type": "sinkhole" }, "geometry": { "type": "MultiLineString", "coordinates": [ [ [ -86.4641916, 36.967751 ], [ -86.4637524, 36.9684264 ] ], [ [ -86.4637524, 36.9684264 ], [ -86.4636616, 36.9685669 ] ], [ [ -86.4636616, 36.9685669 ], [ -86.4630037, 36.969585299999984 ] ], [ [ -86.4630037, 36.969585299999984 ], [ -86.4628107, 36.969884 ] ], [ [ -86.4628107, 36.969884 ], [ -86.462792, 36.969913 ] ], [ [ -86.462792, 36.969913 ], [ -86.462747, 36.969981 ] ], [ [ -86.462747, 36.969981 ], [ -86.462577, 36.970250299999989 ] ], [ [ -86.462577, 36.970250299999989 ], [ -86.462295, 36.970697 ] ], [ [ -86.462295, 36.970697 ], [ -86.461994, 36.971159 ] ], [ [ -86.461994, 36.971159 ], [ -86.4617727, 36.971516699999988 ] ], [ [ -86.4617727, 36.971516699999988 ], [ -86.4616174, 36.9717345 ] ], [ [ -86.4616174, 36.9717345 ], [ -86.461527, 36.9718613 ] ], [ [ -86.461527, 36.9718613 ], [ -86.461483, 36.971923 ] ], [ [ -86.461483, 36.971923 ], [ -86.46127, 36.972194 ] ], [ [ -86.46127, 36.972194 ], [ -86.460909, 36.972606 ] ], [ [ -86.460909, 36.972606 ], [ -86.4608983, 36.9726164 ] ], [ [ -86.4608983, 36.9726164 ], [ -86.460376, 36.973125 ] ], [ [ -86.460376, 36.973125 ], [ -86.460331100000019, 36.9731633 ] ], [ [ -86.460331100000019, 36.9731633 ], [ -86.459384300000011, 36.9739714 ] ], [ [ -86.459384300000011, 36.9739714 ], [ -86.459056, 36.9742519 ] ] ] } },
{ "type": "Feature", "properties": { "name": null, "highway": "residential", "length": 201.0, "risk_tier": "moderate", "zone_type": "sinkhole" }, "geometry": { "type": "MultiLineString", "coordinates": [ [ [ -86.428343, 36.995851 ], [ -86.4281801, 36.995926 ] ], [ [ -86.4281801, 36.995926 ], [ -86.427468200000021, 36.9963477 ] ], [ [ -86.427468200000021, 36.9963477 ], [ -86.427113, 36.996543 ] ], [ [ -86.427113, 36.996543 ], [ -86.426612, 36.996766 ] ], [ [ -86.426612, 36.996766 ], [ -86.426462, 36.996844 ] ] ] } },
{ "type": "Feature", "properties": { "name": null, "highway": "residential", "length": 203.0, "risk_tier": "moderate", "zone_type": "sinkhole" }, "geometry": { "type": "MultiLineString", "coordinates": [ [ [ -86.426504, 36.996904 ], [ -86.427173, 36.996608 ] ], [ [ -86.427173, 36.996608 ], [ -86.4282429, 36.9959897 ] ], [ [ -86.4282429, 36.9959897 ], [ -86.428343, 36.995851 ] ] ] } },
{ "type": "Feature", "properties": { "name": "Patton Way", "highway": "residential", "length": 600.0, "risk_tier": "moderate", "zone_type": "sinkhole" }, "geometry": { "type": "MultiLineString", "coordinates": [ [ [ -86.4697114, 36.958238199999975 ], [ -86.46965, 36.958201 ] ], [ [ -86.46965, 36.958201 ], [ -86.469559, 36.958122 ] ], [ [ -86.469559, 36.958122 ], [ -86.469479, 36.958033 ] ], [ [ -86.469479, 36.958033 ], [ -86.469408, 36.957938 ] ], [ [ -86.469408, 36.957938 ], [ -86.469344, 36.957841 ] ], [ [ -86.469344, 36.957841 ], [ -86.469282, 36.957743 ] ], [ [ -86.469282, 36.957743 ], [ -86.46922, 36.957648 ] ], [ [ -86.46922, 36.957648 ], [ -86.469155, 36.957557 ] ], [ [ -86.469155, 36.957557 ], [ -86.469083, 36.957473 ] ], [ [ -86.469083, 36.957473 ], [ -86.468998, 36.957401 ] ], [ [ -86.468998, 36.957401 ], [ -86.468901, 36.95734 ] ], [ [ -86.468901, 36.95734 ], [ -86.468801, 36.957285 ] ], [ [ -86.468801, 36.957285 ], [ -86.468698, 36.957232 ] ], [ [ -86.468698, 36.957232 ], [ -86.468593, 36.95718 ] ], [ [ -86.468593, 36.95718 ], [ -86.468486, 36.957132 ] ], [ [ -86.468486, 36.957132 ], [ -86.468376, 36.957092 ] ], [ [ -86.468376, 36.957092 ], [ -86.46826, 36.957066 ] ], [ [ -86.46826, 36.957066 ], [ -86.46814, 36.957055 ] ], [ [ -86.46814, 36.957055 ], [ -86.46804, 36.957056 ] ], [ [ -86.46804, 36.957056 ], [ -86.467906, 36.957062 ] ], [ [ -86.467906, 36.957062 ], [ -86.467795, 36.957074 ] ], [ [ -86.467795, 36.957074 ], [ -86.467683, 36.95709 ] ], [ [ -86.467683, 36.95709 ], [ -86.4672976, 36.9571569 ] ], [ [ -86.4672976, 36.9571569 ], [ -86.467011, 36.957205 ] ], [ [ -86.467011, 36.957205 ], [ -86.466902, 36.957222 ] ], [ [ -86.466902, 36.957222 ], [ -86.466789, 36.957241 ] ], [ [ -86.466789, 36.957241 ], [ -86.466675, 36.957259 ] ], [ [ -86.466675, 36.957259 ], [ -86.466564, 36.957278 ] ], [ [ -86.466564, 36.957278 ], [ -86.46613, 36.957348 ] ], [ [ -86.46613, 36.957348 ], [ -86.466062, 36.957357 ] ], [ [ -86.466062, 36.957357 ], [ -86.465599, 36.957425 ] ], [ [ -86.465599, 36.957425 ], [ -86.465413, 36.957454 ] ], [ [ -86.465413, 36.957454 ], [ -86.4652928, 36.9574289 ] ], [ [ -86.4652928, 36.9574289 ], [ -86.4648011, 36.9572634 ] ], [ [ -86.4648011, 36.9572634 ], [ -86.4647822, 36.9572571 ] ], [ [ -86.4647822, 36.9572571 ], [ -86.464405900000017, 36.9571995 ] ], [ [ -86.464405900000017, 36.9571995 ], [ -86.4639343, 36.9571512 ] ], [ [ -86.4639343, 36.9571512 ], [ -86.463853, 36.9571568 ] ], [ [ -86.463853, 36.9571568 ], [ -86.4637601, 36.9571921 ] ] ] } },
{ "type": "Feature", "properties": { "name": "Patton Way", "highway": "residential", "length": 600.0, "risk_tier": "moderate", "zone_type": "sinkhole" }, "geometry": { "type": "MultiLineString", "coordinates": [ [ [ -86.4697114, 36.958238199999975 ], [ -86.46965, 36.958201 ] ], [ [ -86.46965, 36.958201 ], [ -86.469559, 36.958122 ] ], [ [ -86.469559, 36.958122 ], [ -86.469479, 36.958033 ] ], [ [ -86.469479, 36.958033 ], [ -86.469408, 36.957938 ] ], [ [ -86.469408, 36.957938 ], [ -86.469344, 36.957841 ] ], [ [ -86.469344, 36.957841 ], [ -86.469282, 36.957743 ] ], [ [ -86.469282, 36.957743 ], [ -86.46922, 36.957648 ] ], [ [ -86.46922, 36.957648 ], [ -86.469155, 36.957557 ] ], [ [ -86.469155, 36.957557 ], [ -86.469083, 36.957473 ] ], [ [ -86.469083, 36.957473 ], [ -86.468998, 36.957401 ] ], [ [ -86.468998, 36.957401 ], [ -86.468901, 36.95734 ] ], [ [ -86.468901, 36.95734 ], [ -86.468801, 36.957285 ] ], [ [ -86.468801, 36.957285 ], [ -86.468698, 36.957232 ] ], [ [ -86.468698, 36.957232 ], [ -86.468593, 36.95718 ] ], [ [ -86.468593, 36.95718 ], [ -86.468486, 36.957132 ] ], [ [ -86.468486, 36.957132 ], [ -86.468376, 36.957092 ] ], [ [ -86.468376, 36.957092 ], [ -86.46826, 36.957066 ] ], [ [ -86.46826, 36.957066 ], [ -86.46814, 36.957055 ] ], [ [ -86.46814, 36.957055 ], [ -86.46804, 36.957056 ] ], [ [ -86.46804, 36.957056 ], [ -86.467906, 36.957062 ] ], [ [ -86.467906, 36.957062 ], [ -86.467795, 36.957074 ] ], [ [ -86.467795, 36.957074 ], [ -86.467683, 36.95709 ] ], [ [ -86.467683, 36.95709 ], [ -86.4672976, 36.9571569 ] ], [ [ -86.4672976, 36.9571569 ], [ -86.467011, 36.957205 ] ], [ [ -86.467011, 36.957205 ], [ -86.466902, 36.957222 ] ], [ [ -86.466902, 36.957222 ], [ -86.466789, 36.957241 ] ], [ [ -86.466789, 36.957241 ], [ -86.466675, 36.957259 ] ], [ [ -86.466675, 36.957259 ], [ -86.466564, 36.957278 ] ], [ [ -86.466564, 36.957278 ], [ -86.46613, 36.957348 ] ], [ [ -86.46613, 36.957348 ], [ -86.466062, 36.957357 ] ], [ [ -86.466062, 36.957357 ], [ -86.465599, 36.957425 ] ], [ [ -86.465599, 36.957425 ], [ -86.465413, 36.957454 ] ], [ [ -86.465413, 36.957454 ], [ -86.4652928, 36.9574289 ] ], [ [ -86.4652928, 36.9574289 ], [ -86.4648011, 36.9572634 ] ], [ [ -86.4648011, 36.9572634 ], [ -86.4647822, 36.9572571 ] ], [ [ -86.4647822, 36.9572571 ], [ -86.464405900000017, 36.9571995 ] ], [ [ -86.464405900000017, 36.9571995 ], [ -86.4639343, 36.9571512 ] ], [ [ -86.4639343, 36.9571512 ], [ -86.463853, 36.9571568 ] ], [ [ -86.463853, 36.9571568 ], [ -86.4637601, 36.9571921 ] ] ] } },
{ "type": "Feature", "properties": { "name": "Patton Way", "highway": "residential", "length": 600.0, "risk_tier": "moderate", "zone_type": "sinkhole" }, "geometry": { "type": "MultiLineString", "coordinates": [ [ [ -86.4697114, 36.958238199999975 ], [ -86.46965, 36.958201 ] ], [ [ -86.46965, 36.958201 ], [ -86.469559, 36.958122 ] ], [ [ -86.469559, 36.958122 ], [ -86.469479, 36.958033 ] ], [ [ -86.469479, 36.958033 ], [ -86.469408, 36.957938 ] ], [ [ -86.469408, 36.957938 ], [ -86.469344, 36.957841 ] ], [ [ -86.469344, 36.957841 ], [ -86.469282, 36.957743 ] ], [ [ -86.469282, 36.957743 ], [ -86.46922, 36.957648 ] ], [ [ -86.46922, 36.957648 ], [ -86.469155, 36.957557 ] ], [ [ -86.469155, 36.957557 ], [ -86.469083, 36.957473 ] ], [ [ -86.469083, 36.957473 ], [ -86.468998, 36.957401 ] ], [ [ -86.468998, 36.957401 ], [ -86.468901, 36.95734 ] ], [ [ -86.468901, 36.95734 ], [ -86.468801, 36.957285 ] ], [ [ -86.468801, 36.957285 ], [ -86.468698, 36.957232 ] ], [ [ -86.468698, 36.957232 ], [ -86.468593, 36.95718 ] ], [ [ -86.468593, 36.95718 ], [ -86.468486, 36.957132 ] ], [ [ -86.468486, 36.957132 ], [ -86.468376, 36.957092 ] ], [ [ -86.468376, 36.957092 ], [ -86.46826, 36.957066 ] ], [ [ -86.46826, 36.957066 ], [ -86.46814, 36.957055 ] ], [ [ -86.46814, 36.957055 ], [ -86.46804, 36.957056 ] ], [ [ -86.46804, 36.957056 ], [ -86.467906, 36.957062 ] ], [ [ -86.467906, 36.957062 ], [ -86.467795, 36.957074 ] ], [ [ -86.467795, 36.957074 ], [ -86.467683, 36.95709 ] ], [ [ -86.467683, 36.95709 ], [ -86.4672976, 36.9571569 ] ], [ [ -86.4672976, 36.9571569 ], [ -86.467011, 36.957205 ] ], [ [ -86.467011, 36.957205 ], [ -86.466902, 36.957222 ] ], [ [ -86.466902, 36.957222 ], [ -86.466789, 36.957241 ] ], [ [ -86.466789, 36.957241 ], [ -86.466675, 36.957259 ] ], [ [ -86.466675, 36.957259 ], [ -86.466564, 36.957278 ] ], [ [ -86.466564, 36.957278 ], [ -86.46613, 36.957348 ] ], [ [ -86.46613, 36.957348 ], [ -86.466062, 36.957357 ] ], [ [ -86.466062, 36.957357 ], [ -86.465599, 36.957425 ] ], [ [ -86.465599, 36.957425 ], [ -86.465413, 36.957454 ] ], [ [ -86.465413, 36.957454 ], [ -86.4652928, 36.9574289 ] ], [ [ -86.4652928, 36.9574289 ], [ -86.4648011, 36.9572634 ] ], [ [ -86.4648011, 36.9572634 ], [ -86.4647822, 36.9572571 ] ], [ [ -86.4647822, 36.9572571 ], [ -86.464405900000017, 36.9571995 ] ], [ [ -86.464405900000017, 36.9571995 ], [ -86.4639343, 36.9571512 ] ], [ [ -86.4639343, 36.9571512 ], [ -86.463853, 36.9571568 ] ], [ [ -86.463853, 36.9571568 ], [ -86.4637601, 36.9571921 ] ] ] } },
{ "type": "Feature", "properties": { "name": "Patton Way", "highway": "residential", "length": 600.0, "risk_tier": "moderate", "zone_type": "sinkhole" }, "geometry": { "type": "MultiLineString", "coordinates": [ [ [ -86.4697114, 36.958238199999975 ], [ -86.46965, 36.958201 ] ], [ [ -86.46965, 36.958201 ], [ -86.469559, 36.958122 ] ], [ [ -86.469559, 36.958122 ], [ -86.469479, 36.958033 ] ], [ [ -86.469479, 36.958033 ], [ -86.469408, 36.957938 ] ], [ [ -86.469408, 36.957938 ], [ -86.469344, 36.957841 ] ], [ [ -86.469344, 36.957841 ], [ -86.469282, 36.957743 ] ], [ [ -86.469282, 36.957743 ], [ -86.46922, 36.957648 ] ], [ [ -86.46922, 36.957648 ], [ -86.469155, 36.957557 ] ], [ [ -86.469155, 36.957557 ], [ -86.469083, 36.957473 ] ], [ [ -86.469083, 36.957473 ], [ -86.468998, 36.957401 ] ], [ [ -86.468998, 36.957401 ], [ -86.468901, 36.95734 ] ], [ [ -86.468901, 36.95734 ], [ -86.468801, 36.957285 ] ], [ [ -86.468801, 36.957285 ], [ -86.468698, 36.957232 ] ], [ [ -86.468698, 36.957232 ], [ -86.468593, 36.95718 ] ], [ [ -86.468593, 36.95718 ], [ -86.468486, 36.957132 ] ], [ [ -86.468486, 36.957132 ], [ -86.468376, 36.957092 ] ], [ [ -86.468376, 36.957092 ], [ -86.46826, 36.957066 ] ], [ [ -86.46826, 36.957066 ], [ -86.46814, 36.957055 ] ], [ [ -86.46814, 36.957055 ], [ -86.46804, 36.957056 ] ], [ [ -86.46804, 36.957056 ], [ -86.467906, 36.957062 ] ], [ [ -86.467906, 36.957062 ], [ -86.467795, 36.957074 ] ], [ [ -86.467795, 36.957074 ], [ -86.467683, 36.95709 ] ], [ [ -86.467683, 36.95709 ], [ -86.4672976, 36.9571569 ] ], [ [ -86.4672976, 36.9571569 ], [ -86.467011, 36.957205 ] ], [ [ -86.467011, 36.957205 ], [ -86.466902, 36.957222 ] ], [ [ -86.466902, 36.957222 ], [ -86.466789, 36.957241 ] ], [ [ -86.466789, 36.957241 ], [ -86.466675, 36.957259 ] ], [ [ -86.466675, 36.957259 ], [ -86.466564, 36.957278 ] ], [ [ -86.466564, 36.957278 ], [ -86.46613, 36.957348 ] ], [ [ -86.46613, 36.957348 ], [ -86.466062, 36.957357 ] ], [ [ -86.466062, 36.957357 ], [ -86.465599, 36.957425 ] ], [ [ -86.465599, 36.957425 ], [ -86.465413, 36.957454 ] ], [ [ -86.465413, 36.957454 ], [ -86.4652928, 36.9574289 ] ], [ [ -86.4652928, 36.9574289 ], [ -86.4648011, 36.9572634 ] ], [ [ -86.4648011, 36.9572634 ], [ -86.4647822, 36.9572571 ] ], [ [ -86.4647822, 36.9572571 ], [ -86.464405900000017, 36.9571995 ] ], [ [ -86.464405900000017, 36.9571995 ], [ -86.4639343, 36.9571512 ] ], [ [ -86.4639343, 36.9571512 ], [ -86.463853, 36.9571568 ] ], [ [ -86.463853, 36.9571568 ], [ -86.4637601, 36.9571921 ] ] ] } },
{ "type": "Feature", "properties": { "name": null, "highway": "unclassified", "length": 302.0, "risk_tier": "moderate", "zone_type": "sinkhole" }, "geometry": { "type": "MultiLineString", "coordinates": [ [ [ -86.468295, 36.95943 ], [ -86.468221, 36.959428 ] ], [ [ -86.468221, 36.959428 ], [ -86.467987, 36.959438 ] ], [ [ -86.467987, 36.959438 ], [ -86.467819, 36.959434 ] ], [ [ -86.467819, 36.959434 ], [ -86.467644, 36.959421 ] ], [ [ -86.467644, 36.959421 ], [ -86.467473, 36.959402 ] ], [ [ -86.467473, 36.959402 ], [ -86.467382, 36.959389 ] ], [ [ -86.467382, 36.959389 ], [ -86.467198, 36.959355 ] ], [ [ -86.467198, 36.959355 ], [ -86.466925, 36.959299 ] ], [ [ -86.466925, 36.959299 ], [ -86.466835, 36.959287 ] ], [ [ -86.466835, 36.959287 ], [ -86.466751, 36.959281 ] ], [ [ -86.466751, 36.959281 ], [ -86.466674, 36.959281 ] ], [ [ -86.466674, 36.959281 ], [ -86.466536, 36.959296 ] ], [ [ -86.466536, 36.959296 ], [ -86.466304, 36.959343 ] ], [ [ -86.466304, 36.959343 ], [ -86.466213, 36.959366 ] ], [ [ -86.466213, 36.959366 ], [ -86.466031, 36.959419 ] ], [ [ -86.466031, 36.959419 ], [ -86.46586, 36.959481 ] ], [ [ -86.46586, 36.959481 ], [ -86.465781, 36.959516 ] ], [ [ -86.465781, 36.959516 ], [ -86.465707, 36.959553 ] ], [ [ -86.465707, 36.959553 ], [ -86.46564, 36.95959 ] ], [ [ -86.46564, 36.95959 ], [ -86.465578, 36.959631 ] ], [ [ -86.465578, 36.959631 ], [ -86.465528, 36.959676 ] ], [ [ -86.465528, 36.959676 ], [ -86.46549, 36.959726 ] ], [ [ -86.46549, 36.959726 ], [ -86.465465, 36.959778 ] ], [ [ -86.465465, 36.959778 ], [ -86.465451, 36.959832 ] ], [ [ -86.465451, 36.959832 ], [ -86.465442, 36.959885 ] ], [ [ -86.465442, 36.959885 ], [ -86.4654226, 36.9600471 ] ] ] } },
{ "type": "Feature", "properties": { "name": "Quail Run Drive", "highway": "residential", "length": 386.0, "risk_tier": "moderate", "zone_type": "sinkhole" }, "geometry": { "type": "MultiLineString", "coordinates": [ [ [ -86.455398, 36.970133 ], [ -86.455405, 36.970153 ] ], [ [ -86.455405, 36.970153 ], [ -86.455428, 36.970186 ] ], [ [ -86.455428, 36.970186 ], [ -86.455456, 36.97021 ] ], [ [ -86.455456, 36.97021 ], [ -86.457091, 36.970736 ] ], [ [ -86.457091, 36.970736 ], [ -86.45717, 36.970779 ] ], [ [ -86.45717, 36.970779 ], [ -86.457253, 36.970831 ] ], [ [ -86.457253, 36.970831 ], [ -86.45732, 36.970891 ] ], [ [ -86.45732, 36.970891 ], [ -86.457371, 36.970956 ] ], [ [ -86.457371, 36.970956 ], [ -86.457395, 36.971012 ] ], [ [ -86.457395, 36.971012 ], [ -86.457408, 36.971075 ] ], [ [ -86.457408, 36.971075 ], [ -86.457412, 36.971147 ] ], [ [ -86.457412, 36.971147 ], [ -86.457411, 36.971302 ] ], [ [ -86.457411, 36.971302 ], [ -86.457404, 36.971382 ] ], [ [ -86.457404, 36.971382 ], [ -86.457355, 36.971547 ] ], [ [ -86.457355, 36.971547 ], [ -86.456998, 36.972564 ] ] ] } },
{ "type": "Feature", "properties": { "name": "Rockingham Avenue", "highway": "residential", "length": 172.0, "risk_tier": "low", "zone_type": "sinkhole" }, "geometry": { "type": "MultiLineString", "coordinates": [ [ [ -86.437751, 36.962858 ], [ -86.437757, 36.96286 ] ], [ [ -86.437757, 36.96286 ], [ -86.437777, 36.962872 ] ], [ [ -86.437777, 36.962872 ], [ -86.437794, 36.962887 ] ], [ [ -86.437794, 36.962887 ], [ -86.4378821, 36.9630031 ] ], [ [ -86.4378821, 36.9630031 ], [ -86.4380882, 36.963288 ] ], [ [ -86.4380882, 36.963288 ], [ -86.4383359, 36.9636453 ] ], [ [ -86.4383359, 36.9636453 ], [ -86.438577, 36.963966 ] ], [ [ -86.438577, 36.963966 ], [ -86.4387388, 36.9641803 ] ] ] } },
{ "type": "Feature", "properties": { "name": "Middle Bridge Road West", "highway": "tertiary", "length": 267.0, "risk_tier": "low", "zone_type": "sinkhole" }, "geometry": { "type": "MultiLineString", "coordinates": [ [ [ -86.4176356, 36.9538495 ], [ -86.41757130000002, 36.9535677 ] ], [ [ -86.41757130000002, 36.9535677 ], [ -86.417512, 36.953309 ] ], [ [ -86.417512, 36.953309 ], [ -86.417467, 36.953125 ] ], [ [ -86.417467, 36.953125 ], [ -86.4174418, 36.953063700000016 ] ], [ [ -86.4174418, 36.953063700000016 ], [ -86.4174077, 36.9529857 ] ], [ [ -86.4174077, 36.9529857 ], [ -86.417331, 36.952852 ] ], [ [ -86.417331, 36.952852 ], [ -86.4172696, 36.9527665 ] ], [ [ -86.4172696, 36.9527665 ], [ -86.4171983, 36.9526773 ] ], [ [ -86.4171983, 36.9526773 ], [ -86.417027, 36.952479 ] ], [ [ -86.417027, 36.952479 ], [ -86.416944, 36.952393 ] ], [ [ -86.416944, 36.952393 ], [ -86.4168854, 36.9523426 ] ], [ [ -86.4168854, 36.9523426 ], [ -86.4167826, 36.952266200000011 ] ], [ [ -86.4167826, 36.952266200000011 ], [ -86.4166617, 36.9522096 ] ], [ [ -86.4166617, 36.9522096 ], [ -86.4166179, 36.952188499999984 ] ], [ [ -86.4166179, 36.952188499999984 ], [ -86.4165733, 36.9521693 ] ], [ [ -86.4165733, 36.9521693 ], [ -86.4165327, 36.9521546 ] ], [ [ -86.4165327, 36.9521546 ], [ -86.4164883, 36.9521406 ] ], [ [ -86.4164883, 36.9521406 ], [ -86.4163906, 36.9521112 ] ], [ [ -86.4163906, 36.9521112 ], [ -86.4160513, 36.952017599999976 ] ] ] } },
{ "type": "Feature", "properties": { "name": null, "highway": "residential", "length": 259.0, "risk_tier": "low", "zone_type": "sinkhole" }, "geometry": { "type": "MultiLineString", "coordinates": [ [ [ -86.51631350000001, 36.9528143 ], [ -86.5164584, 36.952988499999989 ] ], [ [ -86.5164584, 36.952988499999989 ], [ -86.5166902, 36.9531945 ] ], [ [ -86.5166902, 36.9531945 ], [ -86.5173212, 36.9537554 ] ], [ [ -86.5173212, 36.9537554 ], [ -86.5179536, 36.9541614 ] ], [ [ -86.5179536, 36.9541614 ], [ -86.5183861, 36.9544312 ] ] ] } },
{ "type": "Feature", "properties": { "name": null, "highway": "unclassified", "length": 428.0, "risk_tier": "low", "zone_type": "sinkhole" }, "geometry": { "type": "MultiLineString", "coordinates": [ [ [ -86.5296861, 36.9394195 ], [ -86.5279157, 36.9404551 ] ], [ [ -86.5279157, 36.9404551 ], [ -86.5257982, 36.941693599999979 ] ] ] } },
{ "type": "Feature", "properties": { "name": null, "highway": "unclassified", "length": 428.0, "risk_tier": "low", "zone_type": "sinkhole" }, "geometry": { "type": "MultiLineString", "coordinates": [ [ [ -86.5296861, 36.9394195 ], [ -86.5279157, 36.9404551 ] ], [ [ -86.5279157, 36.9404551 ], [ -86.5257982, 36.941693599999979 ] ] ] } },
{ "type": "Feature", "properties": { "name": null, "highway": "unclassified", "length": 428.0, "risk_tier": "low", "zone_type": "sinkhole" }, "geometry": { "type": "MultiLineString", "coordinates": [ [ [ -86.5296861, 36.9394195 ], [ -86.5279157, 36.9404551 ] ], [ [ -86.5279157, 36.9404551 ], [ -86.5257982, 36.941693599999979 ] ] ] } },
{ "type": "Feature", "properties": { "name": "Fitzgerald Industrial Drive", "highway": "residential", "length": 478.0, "risk_tier": "low", "zone_type": "sinkhole" }, "geometry": { "type": "MultiLineString", "coordinates": [ [ [ -86.483546, 36.950604 ], [ -86.483434, 36.950823 ] ], [ [ -86.483434, 36.950823 ], [ -86.4832699, 36.9510945 ] ], [ [ -86.4832699, 36.9510945 ], [ -86.4832623, 36.9511071 ] ], [ [ -86.4832623, 36.9511071 ], [ -86.4830242, 36.951501 ] ], [ [ -86.4830242, 36.951501 ], [ -86.4828817, 36.9517411 ] ], [ [ -86.4828817, 36.9517411 ], [ -86.4828042, 36.9518718 ] ], [ [ -86.4828042, 36.9518718 ], [ -86.4826728, 36.9520933 ] ], [ [ -86.4826728, 36.9520933 ], [ -86.4825843, 36.9522424 ] ], [ [ -86.4825843, 36.9522424 ], [ -86.482333, 36.952666 ] ], [ [ -86.482333, 36.952666 ], [ -86.481953, 36.953285 ] ], [ [ -86.481953, 36.953285 ], [ -86.481479, 36.954082 ] ], [ [ -86.481479, 36.954082 ], [ -86.481351, 36.954282 ] ], [ [ -86.481351, 36.954282 ], [ -86.481205, 36.954469 ] ] ] } },
{ "type": "Feature", "properties": { "name": "Commonwealth Boulevard", "highway": "tertiary", "length": 465.0, "risk_tier": "low", "zone_type": "sinkhole" }, "geometry": { "type": "MultiLineString", "coordinates": [ [ [ -86.3230305, 37.0441256 ], [ -86.3219853, 37.042843 ] ], [ [ -86.3219853, 37.042843 ], [ -86.3206894, 37.041248 ] ], [ [ -86.3206894, 37.041248 ], [ -86.3204926, 37.041005799999986 ] ], [ [ -86.3204926, 37.041005799999986 ], [ -86.3203873, 37.0407666 ] ], [ [ -86.3203873, 37.0407666 ], [ -86.320382, 37.0407546 ] ], [ [ -86.320382, 37.0407546 ], [ -86.3203365, 37.0405652 ] ] ] } },
{ "type": "Feature", "properties": { "name": "Technology Way", "highway": "unclassified", "length": 478.0, "risk_tier": "low", "zone_type": "sinkhole" }, "geometry": { "type": "MultiLineString", "coordinates": [ [ [ -86.3234533, 37.0384948 ], [ -86.3237547, 37.038297100000015 ] ], [ [ -86.3237547, 37.038297100000015 ], [ -86.3239364, 37.0381557 ] ], [ [ -86.3239364, 37.0381557 ], [ -86.3241195, 37.037926 ] ], [ [ -86.3241195, 37.037926 ], [ -86.3242597, 37.037683799999989 ] ], [ [ -86.3242597, 37.037683799999989 ], [ -86.3243767, 37.037381 ] ], [ [ -86.3243767, 37.037381 ], [ -86.3244413, 37.0371689 ] ], [ [ -86.3244413, 37.0371689 ], [ -86.3244625, 37.0370992 ] ], [ [ -86.3244625, 37.0370992 ], [ -86.3245417, 37.0368917 ] ], [ [ -86.3245417, 37.0368917 ], [ -86.3246944, 37.036695 ] ], [ [ -86.3246944, 37.036695 ], [ -86.3249611, 37.036553 ] ], [ [ -86.3249611, 37.036553 ], [ -86.3252908, 37.0364723 ] ], [ [ -86.3252908, 37.0364723 ], [ -86.325491, 37.0364585 ] ], [ [ -86.325491, 37.0364585 ], [ -86.325562, 37.0364536 ] ], [ [ -86.325562, 37.0364536 ], [ -86.3257636, 37.0364888 ] ], [ [ -86.3257636, 37.0364888 ], [ -86.3261157, 37.036631499999984 ] ], [ [ -86.3261157, 37.036631499999984 ], [ -86.3264058, 37.0367724 ] ], [ [ -86.3264058, 37.0367724 ], [ -86.3268157, 37.0369204 ] ], [ [ -86.3268157, 37.0369204 ], [ -86.3272228, 37.0369768 ] ] ] } },
{ "type": "Feature", "properties": { "name": "Technology Way", "highway": "unclassified", "length": 478.0, "risk_tier": "low", "zone_type": "sinkhole" }, "geometry": { "type": "MultiLineString", "coordinates": [ [ [ -86.3234533, 37.0384948 ], [ -86.3237547, 37.038297100000015 ] ], [ [ -86.3237547, 37.038297100000015 ], [ -86.3239364, 37.0381557 ] ], [ [ -86.3239364, 37.0381557 ], [ -86.3241195, 37.037926 ] ], [ [ -86.3241195, 37.037926 ], [ -86.3242597, 37.037683799999989 ] ], [ [ -86.3242597, 37.037683799999989 ], [ -86.3243767, 37.037381 ] ], [ [ -86.3243767, 37.037381 ], [ -86.3244413, 37.0371689 ] ], [ [ -86.3244413, 37.0371689 ], [ -86.3244625, 37.0370992 ] ], [ [ -86.3244625, 37.0370992 ], [ -86.3245417, 37.0368917 ] ], [ [ -86.3245417, 37.0368917 ], [ -86.3246944, 37.036695 ] ], [ [ -86.3246944, 37.036695 ], [ -86.3249611, 37.036553 ] ], [ [ -86.3249611, 37.036553 ], [ -86.3252908, 37.0364723 ] ], [ [ -86.3252908, 37.0364723 ], [ -86.325491, 37.0364585 ] ], [ [ -86.325491, 37.0364585 ], [ -86.325562, 37.0364536 ] ], [ [ -86.325562, 37.0364536 ], [ -86.3257636, 37.0364888 ] ], [ [ -86.3257636, 37.0364888 ], [ -86.3261157, 37.036631499999984 ] ], [ [ -86.3261157, 37.036631499999984 ], [ -86.3264058, 37.0367724 ] ], [ [ -86.3264058, 37.0367724 ], [ -86.3268157, 37.0369204 ] ], [ [ -86.3268157, 37.0369204 ], [ -86.3272228, 37.0369768 ] ] ] } },
{ "type": "Feature", "properties": { "name": "Technology Way", "highway": "unclassified", "length": 478.0, "risk_tier": "low", "zone_type": "sinkhole" }, "geometry": { "type": "MultiLineString", "coordinates": [ [ [ -86.3234533, 37.0384948 ], [ -86.3237547, 37.038297100000015 ] ], [ [ -86.3237547, 37.038297100000015 ], [ -86.3239364, 37.0381557 ] ], [ [ -86.3239364, 37.0381557 ], [ -86.3241195, 37.037926 ] ], [ [ -86.3241195, 37.037926 ], [ -86.3242597, 37.037683799999989 ] ], [ [ -86.3242597, 37.037683799999989 ], [ -86.3243767, 37.037381 ] ], [ [ -86.3243767, 37.037381 ], [ -86.3244413, 37.0371689 ] ], [ [ -86.3244413, 37.0371689 ], [ -86.3244625, 37.0370992 ] ], [ [ -86.3244625, 37.0370992 ], [ -86.3245417, 37.0368917 ] ], [ [ -86.3245417, 37.0368917 ], [ -86.3246944, 37.036695 ] ], [ [ -86.3246944, 37.036695 ], [ -86.3249611, 37.036553 ] ], [ [ -86.3249611, 37.036553 ], [ -86.3252908, 37.0364723 ] ], [ [ -86.3252908, 37.0364723 ], [ -86.325491, 37.0364585 ] ], [ [ -86.325491, 37.0364585 ], [ -86.325562, 37.0364536 ] ], [ [ -86.325562, 37.0364536 ], [ -86.3257636, 37.0364888 ] ], [ [ -86.3257636, 37.0364888 ], [ -86.3261157, 37.036631499999984 ] ], [ [ -86.3261157, 37.036631499999984 ], [ -86.3264058, 37.0367724 ] ], [ [ -86.3264058, 37.0367724 ], [ -86.3268157, 37.0369204 ] ], [ [ -86.3268157, 37.0369204 ], [ -86.3272228, 37.0369768 ] ] ] } },
{ "type": "Feature", "properties": { "name": "Commonwealth Boulevard", "highway": "tertiary", "length": 464.0, "risk_tier": "low", "zone_type": "sinkhole" }, "geometry": { "type": "MultiLineString", "coordinates": [ [ [ -86.3199079, 37.040803299999986 ], [ -86.3201013, 37.0409039 ] ], [ [ -86.3201013, 37.0409039 ], [ -86.3201173, 37.0409137 ] ], [ [ -86.3201173, 37.0409137 ], [ -86.32028, 37.0410126 ] ], [ [ -86.32028, 37.0410126 ], [ -86.320537, 37.0413399 ] ], [ [ -86.320537, 37.0413399 ], [ -86.3218162, 37.042906799999983 ] ], [ [ -86.3218162, 37.042906799999983 ], [ -86.3228817, 37.0442026 ] ] ] } },
{ "type": "Feature", "properties": { "name": "Three Springs Road", "highway": "secondary", "length": 3454.0, "risk_tier": "low", "zone_type": "sinkhole" }, "geometry": { "type": "MultiLineString", "coordinates": [ [ [ -86.4396786, 36.9144746 ], [ -86.439286, 36.914838 ] ], [ [ -86.439286, 36.914838 ], [ -86.4380079, 36.91604250000001 ] ], [ [ -86.4380079, 36.91604250000001 ], [ -86.43773880000002, 36.9162961 ] ], [ [ -86.43773880000002, 36.9162961 ], [ -86.4375154, 36.9165067 ] ], [ [ -86.4375154, 36.9165067 ], [ -86.4373383, 36.9166736 ] ], [ [ -86.4373383, 36.9166736 ], [ -86.436403, 36.917555 ] ], [ [ -86.436403, 36.917555 ], [ -86.4359633, 36.9179757 ] ], [ [ -86.4359633, 36.9179757 ], [ -86.4357561, 36.91816330000001 ] ], [ [ -86.4357561, 36.91816330000001 ], [ -86.4356936, 36.918221299999985 ] ], [ [ -86.4356936, 36.918221299999985 ], [ -86.4350057, 36.918867499999983 ] ], [ [ -86.4350057, 36.918867499999983 ], [ -86.434326, 36.919506 ] ], [ [ -86.434326, 36.919506 ], [ -86.4337627, 36.9200308 ] ], [ [ -86.4337627, 36.9200308 ], [ -86.433155, 36.920597 ] ], [ [ -86.433155, 36.920597 ], [ -86.432731, 36.920992 ] ], [ [ -86.432731, 36.920992 ], [ -86.4319734, 36.9217035 ] ], [ [ -86.4319734, 36.9217035 ], [ -86.431054, 36.9225668 ] ], [ [ -86.431054, 36.9225668 ], [ -86.4305618, 36.9230301 ] ], [ [ -86.4305618, 36.9230301 ], [ -86.4304801, 36.9231075 ] ], [ [ -86.4304801, 36.9231075 ], [ -86.430471, 36.923116 ] ], [ [ -86.430471, 36.923116 ], [ -86.4294987, 36.9240162 ] ], [ [ -86.4294987, 36.9240162 ], [ -86.428796, 36.924699 ] ], [ [ -86.428796, 36.924699 ], [ -86.4285625, 36.9249398 ] ], [ [ -86.4285625, 36.9249398 ], [ -86.428443, 36.925063 ] ], [ [ -86.428443, 36.925063 ], [ -86.428304, 36.925212 ] ], [ [ -86.428304, 36.925212 ], [ -86.4282, 36.925325 ] ], [ [ -86.4282, 36.925325 ], [ -86.4281621, 36.9253674 ] ], [ [ -86.4281621, 36.9253674 ], [ -86.4279826, 36.9255745 ] ], [ [ -86.4279826, 36.9255745 ], [ -86.427276, 36.926427 ] ], [ [ -86.427276, 36.926427 ], [ -86.426546, 36.927326 ] ], [ [ -86.426546, 36.927326 ], [ -86.425877, 36.928178 ] ], [ [ -86.425877, 36.928178 ], [ -86.425149, 36.929139399999976 ] ], [ [ -86.425149, 36.929139399999976 ], [ -86.4247715, 36.9297632 ] ], [ [ -86.4247715, 36.9297632 ], [ -86.4244832, 36.93014010000001 ] ], [ [ -86.4244832, 36.93014010000001 ], [ -86.4242783, 36.9304079 ] ], [ [ -86.4242783, 36.9304079 ], [ -86.4237419, 36.931131399999984 ] ], [ [ -86.4237419, 36.931131399999984 ], [ -86.4233512, 36.9317654 ] ], [ [ -86.4233512, 36.9317654 ], [ -86.4230117, 36.932323099999984 ] ], [ [ -86.4230117, 36.932323099999984 ], [ -86.422665200000012, 36.9329673 ] ], [ [ -86.422665200000012, 36.9329673 ], [ -86.422442, 36.933410799999983 ] ], [ [ -86.422442, 36.933410799999983 ], [ -86.4223444, 36.933589499999989 ] ], [ [ -86.4223444, 36.933589499999989 ], [ -86.4222021, 36.933854399999987 ] ], [ [ -86.4222021, 36.933854399999987 ], [ -86.4221187, 36.9339971 ] ], [ [ -86.4221187, 36.9339971 ], [ -86.4219878, 36.9342532 ] ], [ [ -86.4219878, 36.9342532 ], [ -86.421862300000015, 36.934490199999985 ] ], [ [ -86.421862300000015, 36.934490199999985 ], [ -86.4217347, 36.934738 ] ], [ [ -86.4217347, 36.934738 ], [ -86.4216436, 36.934915 ] ], [ [ -86.4216436, 36.934915 ], [ -86.4215775, 36.9350396 ] ], [ [ -86.4215775, 36.9350396 ], [ -86.4215156, 36.935191 ] ], [ [ -86.4215156, 36.935191 ], [ -86.421385, 36.9354238 ] ], [ [ -86.421385, 36.9354238 ], [ -86.4213669, 36.935456199999983 ] ], [ [ -86.4213669, 36.935456199999983 ], [ -86.4209838, 36.9362001 ] ], [ [ -86.4209838, 36.9362001 ], [ -86.4208703, 36.936399599999987 ] ], [ [ -86.4208703, 36.936399599999987 ], [ -86.4207987, 36.9365251 ] ], [ [ -86.4207987, 36.9365251 ], [ -86.420623, 36.9368915 ] ], [ [ -86.420623, 36.9368915 ], [ -86.4205918, 36.9369529 ] ], [ [ -86.4205918, 36.9369529 ], [ -86.4205662, 36.9370392 ] ], [ [ -86.4205662, 36.9370392 ], [ -86.4205553, 36.93715250000001 ] ], [ [ -86.4205553, 36.93715250000001 ], [ -86.4205484, 36.937275799999988 ] ], [ [ -86.4205484, 36.937275799999988 ], [ -86.420556, 36.937508 ] ], [ [ -86.420556, 36.937508 ], [ -86.42059, 36.937658 ] ], [ [ -86.42059, 36.937658 ], [ -86.42063, 36.937792 ] ], [ [ -86.42063, 36.937792 ], [ -86.420707, 36.9379853 ] ], [ [ -86.420707, 36.9379853 ], [ -86.4208487, 36.9383292 ] ], [ [ -86.4208487, 36.9383292 ], [ -86.420952900000017, 36.9385766 ] ], [ [ -86.420952900000017, 36.9385766 ], [ -86.4211296, 36.9389961 ] ], [ [ -86.4211296, 36.9389961 ], [ -86.4212681, 36.9393248 ] ], [ [ -86.4212681, 36.9393248 ], [ -86.421328, 36.939467 ] ], [ [ -86.421328, 36.939467 ], [ -86.4213442, 36.939518799999981 ] ], [ [ -86.4213442, 36.939518799999981 ], [ -86.421376, 36.939633 ] ], [ [ -86.421376, 36.939633 ], [ -86.421382, 36.93974 ] ], [ [ -86.421382, 36.93974 ], [ -86.421376, 36.939791 ] ], [ [ -86.421376, 36.939791 ], [ -86.421341, 36.939879 ] ], [ [ -86.421341, 36.939879 ], [ -86.421285, 36.939949 ] ], [ [ -86.421285, 36.939949 ], [ -86.421218, 36.940009 ] ], [ [ -86.421218, 36.940009 ], [ -86.421151, 36.940053 ] ], [ [ -86.421151, 36.940053 ], [ -86.421099, 36.940078 ] ], [ [ -86.421099, 36.940078 ], [ -86.4208164, 36.940156200000011 ] ], [ [ -86.4208164, 36.940156200000011 ], [ -86.4206629, 36.9402004 ] ] ] } },
{ "type": "Feature", "properties": { "name": "Bristow Road", "highway": "residential", "length": 1875.0, "risk_tier": "low", "zone_type": "sinkhole" }, "geometry": { "type": "MultiLineString", "coordinates": [ [ [ -86.3515613, 37.0101251 ], [ -86.351789200000013, 37.0106274 ] ], [ [ -86.351789200000013, 37.0106274 ], [ -86.3518295, 37.0106916 ] ], [ [ -86.3518295, 37.0106916 ], [ -86.3519127, 37.0108239 ] ], [ [ -86.3519127, 37.0108239 ], [ -86.352103, 37.01107 ] ], [ [ -86.352103, 37.01107 ], [ -86.352235, 37.011235 ] ], [ [ -86.352235, 37.011235 ], [ -86.352406, 37.011417 ] ], [ [ -86.352406, 37.011417 ], [ -86.352635, 37.011689 ] ], [ [ -86.352635, 37.011689 ], [ -86.352698, 37.011771 ] ], [ [ -86.352698, 37.011771 ], [ -86.352881, 37.012054 ] ], [ [ -86.352881, 37.012054 ], [ -86.353073, 37.0125098 ] ], [ [ -86.353073, 37.0125098 ], [ -86.3531565, 37.0126781 ] ], [ [ -86.3531565, 37.0126781 ], [ -86.3532198, 37.0127636 ] ], [ [ -86.3532198, 37.0127636 ], [ -86.3532835, 37.0128333 ] ], [ [ -86.3532835, 37.0128333 ], [ -86.353411, 37.012905 ] ], [ [ -86.353411, 37.012905 ], [ -86.3535864, 37.0129665 ] ], [ [ -86.3535864, 37.0129665 ], [ -86.353817, 37.0130322 ] ], [ [ -86.353817, 37.0130322 ], [ -86.354040400000017, 37.0131007 ] ], [ [ -86.354040400000017, 37.0131007 ], [ -86.3541655, 37.0131751 ] ], [ [ -86.3541655, 37.0131751 ], [ -86.3542773, 37.0132532 ] ], [ [ -86.3542773, 37.0132532 ], [ -86.3543367, 37.013312399999975 ] ], [ [ -86.3543367, 37.013312399999975 ], [ -86.354411, 37.013406 ] ], [ [ -86.354411, 37.013406 ], [ -86.3549555, 37.013951099999986 ] ], [ [ -86.3549555, 37.013951099999986 ], [ -86.355193, 37.014241 ] ], [ [ -86.355193, 37.014241 ], [ -86.355364, 37.014423 ] ], [ [ -86.355364, 37.014423 ], [ -86.3558108, 37.0149124 ] ], [ [ -86.3558108, 37.0149124 ], [ -86.355961, 37.015045 ] ], [ [ -86.355961, 37.015045 ], [ -86.3566615, 37.015647299999983 ] ], [ [ -86.3566615, 37.015647299999983 ], [ -86.3573798, 37.0162332 ] ], [ [ -86.3573798, 37.0162332 ], [ -86.3585246, 37.0172121 ] ], [ [ -86.3585246, 37.0172121 ], [ -86.3589197, 37.0175173 ] ], [ [ -86.3589197, 37.0175173 ], [ -86.3594605, 37.0179493 ] ], [ [ -86.3594605, 37.0179493 ], [ -86.3599491, 37.0183557 ] ], [ [ -86.3599491, 37.0183557 ], [ -86.360066, 37.018491 ] ], [ [ -86.360066, 37.018491 ], [ -86.360114, 37.01856 ] ], [ [ -86.360114, 37.01856 ], [ -86.360183, 37.018689 ] ], [ [ -86.360183, 37.018689 ], [ -86.360268, 37.0189014 ] ], [ [ -86.360268, 37.0189014 ], [ -86.3602826, 37.018937899999976 ] ], [ [ -86.3602826, 37.018937899999976 ], [ -86.3603268, 37.0190035 ] ], [ [ -86.3603268, 37.0190035 ], [ -86.360408, 37.019102 ] ], [ [ -86.360408, 37.019102 ], [ -86.360581, 37.019244 ] ], [ [ -86.360581, 37.019244 ], [ -86.3607547, 37.0193454 ] ], [ [ -86.3607547, 37.0193454 ], [ -86.3608569, 37.0194051 ] ], [ [ -86.3608569, 37.0194051 ], [ -86.3611489, 37.0195597 ] ], [ [ -86.3611489, 37.0195597 ], [ -86.3613936, 37.0197023 ] ], [ [ -86.3613936, 37.0197023 ], [ -86.3614809, 37.019797 ] ], [ [ -86.3614809, 37.019797 ], [ -86.3617202, 37.0202094 ] ], [ [ -86.3617202, 37.0202094 ], [ -86.3617863, 37.020289 ] ], [ [ -86.3617863, 37.020289 ], [ -86.361863, 37.020367 ] ], [ [ -86.361863, 37.020367 ], [ -86.362047, 37.020524 ] ], [ [ -86.362047, 37.020524 ], [ -86.362148, 37.020595 ] ], [ [ -86.362148, 37.020595 ], [ -86.36271, 37.021025 ] ], [ [ -86.36271, 37.021025 ], [ -86.3628162, 37.0210847 ] ], [ [ -86.3628162, 37.0210847 ], [ -86.3629574, 37.0211295 ] ], [ [ -86.3629574, 37.0211295 ], [ -86.3631123, 37.021171 ] ], [ [ -86.3631123, 37.021171 ], [ -86.3632913, 37.0211924 ] ], [ [ -86.3632913, 37.0211924 ], [ -86.3634675, 37.021203699999987 ] ], [ [ -86.3634675, 37.021203699999987 ], [ -86.363556, 37.0212034 ] ], [ [ -86.363556, 37.0212034 ], [ -86.3637121, 37.0212029 ] ], [ [ -86.3637121, 37.0212029 ], [ -86.3639492, 37.0211972 ] ], [ [ -86.3639492, 37.0211972 ], [ -86.364214, 37.0212101 ] ], [ [ -86.364214, 37.0212101 ], [ -86.3645009, 37.0212693 ] ], [ [ -86.3645009, 37.0212693 ], [ -86.3645889, 37.021298 ] ], [ [ -86.3645889, 37.021298 ], [ -86.3647035, 37.0213355 ] ], [ [ -86.3647035, 37.0213355 ], [ -86.3648857, 37.0214244 ] ], [ [ -86.3648857, 37.0214244 ], [ -86.3649718, 37.0214829 ] ], [ [ -86.3649718, 37.0214829 ], [ -86.3650047, 37.0215052 ] ], [ [ -86.3650047, 37.0215052 ], [ -86.3652992, 37.0218378 ] ], [ [ -86.3652992, 37.0218378 ], [ -86.3654081, 37.0219829 ] ] ] } },
{ "type": "Feature", "properties": { "name": "Sagittarius Avenue", "highway": "residential", "length": 740.0, "risk_tier": "low", "zone_type": "sinkhole" }, "geometry": { "type": "MultiLineString", "coordinates": [ [ [ -86.4986175, 36.9771781 ], [ -86.4988923, 36.9762484 ] ], [ [ -86.4988923, 36.9762484 ], [ -86.4992926, 36.974894299999988 ] ], [ [ -86.4992926, 36.974894299999988 ], [ -86.4993206, 36.9746928 ] ], [ [ -86.4993206, 36.9746928 ], [ -86.4993019, 36.974461499999983 ] ], [ [ -86.4993019, 36.974461499999983 ], [ -86.4992272, 36.974245099999976 ] ], [ [ -86.4992272, 36.974245099999976 ], [ -86.4990871, 36.9740586 ] ], [ [ -86.4990871, 36.9740586 ], [ -86.4989657, 36.9739467 ] ], [ [ -86.4989657, 36.9739467 ], [ -86.4988069, 36.9738497 ] ], [ [ -86.4988069, 36.9738497 ], [ -86.4986481, 36.9737676 ] ], [ [ -86.4986481, 36.9737676 ], [ -86.4984893, 36.9737153 ] ], [ [ -86.4984893, 36.9737153 ], [ -86.4980453, 36.9736215 ] ], [ [ -86.4980453, 36.9736215 ], [ -86.4976092, 36.9735453 ] ], [ [ -86.4976092, 36.9735453 ], [ -86.4975599, 36.9735302 ] ], [ [ -86.4975599, 36.9735302 ], [ -86.4975241, 36.973488200000013 ] ], [ [ -86.4975241, 36.973488200000013 ], [ -86.4975223, 36.973438899999984 ] ], [ [ -86.4975223, 36.973438899999984 ], [ -86.4975303, 36.9733406 ] ], [ [ -86.4975303, 36.9733406 ], [ -86.4975155, 36.9732392 ] ], [ [ -86.4975155, 36.9732392 ], [ -86.4974995, 36.9731388 ] ], [ [ -86.4974995, 36.9731388 ], [ -86.4974555, 36.9730433 ] ], [ [ -86.4974555, 36.9730433 ], [ -86.4973239, 36.9728445 ] ], [ [ -86.4973239, 36.9728445 ], [ -86.4971102, 36.9726585 ] ], [ [ -86.4971102, 36.9726585 ], [ -86.4968331, 36.9724929 ] ], [ [ -86.4968331, 36.9724929 ], [ -86.4964264, 36.9722431 ] ], [ [ -86.4964264, 36.9722431 ], [ -86.4960243, 36.9720034 ] ] ] } },
{ "type": "Feature", "properties": { "name": "West Park Drive", "highway": "unclassified", "length": 766.0, "risk_tier": "low", "zone_type": "sinkhole" }, "geometry": { "type": "MultiLineString", "coordinates": [ [ [ -86.4344509, 36.9554058 ], [ -86.4346435, 36.955305199999984 ] ], [ [ -86.4346435, 36.955305199999984 ], [ -86.4349353, 36.955181799999977 ] ], [ [ -86.4349353, 36.955181799999977 ], [ -86.4352357, 36.955072 ] ], [ [ -86.4352357, 36.955072 ], [ -86.4353846, 36.955028 ] ], [ [ -86.4353846, 36.955028 ], [ -86.435427, 36.9550159 ] ], [ [ -86.435427, 36.9550159 ], [ -86.4356563, 36.9549486 ] ], [ [ -86.4356563, 36.9549486 ], [ -86.4360082, 36.9548388 ] ], [ [ -86.4360082, 36.9548388 ], [ -86.4362305, 36.9547704 ] ], [ [ -86.4362305, 36.9547704 ], [ -86.4363429, 36.954735899999989 ] ], [ [ -86.4363429, 36.954735899999989 ], [ -86.4367806, 36.9545919 ] ], [ [ -86.4367806, 36.9545919 ], [ -86.4368433, 36.9545715 ] ], [ [ -86.4368433, 36.9545715 ], [ -86.4370553, 36.954502699999971 ] ], [ [ -86.4370553, 36.954502699999971 ], [ -86.4373042, 36.9543998 ] ], [ [ -86.4373042, 36.9543998 ], [ -86.4375102, 36.9542695 ] ], [ [ -86.4375102, 36.9542695 ], [ -86.4377419, 36.9541529 ] ], [ [ -86.4377419, 36.9541529 ], [ -86.4379222, 36.9540295 ] ], [ [ -86.4379222, 36.9540295 ], [ -86.4380464, 36.9539573 ] ], [ [ -86.4380464, 36.9539573 ], [ -86.438111, 36.9539197 ] ], [ [ -86.438111, 36.9539197 ], [ -86.4383513, 36.9538031 ] ], [ [ -86.4383513, 36.9538031 ], [ -86.4385068, 36.953745500000011 ] ], [ [ -86.4385068, 36.953745500000011 ], [ -86.4385917, 36.953714 ] ], [ [ -86.4385917, 36.953714 ], [ -86.4389092, 36.9536179 ] ], [ [ -86.4389092, 36.9536179 ], [ -86.4392011, 36.9535356 ] ], [ [ -86.4392011, 36.9535356 ], [ -86.4394757, 36.953432700000015 ] ], [ [ -86.4394757, 36.953432700000015 ], [ -86.4396989, 36.953323 ] ], [ [ -86.4396989, 36.953323 ], [ -86.4399564, 36.9531584 ] ], [ [ -86.4399564, 36.9531584 ], [ -86.440171, 36.9530212 ] ], [ [ -86.440171, 36.9530212 ], [ -86.440428400000016, 36.9528292 ] ], [ [ -86.440428400000016, 36.9528292 ], [ -86.4405915, 36.9526714 ] ], [ [ -86.4405915, 36.9526714 ], [ -86.4408466, 36.9524136 ] ], [ [ -86.4408466, 36.9524136 ], [ -86.4409552, 36.952299 ] ], [ [ -86.4409552, 36.952299 ], [ -86.4414255, 36.9518456 ] ], [ [ -86.4414255, 36.9518456 ], [ -86.4415206, 36.9517171 ] ] ] } },
{ "type": "Feature", "properties": { "name": "West Park Drive", "highway": "unclassified", "length": 766.0, "risk_tier": "low", "zone_type": "sinkhole" }, "geometry": { "type": "MultiLineString", "coordinates": [ [ [ -86.4344509, 36.9554058 ], [ -86.4346435, 36.955305199999984 ] ], [ [ -86.4346435, 36.955305199999984 ], [ -86.4349353, 36.955181799999977 ] ], [ [ -86.4349353, 36.955181799999977 ], [ -86.4352357, 36.955072 ] ], [ [ -86.4352357, 36.955072 ], [ -86.4353846, 36.955028 ] ], [ [ -86.4353846, 36.955028 ], [ -86.435427, 36.9550159 ] ], [ [ -86.435427, 36.9550159 ], [ -86.4356563, 36.9549486 ] ], [ [ -86.4356563, 36.9549486 ], [ -86.4360082, 36.9548388 ] ], [ [ -86.4360082, 36.9548388 ], [ -86.4362305, 36.9547704 ] ], [ [ -86.4362305, 36.9547704 ], [ -86.4363429, 36.954735899999989 ] ], [ [ -86.4363429, 36.954735899999989 ], [ -86.4367806, 36.9545919 ] ], [ [ -86.4367806, 36.9545919 ], [ -86.4368433, 36.9545715 ] ], [ [ -86.4368433, 36.9545715 ], [ -86.4370553, 36.954502699999971 ] ], [ [ -86.4370553, 36.954502699999971 ], [ -86.4373042, 36.9543998 ] ], [ [ -86.4373042, 36.9543998 ], [ -86.4375102, 36.9542695 ] ], [ [ -86.4375102, 36.9542695 ], [ -86.4377419, 36.9541529 ] ], [ [ -86.4377419, 36.9541529 ], [ -86.4379222, 36.9540295 ] ], [ [ -86.4379222, 36.9540295 ], [ -86.4380464, 36.9539573 ] ], [ [ -86.4380464, 36.9539573 ], [ -86.438111, 36.9539197 ] ], [ [ -86.438111, 36.9539197 ], [ -86.4383513, 36.9538031 ] ], [ [ -86.4383513, 36.9538031 ], [ -86.4385068, 36.953745500000011 ] ], [ [ -86.4385068, 36.953745500000011 ], [ -86.4385917, 36.953714 ] ], [ [ -86.4385917, 36.953714 ], [ -86.4389092, 36.9536179 ] ], [ [ -86.4389092, 36.9536179 ], [ -86.4392011, 36.9535356 ] ], [ [ -86.4392011, 36.9535356 ], [ -86.4394757, 36.953432700000015 ] ], [ [ -86.4394757, 36.953432700000015 ], [ -86.4396989, 36.953323 ] ], [ [ -86.4396989, 36.953323 ], [ -86.4399564, 36.9531584 ] ], [ [ -86.4399564, 36.9531584 ], [ -86.440171, 36.9530212 ] ], [ [ -86.440171, 36.9530212 ], [ -86.440428400000016, 36.9528292 ] ], [ [ -86.440428400000016, 36.9528292 ], [ -86.4405915, 36.9526714 ] ], [ [ -86.4405915, 36.9526714 ], [ -86.4408466, 36.9524136 ] ], [ [ -86.4408466, 36.9524136 ], [ -86.4409552, 36.952299 ] ], [ [ -86.4409552, 36.952299 ], [ -86.4414255, 36.9518456 ] ], [ [ -86.4414255, 36.9518456 ], [ -86.4415206, 36.9517171 ] ] ] } },
{ "type": "Feature", "properties": { "name": "Ken Bale Boulevard", "highway": "secondary", "length": 990.0, "risk_tier": "low", "zone_type": "sinkhole" }, "geometry": { "type": "MultiLineString", "coordinates": [ [ [ -86.4186229, 36.9464576 ], [ -86.4186017, 36.946403599999989 ] ], [ [ -86.4186017, 36.946403599999989 ], [ -86.4184558, 36.946184 ] ], [ [ -86.4184558, 36.946184 ], [ -86.4183099, 36.94604 ] ], [ [ -86.4183099, 36.94604 ], [ -86.4179494, 36.945813599999987 ] ], [ [ -86.4179494, 36.945813599999987 ], [ -86.4176747, 36.945649 ] ], [ [ -86.4176747, 36.945649 ], [ -86.4173657, 36.9454981 ] ], [ [ -86.4173657, 36.9454981 ], [ -86.4170739, 36.9453815 ] ], [ [ -86.4170739, 36.9453815 ], [ -86.4167134, 36.9451963 ] ], [ [ -86.4167134, 36.9451963 ], [ -86.4164645, 36.945011 ] ], [ [ -86.4164645, 36.945011 ], [ -86.4162843, 36.9448121 ] ], [ [ -86.4162843, 36.9448121 ], [ -86.4161384, 36.9444623 ] ], [ [ -86.4161384, 36.9444623 ], [ -86.4161252, 36.9442468 ] ], [ [ -86.4161252, 36.9442468 ], [ -86.4161212, 36.944181 ] ], [ [ -86.4161212, 36.944181 ], [ -86.4162156, 36.9438037 ] ], [ [ -86.4162156, 36.9438037 ], [ -86.416421600000021, 36.9434607 ] ], [ [ -86.416421600000021, 36.9434607 ], [ -86.4165755, 36.9432427 ] ], [ [ -86.4165755, 36.9432427 ], [ -86.4166104, 36.9431932 ] ], [ [ -86.4166104, 36.9431932 ], [ -86.4167735, 36.9429257 ] ], [ [ -86.4167735, 36.9429257 ], [ -86.41697090000001, 36.9426238 ] ], [ [ -86.41697090000001, 36.9426238 ], [ -86.4173829, 36.9419447 ] ], [ [ -86.4173829, 36.9419447 ], [ -86.4175803, 36.9416017 ] ], [ [ -86.4175803, 36.9416017 ], [ -86.417865, 36.9411757 ] ], [ [ -86.417865, 36.9411757 ], [ -86.4181554, 36.9407511 ] ], [ [ -86.4181554, 36.9407511 ], [ -86.4184558, 36.940559 ] ], [ [ -86.4184558, 36.940559 ], [ -86.4186497, 36.9404752 ] ], [ [ -86.4186497, 36.9404752 ], [ -86.4187734, 36.9404218 ] ], [ [ -86.4187734, 36.9404218 ], [ -86.419151, 36.94036 ] ], [ [ -86.419151, 36.94036 ], [ -86.4194253, 36.94036 ] ], [ [ -86.4194253, 36.94036 ], [ -86.4195802, 36.94036 ] ], [ [ -86.4195802, 36.94036 ], [ -86.4199932, 36.9403364 ] ], [ [ -86.4199932, 36.9403364 ], [ -86.420287, 36.940292 ] ], [ [ -86.420287, 36.940292 ], [ -86.420392, 36.940268 ] ] ] } },
{ "type": "Feature", "properties": { "name": "Ken Bale Boulevard", "highway": "secondary", "length": 990.0, "risk_tier": "low", "zone_type": "sinkhole" }, "geometry": { "type": "MultiLineString", "coordinates": [ [ [ -86.4186229, 36.9464576 ], [ -86.4186017, 36.946403599999989 ] ], [ [ -86.4186017, 36.946403599999989 ], [ -86.4184558, 36.946184 ] ], [ [ -86.4184558, 36.946184 ], [ -86.4183099, 36.94604 ] ], [ [ -86.4183099, 36.94604 ], [ -86.4179494, 36.945813599999987 ] ], [ [ -86.4179494, 36.945813599999987 ], [ -86.4176747, 36.945649 ] ], [ [ -86.4176747, 36.945649 ], [ -86.4173657, 36.9454981 ] ], [ [ -86.4173657, 36.9454981 ], [ -86.4170739, 36.9453815 ] ], [ [ -86.4170739, 36.9453815 ], [ -86.4167134, 36.9451963 ] ], [ [ -86.4167134, 36.9451963 ], [ -86.4164645, 36.945011 ] ], [ [ -86.4164645, 36.945011 ], [ -86.4162843, 36.9448121 ] ], [ [ -86.4162843, 36.9448121 ], [ -86.4161384, 36.9444623 ] ], [ [ -86.4161384, 36.9444623 ], [ -86.4161252, 36.9442468 ] ], [ [ -86.4161252, 36.9442468 ], [ -86.4161212, 36.944181 ] ], [ [ -86.4161212, 36.944181 ], [ -86.4162156, 36.9438037 ] ], [ [ -86.4162156, 36.9438037 ], [ -86.416421600000021, 36.9434607 ] ], [ [ -86.416421600000021, 36.9434607 ], [ -86.4165755, 36.9432427 ] ], [ [ -86.4165755, 36.9432427 ], [ -86.4166104, 36.9431932 ] ], [ [ -86.4166104, 36.9431932 ], [ -86.4167735, 36.9429257 ] ], [ [ -86.4167735, 36.9429257 ], [ -86.41697090000001, 36.9426238 ] ], [ [ -86.41697090000001, 36.9426238 ], [ -86.4173829, 36.9419447 ] ], [ [ -86.4173829, 36.9419447 ], [ -86.4175803, 36.9416017 ] ], [ [ -86.4175803, 36.9416017 ], [ -86.417865, 36.9411757 ] ], [ [ -86.417865, 36.9411757 ], [ -86.4181554, 36.9407511 ] ], [ [ -86.4181554, 36.9407511 ], [ -86.4184558, 36.940559 ] ], [ [ -86.4184558, 36.940559 ], [ -86.4186497, 36.9404752 ] ], [ [ -86.4186497, 36.9404752 ], [ -86.4187734, 36.9404218 ] ], [ [ -86.4187734, 36.9404218 ], [ -86.419151, 36.94036 ] ], [ [ -86.419151, 36.94036 ], [ -86.4194253, 36.94036 ] ], [ [ -86.4194253, 36.94036 ], [ -86.4195802, 36.94036 ] ], [ [ -86.4195802, 36.94036 ], [ -86.4199932, 36.9403364 ] ], [ [ -86.4199932, 36.9403364 ], [ -86.420287, 36.940292 ] ], [ [ -86.420287, 36.940292 ], [ -86.420392, 36.940268 ] ] ] } },
{ "type": "Feature", "properties": { "name": "Ken Bale Boulevard", "highway": "secondary", "length": 990.0, "risk_tier": "low", "zone_type": "sinkhole" }, "geometry": { "type": "MultiLineString", "coordinates": [ [ [ -86.4186229, 36.9464576 ], [ -86.4186017, 36.946403599999989 ] ], [ [ -86.4186017, 36.946403599999989 ], [ -86.4184558, 36.946184 ] ], [ [ -86.4184558, 36.946184 ], [ -86.4183099, 36.94604 ] ], [ [ -86.4183099, 36.94604 ], [ -86.4179494, 36.945813599999987 ] ], [ [ -86.4179494, 36.945813599999987 ], [ -86.4176747, 36.945649 ] ], [ [ -86.4176747, 36.945649 ], [ -86.4173657, 36.9454981 ] ], [ [ -86.4173657, 36.9454981 ], [ -86.4170739, 36.9453815 ] ], [ [ -86.4170739, 36.9453815 ], [ -86.4167134, 36.9451963 ] ], [ [ -86.4167134, 36.9451963 ], [ -86.4164645, 36.945011 ] ], [ [ -86.4164645, 36.945011 ], [ -86.4162843, 36.9448121 ] ], [ [ -86.4162843, 36.9448121 ], [ -86.4161384, 36.9444623 ] ], [ [ -86.4161384, 36.9444623 ], [ -86.4161252, 36.9442468 ] ], [ [ -86.4161252, 36.9442468 ], [ -86.4161212, 36.944181 ] ], [ [ -86.4161212, 36.944181 ], [ -86.4162156, 36.9438037 ] ], [ [ -86.4162156, 36.9438037 ], [ -86.416421600000021, 36.9434607 ] ], [ [ -86.416421600000021, 36.9434607 ], [ -86.4165755, 36.9432427 ] ], [ [ -86.4165755, 36.9432427 ], [ -86.4166104, 36.9431932 ] ], [ [ -86.4166104, 36.9431932 ], [ -86.4167735, 36.9429257 ] ], [ [ -86.4167735, 36.9429257 ], [ -86.41697090000001, 36.9426238 ] ], [ [ -86.41697090000001, 36.9426238 ], [ -86.4173829, 36.9419447 ] ], [ [ -86.4173829, 36.9419447 ], [ -86.4175803, 36.9416017 ] ], [ [ -86.4175803, 36.9416017 ], [ -86.417865, 36.9411757 ] ], [ [ -86.417865, 36.9411757 ], [ -86.4181554, 36.9407511 ] ], [ [ -86.4181554, 36.9407511 ], [ -86.4184558, 36.940559 ] ], [ [ -86.4184558, 36.940559 ], [ -86.4186497, 36.9404752 ] ], [ [ -86.4186497, 36.9404752 ], [ -86.4187734, 36.9404218 ] ], [ [ -86.4187734, 36.9404218 ], [ -86.419151, 36.94036 ] ], [ [ -86.419151, 36.94036 ], [ -86.4194253, 36.94036 ] ], [ [ -86.4194253, 36.94036 ], [ -86.4195802, 36.94036 ] ], [ [ -86.4195802, 36.94036 ], [ -86.4199932, 36.9403364 ] ], [ [ -86.4199932, 36.9403364 ], [ -86.420287, 36.940292 ] ], [ [ -86.420287, 36.940292 ], [ -86.420392, 36.940268 ] ] ] } },
{ "type": "Feature", "properties": { "name": "Ken Bale Boulevard", "highway": "secondary", "length": 990.0, "risk_tier": "low", "zone_type": "sinkhole" }, "geometry": { "type": "MultiLineString", "coordinates": [ [ [ -86.4186229, 36.9464576 ], [ -86.4186017, 36.946403599999989 ] ], [ [ -86.4186017, 36.946403599999989 ], [ -86.4184558, 36.946184 ] ], [ [ -86.4184558, 36.946184 ], [ -86.4183099, 36.94604 ] ], [ [ -86.4183099, 36.94604 ], [ -86.4179494, 36.945813599999987 ] ], [ [ -86.4179494, 36.945813599999987 ], [ -86.4176747, 36.945649 ] ], [ [ -86.4176747, 36.945649 ], [ -86.4173657, 36.9454981 ] ], [ [ -86.4173657, 36.9454981 ], [ -86.4170739, 36.9453815 ] ], [ [ -86.4170739, 36.9453815 ], [ -86.4167134, 36.9451963 ] ], [ [ -86.4167134, 36.9451963 ], [ -86.4164645, 36.945011 ] ], [ [ -86.4164645, 36.945011 ], [ -86.4162843, 36.9448121 ] ], [ [ -86.4162843, 36.9448121 ], [ -86.4161384, 36.9444623 ] ], [ [ -86.4161384, 36.9444623 ], [ -86.4161252, 36.9442468 ] ], [ [ -86.4161252, 36.9442468 ], [ -86.4161212, 36.944181 ] ], [ [ -86.4161212, 36.944181 ], [ -86.4162156, 36.9438037 ] ], [ [ -86.4162156, 36.9438037 ], [ -86.416421600000021, 36.9434607 ] ], [ [ -86.416421600000021, 36.9434607 ], [ -86.4165755, 36.9432427 ] ], [ [ -86.4165755, 36.9432427 ], [ -86.4166104, 36.9431932 ] ], [ [ -86.4166104, 36.9431932 ], [ -86.4167735, 36.9429257 ] ], [ [ -86.4167735, 36.9429257 ], [ -86.41697090000001, 36.9426238 ] ], [ [ -86.41697090000001, 36.9426238 ], [ -86.4173829, 36.9419447 ] ], [ [ -86.4173829, 36.9419447 ], [ -86.4175803, 36.9416017 ] ], [ [ -86.4175803, 36.9416017 ], [ -86.417865, 36.9411757 ] ], [ [ -86.417865, 36.9411757 ], [ -86.4181554, 36.9407511 ] ], [ [ -86.4181554, 36.9407511 ], [ -86.4184558, 36.940559 ] ], [ [ -86.4184558, 36.940559 ], [ -86.4186497, 36.9404752 ] ], [ [ -86.4186497, 36.9404752 ], [ -86.4187734, 36.9404218 ] ], [ [ -86.4187734, 36.9404218 ], [ -86.419151, 36.94036 ] ], [ [ -86.419151, 36.94036 ], [ -86.4194253, 36.94036 ] ], [ [ -86.4194253, 36.94036 ], [ -86.4195802, 36.94036 ] ], [ [ -86.4195802, 36.94036 ], [ -86.4199932, 36.9403364 ] ], [ [ -86.4199932, 36.9403364 ], [ -86.420287, 36.940292 ] ], [ [ -86.420287, 36.940292 ], [ -86.420392, 36.940268 ] ] ] } },
{ "type": "Feature", "properties": { "name": "Ken Bale Boulevard", "highway": "secondary", "length": 990.0, "risk_tier": "low", "zone_type": "sinkhole" }, "geometry": { "type": "MultiLineString", "coordinates": [ [ [ -86.4186229, 36.9464576 ], [ -86.4186017, 36.946403599999989 ] ], [ [ -86.4186017, 36.946403599999989 ], [ -86.4184558, 36.946184 ] ], [ [ -86.4184558, 36.946184 ], [ -86.4183099, 36.94604 ] ], [ [ -86.4183099, 36.94604 ], [ -86.4179494, 36.945813599999987 ] ], [ [ -86.4179494, 36.945813599999987 ], [ -86.4176747, 36.945649 ] ], [ [ -86.4176747, 36.945649 ], [ -86.4173657, 36.9454981 ] ], [ [ -86.4173657, 36.9454981 ], [ -86.4170739, 36.9453815 ] ], [ [ -86.4170739, 36.9453815 ], [ -86.4167134, 36.9451963 ] ], [ [ -86.4167134, 36.9451963 ], [ -86.4164645, 36.945011 ] ], [ [ -86.4164645, 36.945011 ], [ -86.4162843, 36.9448121 ] ], [ [ -86.4162843, 36.9448121 ], [ -86.4161384, 36.9444623 ] ], [ [ -86.4161384, 36.9444623 ], [ -86.4161252, 36.9442468 ] ], [ [ -86.4161252, 36.9442468 ], [ -86.4161212, 36.944181 ] ], [ [ -86.4161212, 36.944181 ], [ -86.4162156, 36.9438037 ] ], [ [ -86.4162156, 36.9438037 ], [ -86.416421600000021, 36.9434607 ] ], [ [ -86.416421600000021, 36.9434607 ], [ -86.4165755, 36.9432427 ] ], [ [ -86.4165755, 36.9432427 ], [ -86.4166104, 36.9431932 ] ], [ [ -86.4166104, 36.9431932 ], [ -86.4167735, 36.9429257 ] ], [ [ -86.4167735, 36.9429257 ], [ -86.41697090000001, 36.9426238 ] ], [ [ -86.41697090000001, 36.9426238 ], [ -86.4173829, 36.9419447 ] ], [ [ -86.4173829, 36.9419447 ], [ -86.4175803, 36.9416017 ] ], [ [ -86.4175803, 36.9416017 ], [ -86.417865, 36.9411757 ] ], [ [ -86.417865, 36.9411757 ], [ -86.4181554, 36.9407511 ] ], [ [ -86.4181554, 36.9407511 ], [ -86.4184558, 36.940559 ] ], [ [ -86.4184558, 36.940559 ], [ -86.4186497, 36.9404752 ] ], [ [ -86.4186497, 36.9404752 ], [ -86.4187734, 36.9404218 ] ], [ [ -86.4187734, 36.9404218 ], [ -86.419151, 36.94036 ] ], [ [ -86.419151, 36.94036 ], [ -86.4194253, 36.94036 ] ], [ [ -86.4194253, 36.94036 ], [ -86.4195802, 36.94036 ] ], [ [ -86.4195802, 36.94036 ], [ -86.4199932, 36.9403364 ] ], [ [ -86.4199932, 36.9403364 ], [ -86.420287, 36.940292 ] ], [ [ -86.420287, 36.940292 ], [ -86.420392, 36.940268 ] ] ] } },
{ "type": "Feature", "properties": { "name": "Ken Bale Boulevard", "highway": "secondary", "length": 990.0, "risk_tier": "low", "zone_type": "sinkhole" }, "geometry": { "type": "MultiLineString", "coordinates": [ [ [ -86.4186229, 36.9464576 ], [ -86.4186017, 36.946403599999989 ] ], [ [ -86.4186017, 36.946403599999989 ], [ -86.4184558, 36.946184 ] ], [ [ -86.4184558, 36.946184 ], [ -86.4183099, 36.94604 ] ], [ [ -86.4183099, 36.94604 ], [ -86.4179494, 36.945813599999987 ] ], [ [ -86.4179494, 36.945813599999987 ], [ -86.4176747, 36.945649 ] ], [ [ -86.4176747, 36.945649 ], [ -86.4173657, 36.9454981 ] ], [ [ -86.4173657, 36.9454981 ], [ -86.4170739, 36.9453815 ] ], [ [ -86.4170739, 36.9453815 ], [ -86.4167134, 36.9451963 ] ], [ [ -86.4167134, 36.9451963 ], [ -86.4164645, 36.945011 ] ], [ [ -86.4164645, 36.945011 ], [ -86.4162843, 36.9448121 ] ], [ [ -86.4162843, 36.9448121 ], [ -86.4161384, 36.9444623 ] ], [ [ -86.4161384, 36.9444623 ], [ -86.4161252, 36.9442468 ] ], [ [ -86.4161252, 36.9442468 ], [ -86.4161212, 36.944181 ] ], [ [ -86.4161212, 36.944181 ], [ -86.4162156, 36.9438037 ] ], [ [ -86.4162156, 36.9438037 ], [ -86.416421600000021, 36.9434607 ] ], [ [ -86.416421600000021, 36.9434607 ], [ -86.4165755, 36.9432427 ] ], [ [ -86.4165755, 36.9432427 ], [ -86.4166104, 36.9431932 ] ], [ [ -86.4166104, 36.9431932 ], [ -86.4167735, 36.9429257 ] ], [ [ -86.4167735, 36.9429257 ], [ -86.41697090000001, 36.9426238 ] ], [ [ -86.41697090000001, 36.9426238 ], [ -86.4173829, 36.9419447 ] ], [ [ -86.4173829, 36.9419447 ], [ -86.4175803, 36.9416017 ] ], [ [ -86.4175803, 36.9416017 ], [ -86.417865, 36.9411757 ] ], [ [ -86.417865, 36.9411757 ], [ -86.4181554, 36.9407511 ] ], [ [ -86.4181554, 36.9407511 ], [ -86.4184558, 36.940559 ] ], [ [ -86.4184558, 36.940559 ], [ -86.4186497, 36.9404752 ] ], [ [ -86.4186497, 36.9404752 ], [ -86.4187734, 36.9404218 ] ], [ [ -86.4187734, 36.9404218 ], [ -86.419151, 36.94036 ] ], [ [ -86.419151, 36.94036 ], [ -86.4194253, 36.94036 ] ], [ [ -86.4194253, 36.94036 ], [ -86.4195802, 36.94036 ] ], [ [ -86.4195802, 36.94036 ], [ -86.4199932, 36.9403364 ] ], [ [ -86.4199932, 36.9403364 ], [ -86.420287, 36.940292 ] ], [ [ -86.420287, 36.940292 ], [ -86.420392, 36.940268 ] ] ] } },
{ "type": "Feature", "properties": { "name": "Ken Bale Boulevard", "highway": "secondary", "length": 990.0, "risk_tier": "low", "zone_type": "sinkhole" }, "geometry": { "type": "MultiLineString", "coordinates": [ [ [ -86.4186229, 36.9464576 ], [ -86.4186017, 36.946403599999989 ] ], [ [ -86.4186017, 36.946403599999989 ], [ -86.4184558, 36.946184 ] ], [ [ -86.4184558, 36.946184 ], [ -86.4183099, 36.94604 ] ], [ [ -86.4183099, 36.94604 ], [ -86.4179494, 36.945813599999987 ] ], [ [ -86.4179494, 36.945813599999987 ], [ -86.4176747, 36.945649 ] ], [ [ -86.4176747, 36.945649 ], [ -86.4173657, 36.9454981 ] ], [ [ -86.4173657, 36.9454981 ], [ -86.4170739, 36.9453815 ] ], [ [ -86.4170739, 36.9453815 ], [ -86.4167134, 36.9451963 ] ], [ [ -86.4167134, 36.9451963 ], [ -86.4164645, 36.945011 ] ], [ [ -86.4164645, 36.945011 ], [ -86.4162843, 36.9448121 ] ], [ [ -86.4162843, 36.9448121 ], [ -86.4161384, 36.9444623 ] ], [ [ -86.4161384, 36.9444623 ], [ -86.4161252, 36.9442468 ] ], [ [ -86.4161252, 36.9442468 ], [ -86.4161212, 36.944181 ] ], [ [ -86.4161212, 36.944181 ], [ -86.4162156, 36.9438037 ] ], [ [ -86.4162156, 36.9438037 ], [ -86.416421600000021, 36.9434607 ] ], [ [ -86.416421600000021, 36.9434607 ], [ -86.4165755, 36.9432427 ] ], [ [ -86.4165755, 36.9432427 ], [ -86.4166104, 36.9431932 ] ], [ [ -86.4166104, 36.9431932 ], [ -86.4167735, 36.9429257 ] ], [ [ -86.4167735, 36.9429257 ], [ -86.41697090000001, 36.9426238 ] ], [ [ -86.41697090000001, 36.9426238 ], [ -86.4173829, 36.9419447 ] ], [ [ -86.4173829, 36.9419447 ], [ -86.4175803, 36.9416017 ] ], [ [ -86.4175803, 36.9416017 ], [ -86.417865, 36.9411757 ] ], [ [ -86.417865, 36.9411757 ], [ -86.4181554, 36.9407511 ] ], [ [ -86.4181554, 36.9407511 ], [ -86.4184558, 36.940559 ] ], [ [ -86.4184558, 36.940559 ], [ -86.4186497, 36.9404752 ] ], [ [ -86.4186497, 36.9404752 ], [ -86.4187734, 36.9404218 ] ], [ [ -86.4187734, 36.9404218 ], [ -86.419151, 36.94036 ] ], [ [ -86.419151, 36.94036 ], [ -86.4194253, 36.94036 ] ], [ [ -86.4194253, 36.94036 ], [ -86.4195802, 36.94036 ] ], [ [ -86.4195802, 36.94036 ], [ -86.4199932, 36.9403364 ] ], [ [ -86.4199932, 36.9403364 ], [ -86.420287, 36.940292 ] ], [ [ -86.420287, 36.940292 ], [ -86.420392, 36.940268 ] ] ] } },
{ "type": "Feature", "properties": { "name": "Ken Bale Boulevard", "highway": "secondary", "length": 990.0, "risk_tier": "low", "zone_type": "sinkhole" }, "geometry": { "type": "MultiLineString", "coordinates": [ [ [ -86.4186229, 36.9464576 ], [ -86.4186017, 36.946403599999989 ] ], [ [ -86.4186017, 36.946403599999989 ], [ -86.4184558, 36.946184 ] ], [ [ -86.4184558, 36.946184 ], [ -86.4183099, 36.94604 ] ], [ [ -86.4183099, 36.94604 ], [ -86.4179494, 36.945813599999987 ] ], [ [ -86.4179494, 36.945813599999987 ], [ -86.4176747, 36.945649 ] ], [ [ -86.4176747, 36.945649 ], [ -86.4173657, 36.9454981 ] ], [ [ -86.4173657, 36.9454981 ], [ -86.4170739, 36.9453815 ] ], [ [ -86.4170739, 36.9453815 ], [ -86.4167134, 36.9451963 ] ], [ [ -86.4167134, 36.9451963 ], [ -86.4164645, 36.945011 ] ], [ [ -86.4164645, 36.945011 ], [ -86.4162843, 36.9448121 ] ], [ [ -86.4162843, 36.9448121 ], [ -86.4161384, 36.9444623 ] ], [ [ -86.4161384, 36.9444623 ], [ -86.4161252, 36.9442468 ] ], [ [ -86.4161252, 36.9442468 ], [ -86.4161212, 36.944181 ] ], [ [ -86.4161212, 36.944181 ], [ -86.4162156, 36.9438037 ] ], [ [ -86.4162156, 36.9438037 ], [ -86.416421600000021, 36.9434607 ] ], [ [ -86.416421600000021, 36.9434607 ], [ -86.4165755, 36.9432427 ] ], [ [ -86.4165755, 36.9432427 ], [ -86.4166104, 36.9431932 ] ], [ [ -86.4166104, 36.9431932 ], [ -86.4167735, 36.9429257 ] ], [ [ -86.4167735, 36.9429257 ], [ -86.41697090000001, 36.9426238 ] ], [ [ -86.41697090000001, 36.9426238 ], [ -86.4173829, 36.9419447 ] ], [ [ -86.4173829, 36.9419447 ], [ -86.4175803, 36.9416017 ] ], [ [ -86.4175803, 36.9416017 ], [ -86.417865, 36.9411757 ] ], [ [ -86.417865, 36.9411757 ], [ -86.4181554, 36.9407511 ] ], [ [ -86.4181554, 36.9407511 ], [ -86.4184558, 36.940559 ] ], [ [ -86.4184558, 36.940559 ], [ -86.4186497, 36.9404752 ] ], [ [ -86.4186497, 36.9404752 ], [ -86.4187734, 36.9404218 ] ], [ [ -86.4187734, 36.9404218 ], [ -86.419151, 36.94036 ] ], [ [ -86.419151, 36.94036 ], [ -86.4194253, 36.94036 ] ], [ [ -86.4194253, 36.94036 ], [ -86.4195802, 36.94036 ] ], [ [ -86.4195802, 36.94036 ], [ -86.4199932, 36.9403364 ] ], [ [ -86.4199932, 36.9403364 ], [ -86.420287, 36.940292 ] ], [ [ -86.420287, 36.940292 ], [ -86.420392, 36.940268 ] ] ] } },
{ "type": "Feature", "properties": { "name": "Ken Bale Boulevard", "highway": "secondary", "length": 990.0, "risk_tier": "low", "zone_type": "sinkhole" }, "geometry": { "type": "MultiLineString", "coordinates": [ [ [ -86.4186229, 36.9464576 ], [ -86.4186017, 36.946403599999989 ] ], [ [ -86.4186017, 36.946403599999989 ], [ -86.4184558, 36.946184 ] ], [ [ -86.4184558, 36.946184 ], [ -86.4183099, 36.94604 ] ], [ [ -86.4183099, 36.94604 ], [ -86.4179494, 36.945813599999987 ] ], [ [ -86.4179494, 36.945813599999987 ], [ -86.4176747, 36.945649 ] ], [ [ -86.4176747, 36.945649 ], [ -86.4173657, 36.9454981 ] ], [ [ -86.4173657, 36.9454981 ], [ -86.4170739, 36.9453815 ] ], [ [ -86.4170739, 36.9453815 ], [ -86.4167134, 36.9451963 ] ], [ [ -86.4167134, 36.9451963 ], [ -86.4164645, 36.945011 ] ], [ [ -86.4164645, 36.945011 ], [ -86.4162843, 36.9448121 ] ], [ [ -86.4162843, 36.9448121 ], [ -86.4161384, 36.9444623 ] ], [ [ -86.4161384, 36.9444623 ], [ -86.4161252, 36.9442468 ] ], [ [ -86.4161252, 36.9442468 ], [ -86.4161212, 36.944181 ] ], [ [ -86.4161212, 36.944181 ], [ -86.4162156, 36.9438037 ] ], [ [ -86.4162156, 36.9438037 ], [ -86.416421600000021, 36.9434607 ] ], [ [ -86.416421600000021, 36.9434607 ], [ -86.4165755, 36.9432427 ] ], [ [ -86.4165755, 36.9432427 ], [ -86.4166104, 36.9431932 ] ], [ [ -86.4166104, 36.9431932 ], [ -86.4167735, 36.9429257 ] ], [ [ -86.4167735, 36.9429257 ], [ -86.41697090000001, 36.9426238 ] ], [ [ -86.41697090000001, 36.9426238 ], [ -86.4173829, 36.9419447 ] ], [ [ -86.4173829, 36.9419447 ], [ -86.4175803, 36.9416017 ] ], [ [ -86.4175803, 36.9416017 ], [ -86.417865, 36.9411757 ] ], [ [ -86.417865, 36.9411757 ], [ -86.4181554, 36.9407511 ] ], [ [ -86.4181554, 36.9407511 ], [ -86.4184558, 36.940559 ] ], [ [ -86.4184558, 36.940559 ], [ -86.4186497, 36.9404752 ] ], [ [ -86.4186497, 36.9404752 ], [ -86.4187734, 36.9404218 ] ], [ [ -86.4187734, 36.9404218 ], [ -86.419151, 36.94036 ] ], [ [ -86.419151, 36.94036 ], [ -86.4194253, 36.94036 ] ], [ [ -86.4194253, 36.94036 ], [ -86.4195802, 36.94036 ] ], [ [ -86.4195802, 36.94036 ], [ -86.4199932, 36.9403364 ] ], [ [ -86.4199932, 36.9403364 ], [ -86.420287, 36.940292 ] ], [ [ -86.420287, 36.940292 ], [ -86.420392, 36.940268 ] ] ] } },
{ "type": "Feature", "properties": { "name": "Stone Briar Street", "highway": "residential", "length": 523.0, "risk_tier": "low", "zone_type": "sinkhole" }, "geometry": { "type": "MultiLineString", "coordinates": [ [ [ -86.4294078, 36.9341881 ], [ -86.4302245, 36.933715599999978 ] ], [ [ -86.4302245, 36.933715599999978 ], [ -86.4316416, 36.9329308 ] ], [ [ -86.4316416, 36.9329308 ], [ -86.4321614, 36.9326671 ] ], [ [ -86.4321614, 36.9326671 ], [ -86.4333262, 36.932202 ] ], [ [ -86.4333262, 36.932202 ], [ -86.4336082, 36.9320795 ] ], [ [ -86.4336082, 36.9320795 ], [ -86.434001, 36.931864 ] ], [ [ -86.434001, 36.931864 ], [ -86.4343474, 36.9316557 ] ] ] } },
{ "type": "Feature", "properties": { "name": "Stone Briar Street", "highway": "residential", "length": 523.0, "risk_tier": "low", "zone_type": "sinkhole" }, "geometry": { "type": "MultiLineString", "coordinates": [ [ [ -86.4294078, 36.9341881 ], [ -86.4302245, 36.933715599999978 ] ], [ [ -86.4302245, 36.933715599999978 ], [ -86.4316416, 36.9329308 ] ], [ [ -86.4316416, 36.9329308 ], [ -86.4321614, 36.9326671 ] ], [ [ -86.4321614, 36.9326671 ], [ -86.4333262, 36.932202 ] ], [ [ -86.4333262, 36.932202 ], [ -86.4336082, 36.9320795 ] ], [ [ -86.4336082, 36.9320795 ], [ -86.434001, 36.931864 ] ], [ [ -86.434001, 36.931864 ], [ -86.4343474, 36.9316557 ] ] ] } },
{ "type": "Feature", "properties": { "name": "Stone Briar Street", "highway": "residential", "length": 523.0, "risk_tier": "low", "zone_type": "sinkhole" }, "geometry": { "type": "MultiLineString", "coordinates": [ [ [ -86.4294078, 36.9341881 ], [ -86.4302245, 36.933715599999978 ] ], [ [ -86.4302245, 36.933715599999978 ], [ -86.4316416, 36.9329308 ] ], [ [ -86.4316416, 36.9329308 ], [ -86.4321614, 36.9326671 ] ], [ [ -86.4321614, 36.9326671 ], [ -86.4333262, 36.932202 ] ], [ [ -86.4333262, 36.932202 ], [ -86.4336082, 36.9320795 ] ], [ [ -86.4336082, 36.9320795 ], [ -86.434001, 36.931864 ] ], [ [ -86.434001, 36.931864 ], [ -86.4343474, 36.9316557 ] ] ] } },
{ "type": "Feature", "properties": { "name": "Pointe Court", "highway": "residential", "length": 326.0, "risk_tier": "low", "zone_type": "sinkhole" }, "geometry": { "type": "MultiLineString", "coordinates": [ [ [ -86.4299793, 36.9369384 ], [ -86.4295343, 36.9364596 ] ], [ [ -86.4295343, 36.9364596 ], [ -86.4294107, 36.9364135 ] ], [ [ -86.4294107, 36.9364135 ], [ -86.4292859, 36.936428699999979 ] ], [ [ -86.4292859, 36.936428699999979 ], [ -86.4291163, 36.9364929 ] ], [ [ -86.4291163, 36.9364929 ], [ -86.4289855, 36.936591 ] ], [ [ -86.4289855, 36.936591 ], [ -86.4288955, 36.9366871 ] ], [ [ -86.4288955, 36.9366871 ], [ -86.4289079, 36.9368235 ] ], [ [ -86.4289079, 36.9368235 ], [ -86.4290721, 36.937047799999988 ] ], [ [ -86.4290721, 36.937047799999988 ], [ -86.42972140000002, 36.9377605 ] ], [ [ -86.42972140000002, 36.9377605 ], [ -86.4298912, 36.937870599999989 ] ], [ [ -86.4298912, 36.937870599999989 ], [ -86.4301496, 36.9380249 ] ] ] } },
{ "type": "Feature", "properties": { "name": "Blue Lake Way", "highway": "residential", "length": 368.0, "risk_tier": "low", "zone_type": "sinkhole" }, "geometry": { "type": "MultiLineString", "coordinates": [ [ [ -86.423167, 36.937242 ], [ -86.423278, 36.937174 ] ], [ [ -86.423278, 36.937174 ], [ -86.423457, 36.937052 ] ], [ [ -86.423457, 36.937052 ], [ -86.423764, 36.936827 ] ], [ [ -86.423764, 36.936827 ], [ -86.424002, 36.936662 ] ], [ [ -86.424002, 36.936662 ], [ -86.424449, 36.936345 ] ], [ [ -86.424449, 36.936345 ], [ -86.424833, 36.936094 ] ], [ [ -86.424833, 36.936094 ], [ -86.425182, 36.935877 ] ], [ [ -86.425182, 36.935877 ], [ -86.425672, 36.935586 ] ], [ [ -86.425672, 36.935586 ], [ -86.426158, 36.935303 ] ], [ [ -86.426158, 36.935303 ], [ -86.426389, 36.935173 ] ] ] } },
{ "type": "Feature", "properties": { "name": "Blue Lake Way", "highway": "residential", "length": 368.0, "risk_tier": "low", "zone_type": "sinkhole" }, "geometry": { "type": "MultiLineString", "coordinates": [ [ [ -86.423167, 36.937242 ], [ -86.423278, 36.937174 ] ], [ [ -86.423278, 36.937174 ], [ -86.423457, 36.937052 ] ], [ [ -86.423457, 36.937052 ], [ -86.423764, 36.936827 ] ], [ [ -86.423764, 36.936827 ], [ -86.424002, 36.936662 ] ], [ [ -86.424002, 36.936662 ], [ -86.424449, 36.936345 ] ], [ [ -86.424449, 36.936345 ], [ -86.424833, 36.936094 ] ], [ [ -86.424833, 36.936094 ], [ -86.425182, 36.935877 ] ], [ [ -86.425182, 36.935877 ], [ -86.425672, 36.935586 ] ], [ [ -86.425672, 36.935586 ], [ -86.426158, 36.935303 ] ], [ [ -86.426158, 36.935303 ], [ -86.426389, 36.935173 ] ] ] } },
{ "type": "Feature", "properties": { "name": "Bennett Lane", "highway": "residential", "length": 1347.0, "risk_tier": "low", "zone_type": "sinkhole" }, "geometry": { "type": "MultiLineString", "coordinates": [ [ [ -86.483992, 36.939869 ], [ -86.483936, 36.939845 ] ], [ [ -86.483936, 36.939845 ], [ -86.483779, 36.939757 ] ], [ [ -86.483779, 36.939757 ], [ -86.4836851, 36.9396936 ] ], [ [ -86.4836851, 36.9396936 ], [ -86.483615, 36.939643 ] ], [ [ -86.483615, 36.939643 ], [ -86.48353, 36.939575 ] ], [ [ -86.48353, 36.939575 ], [ -86.483449, 36.939502 ] ], [ [ -86.483449, 36.939502 ], [ -86.483172, 36.939222 ] ], [ [ -86.483172, 36.939222 ], [ -86.4828822, 36.938916399999982 ] ], [ [ -86.4828822, 36.938916399999982 ], [ -86.4821648, 36.9381546 ] ], [ [ -86.4821648, 36.9381546 ], [ -86.4818852, 36.9378614 ] ], [ [ -86.4818852, 36.9378614 ], [ -86.481777, 36.937747 ] ], [ [ -86.481777, 36.937747 ], [ -86.481584, 36.937545 ] ], [ [ -86.481584, 36.937545 ], [ -86.481296, 36.937232 ] ], [ [ -86.481296, 36.937232 ], [ -86.480484, 36.936377 ] ], [ [ -86.480484, 36.936377 ], [ -86.479262, 36.935071 ] ], [ [ -86.479262, 36.935071 ], [ -86.479126, 36.934933 ] ], [ [ -86.479126, 36.934933 ], [ -86.47899, 36.934822 ] ], [ [ -86.47899, 36.934822 ], [ -86.478845, 36.934729 ] ], [ [ -86.478845, 36.934729 ], [ -86.4787392, 36.934681 ] ], [ [ -86.4787392, 36.934681 ], [ -86.478684, 36.934656 ] ], [ [ -86.478684, 36.934656 ], [ -86.478509, 36.934599 ] ], [ [ -86.478509, 36.934599 ], [ -86.478312, 36.934557 ] ], [ [ -86.478312, 36.934557 ], [ -86.478102, 36.934528 ] ], [ [ -86.478102, 36.934528 ], [ -86.476905, 36.934391 ] ], [ [ -86.476905, 36.934391 ], [ -86.476371, 36.934327 ] ], [ [ -86.476371, 36.934327 ], [ -86.474314, 36.934094 ] ], [ [ -86.474314, 36.934094 ], [ -86.47206, 36.933846 ] ] ] } },
{ "type": "Feature", "properties": { "name": "Meadowwood Lane", "highway": "residential", "length": 604.0, "risk_tier": "low", "zone_type": "sinkhole" }, "geometry": { "type": "MultiLineString", "coordinates": [ [ [ -86.462437, 36.94772 ], [ -86.462377, 36.947743 ] ], [ [ -86.462377, 36.947743 ], [ -86.462327, 36.947765 ] ], [ [ -86.462327, 36.947765 ], [ -86.46211, 36.947845 ] ], [ [ -86.46211, 36.947845 ], [ -86.461955, 36.947906 ] ], [ [ -86.461955, 36.947906 ], [ -86.461871, 36.947944 ] ], [ [ -86.461871, 36.947944 ], [ -86.461777, 36.947991 ] ], [ [ -86.461777, 36.947991 ], [ -86.461695, 36.948038 ] ], [ [ -86.461695, 36.948038 ], [ -86.461613, 36.948097 ] ], [ [ -86.461613, 36.948097 ], [ -86.461539, 36.948164 ] ], [ [ -86.461539, 36.948164 ], [ -86.461505, 36.948201 ] ], [ [ -86.461505, 36.948201 ], [ -86.461445, 36.948281 ] ], [ [ -86.461445, 36.948281 ], [ -86.461423, 36.948321 ] ], [ [ -86.461423, 36.948321 ], [ -86.461382, 36.948409 ] ], [ [ -86.461382, 36.948409 ], [ -86.461342, 36.948525 ] ], [ [ -86.461342, 36.948525 ], [ -86.461126, 36.949134 ] ], [ [ -86.461126, 36.949134 ], [ -86.460981, 36.949489 ] ], [ [ -86.460981, 36.949489 ], [ -86.460937, 36.94958 ] ], [ [ -86.460937, 36.94958 ], [ -86.460874, 36.949651 ] ], [ [ -86.460874, 36.949651 ], [ -86.460722, 36.949783 ] ], [ [ -86.460722, 36.949783 ], [ -86.460677, 36.949811 ] ], [ [ -86.460677, 36.949811 ], [ -86.460627, 36.949837 ] ], [ [ -86.460627, 36.949837 ], [ -86.460578, 36.949858 ] ], [ [ -86.460578, 36.949858 ], [ -86.460528, 36.949875 ] ], [ [ -86.460528, 36.949875 ], [ -86.460475, 36.94989 ] ], [ [ -86.460475, 36.94989 ], [ -86.460399, 36.949904 ] ], [ [ -86.460399, 36.949904 ], [ -86.460301, 36.949916 ] ], [ [ -86.460301, 36.949916 ], [ -86.460195, 36.94992 ] ], [ [ -86.460195, 36.94992 ], [ -86.459906, 36.949906 ] ], [ [ -86.459906, 36.949906 ], [ -86.459753, 36.949893 ] ], [ [ -86.459753, 36.949893 ], [ -86.459597, 36.949869 ] ], [ [ -86.459597, 36.949869 ], [ -86.459431, 36.949832 ] ], [ [ -86.459431, 36.949832 ], [ -86.459293, 36.949793 ] ], [ [ -86.459293, 36.949793 ], [ -86.459226, 36.949769 ] ], [ [ -86.459226, 36.949769 ], [ -86.459137, 36.949726 ] ], [ [ -86.459137, 36.949726 ], [ -86.45902, 36.949663 ] ], [ [ -86.45902, 36.949663 ], [ -86.458917, 36.949614 ] ], [ [ -86.458917, 36.949614 ], [ -86.458799, 36.94956 ] ], [ [ -86.458799, 36.94956 ], [ -86.458697, 36.94952 ] ], [ [ -86.458697, 36.94952 ], [ -86.458605, 36.949495 ] ], [ [ -86.458605, 36.949495 ], [ -86.458523, 36.949477 ] ], [ [ -86.458523, 36.949477 ], [ -86.458484, 36.949472 ] ], [ [ -86.458484, 36.949472 ], [ -86.458219, 36.949427 ] ], [ [ -86.458219, 36.949427 ], [ -86.458038, 36.949403 ] ], [ [ -86.458038, 36.949403 ], [ -86.457576, 36.949349 ] ], [ [ -86.457576, 36.949349 ], [ -86.457503, 36.949341 ] ], [ [ -86.457503, 36.949341 ], [ -86.457429, 36.949342 ] ], [ [ -86.457429, 36.949342 ], [ -86.457378, 36.94935 ] ] ] } },
{ "type": "Feature", "properties": { "name": "Kelly Road", "highway": "residential", "length": 2923.0, "risk_tier": "low", "zone_type": "sinkhole" }, "geometry": { "type": "MultiLineString", "coordinates": [ [ [ -86.3221742, 37.020522 ], [ -86.32279, 37.020608 ] ], [ [ -86.32279, 37.020608 ], [ -86.323078, 37.020759 ] ], [ [ -86.323078, 37.020759 ], [ -86.323756, 37.021595 ] ], [ [ -86.323756, 37.021595 ], [ -86.324071, 37.021805 ] ], [ [ -86.324071, 37.021805 ], [ -86.32693, 37.022339 ] ], [ [ -86.32693, 37.022339 ], [ -86.32761, 37.022505 ] ], [ [ -86.32761, 37.022505 ], [ -86.331352, 37.023589 ] ], [ [ -86.331352, 37.023589 ], [ -86.3326583, 37.024156399999981 ] ], [ [ -86.3326583, 37.024156399999981 ], [ -86.332823, 37.024228 ] ], [ [ -86.332823, 37.024228 ], [ -86.333178, 37.024248 ] ], [ [ -86.333178, 37.024248 ], [ -86.3343003, 37.024036 ] ], [ [ -86.3343003, 37.024036 ], [ -86.339638, 37.022955 ] ], [ [ -86.339638, 37.022955 ], [ -86.33987, 37.02294 ] ], [ [ -86.33987, 37.02294 ], [ -86.339935, 37.022973 ] ], [ [ -86.339935, 37.022973 ], [ -86.3399658, 37.0230328 ] ], [ [ -86.3399658, 37.0230328 ], [ -86.340313, 37.023708 ] ], [ [ -86.340313, 37.023708 ], [ -86.3406806, 37.0241746 ] ], [ [ -86.3406806, 37.0241746 ], [ -86.341516, 37.025235 ] ], [ [ -86.341516, 37.025235 ], [ -86.3423056, 37.0262706 ] ], [ [ -86.3423056, 37.0262706 ], [ -86.3424366, 37.0264424 ] ], [ [ -86.3424366, 37.0264424 ], [ -86.342793700000016, 37.0269108 ] ], [ [ -86.342793700000016, 37.0269108 ], [ -86.3429432, 37.0271069 ] ], [ [ -86.3429432, 37.0271069 ], [ -86.343833, 37.028274 ] ], [ [ -86.343833, 37.028274 ], [ -86.3443887, 37.029029 ] ], [ [ -86.3443887, 37.029029 ], [ -86.3446934, 37.029443 ] ], [ [ -86.3446934, 37.029443 ], [ -86.3453828, 37.03037710000001 ] ], [ [ -86.3453828, 37.03037710000001 ], [ -86.3455686, 37.030628899999982 ] ], [ [ -86.3455686, 37.030628899999982 ], [ -86.3460948, 37.031331 ] ], [ [ -86.3460948, 37.031331 ], [ -86.34639, 37.0317247 ] ], [ [ -86.34639, 37.0317247 ], [ -86.3464767, 37.0318404 ] ], [ [ -86.3464767, 37.0318404 ], [ -86.346762, 37.032221 ] ], [ [ -86.346762, 37.032221 ], [ -86.34686, 37.032374 ] ] ] } },
{ "type": "Feature", "properties": { "name": "Village Creek Drive", "highway": "residential", "length": 662.0, "risk_tier": "low", "zone_type": "sinkhole" }, "geometry": { "type": "MultiLineString", "coordinates": [ [ [ -86.4937517, 36.9669859 ], [ -86.4930859, 36.9676736 ] ], [ [ -86.4930859, 36.9676736 ], [ -86.4929695, 36.9677939 ] ], [ [ -86.4929695, 36.9677939 ], [ -86.492853, 36.9679181 ] ], [ [ -86.492853, 36.9679181 ], [ -86.4923548, 36.9684488 ] ], [ [ -86.4923548, 36.9684488 ], [ -86.4921621, 36.9686466 ] ], [ [ -86.4921621, 36.9686466 ], [ -86.4920446, 36.9687673 ] ], [ [ -86.4920446, 36.9687673 ], [ -86.4917543, 36.969105 ] ], [ [ -86.4917543, 36.969105 ], [ -86.4915883, 36.9693327 ] ], [ [ -86.4915883, 36.9693327 ], [ -86.490834300000017, 36.9702966 ] ], [ [ -86.490834300000017, 36.9702966 ], [ -86.4905566, 36.9706502 ] ], [ [ -86.4905566, 36.9706502 ], [ -86.490289, 36.970962 ] ], [ [ -86.490289, 36.970962 ], [ -86.4901949, 36.971049699999988 ] ], [ [ -86.4901949, 36.971049699999988 ], [ -86.4900817, 36.97114149999998 ] ], [ [ -86.4900817, 36.97114149999998 ], [ -86.4896165, 36.9715188 ] ], [ [ -86.4896165, 36.9715188 ], [ -86.4895206, 36.9715842 ] ], [ [ -86.4895206, 36.9715842 ], [ -86.4892715, 36.9717011 ] ] ] } },
{ "type": "Feature", "properties": { "name": "Village Creek Drive", "highway": "residential", "length": 662.0, "risk_tier": "low", "zone_type": "sinkhole" }, "geometry": { "type": "MultiLineString", "coordinates": [ [ [ -86.4937517, 36.9669859 ], [ -86.4930859, 36.9676736 ] ], [ [ -86.4930859, 36.9676736 ], [ -86.4929695, 36.9677939 ] ], [ [ -86.4929695, 36.9677939 ], [ -86.492853, 36.9679181 ] ], [ [ -86.492853, 36.9679181 ], [ -86.4923548, 36.9684488 ] ], [ [ -86.4923548, 36.9684488 ], [ -86.4921621, 36.9686466 ] ], [ [ -86.4921621, 36.9686466 ], [ -86.4920446, 36.9687673 ] ], [ [ -86.4920446, 36.9687673 ], [ -86.4917543, 36.969105 ] ], [ [ -86.4917543, 36.969105 ], [ -86.4915883, 36.9693327 ] ], [ [ -86.4915883, 36.9693327 ], [ -86.490834300000017, 36.9702966 ] ], [ [ -86.490834300000017, 36.9702966 ], [ -86.4905566, 36.9706502 ] ], [ [ -86.4905566, 36.9706502 ], [ -86.490289, 36.970962 ] ], [ [ -86.490289, 36.970962 ], [ -86.4901949, 36.971049699999988 ] ], [ [ -86.4901949, 36.971049699999988 ], [ -86.4900817, 36.97114149999998 ] ], [ [ -86.4900817, 36.97114149999998 ], [ -86.4896165, 36.9715188 ] ], [ [ -86.4896165, 36.9715188 ], [ -86.4895206, 36.9715842 ] ], [ [ -86.4895206, 36.9715842 ], [ -86.4892715, 36.9717011 ] ] ] } },
{ "type": "Feature", "properties": { "name": "Hillview Mills Boulevard", "highway": "residential", "length": 674.0, "risk_tier": "low", "zone_type": "sinkhole" }, "geometry": { "type": "MultiLineString", "coordinates": [ [ [ -86.5203925, 36.9499095 ], [ -86.5182273, 36.951479300000017 ] ], [ [ -86.5182273, 36.951479300000017 ], [ -86.5178068, 36.9517842 ] ], [ [ -86.5178068, 36.9517842 ], [ -86.5171444, 36.9522642 ] ], [ [ -86.5171444, 36.9522642 ], [ -86.5166238, 36.952632 ] ], [ [ -86.5166238, 36.952632 ], [ -86.5163426, 36.9528025 ] ], [ [ -86.5163426, 36.9528025 ], [ -86.51631350000001, 36.9528143 ] ], [ [ -86.51631350000001, 36.9528143 ], [ -86.5159684, 36.9529549 ] ], [ [ -86.5159684, 36.9529549 ], [ -86.5158488, 36.952983 ] ], [ [ -86.5158488, 36.952983 ], [ -86.5157893, 36.9529969 ] ], [ [ -86.5157893, 36.9529969 ], [ -86.5156243, 36.9530357 ] ], [ [ -86.5156243, 36.9530357 ], [ -86.515383, 36.9530601 ] ], [ [ -86.515383, 36.9530601 ], [ -86.515123, 36.9530865 ] ], [ [ -86.515123, 36.9530865 ], [ -86.5149986, 36.9530748 ] ], [ [ -86.5149986, 36.9530748 ], [ -86.5146704, 36.9530438 ] ], [ [ -86.5146704, 36.9530438 ], [ -86.5144901, 36.9529984 ] ], [ [ -86.5144901, 36.9529984 ], [ -86.5142703, 36.952951599999984 ] ] ] } },
{ "type": "Feature", "properties": { "name": "Lynwood Way", "highway": "residential", "length": 859.0, "risk_tier": "low", "zone_type": "sinkhole" }, "geometry": { "type": "MultiLineString", "coordinates": [ [ [ -86.4660893, 36.9459368 ], [ -86.466244, 36.9460141 ] ], [ [ -86.466244, 36.9460141 ], [ -86.4672128, 36.946469 ] ], [ [ -86.4672128, 36.946469 ], [ -86.467949, 36.946803 ] ], [ [ -86.467949, 36.946803 ], [ -86.468162, 36.946905 ] ], [ [ -86.468162, 36.946905 ], [ -86.468261, 36.94696 ] ], [ [ -86.468261, 36.94696 ], [ -86.468355, 36.947019 ] ], [ [ -86.468355, 36.947019 ], [ -86.468703, 36.947265 ] ], [ [ -86.468703, 36.947265 ], [ -86.468793, 36.947325 ] ], [ [ -86.468793, 36.947325 ], [ -86.468891, 36.947383 ] ], [ [ -86.468891, 36.947383 ], [ -86.468996, 36.947437 ] ], [ [ -86.468996, 36.947437 ], [ -86.469195, 36.94753 ] ], [ [ -86.469195, 36.94753 ], [ -86.469569, 36.947697 ] ], [ [ -86.469569, 36.947697 ], [ -86.470632, 36.948167 ] ], [ [ -86.470632, 36.948167 ], [ -86.470965, 36.948323 ] ], [ [ -86.470965, 36.948323 ], [ -86.4711, 36.94839 ] ], [ [ -86.4711, 36.94839 ], [ -86.471216, 36.948453 ] ], [ [ -86.471216, 36.948453 ], [ -86.471532, 36.948634 ] ], [ [ -86.471532, 36.948634 ], [ -86.471799, 36.948825 ] ], [ [ -86.471799, 36.948825 ], [ -86.471894, 36.948885 ] ], [ [ -86.471894, 36.948885 ], [ -86.472103, 36.949 ] ], [ [ -86.472103, 36.949 ], [ -86.472233, 36.949058 ] ], [ [ -86.472233, 36.949058 ], [ -86.472331, 36.949105 ] ], [ [ -86.472331, 36.949105 ], [ -86.472917, 36.949365 ] ], [ [ -86.472917, 36.949365 ], [ -86.473209, 36.949502 ] ], [ [ -86.473209, 36.949502 ], [ -86.473446, 36.949616 ] ], [ [ -86.473446, 36.949616 ], [ -86.473649, 36.949706 ] ], [ [ -86.473649, 36.949706 ], [ -86.47399, 36.949875 ] ], [ [ -86.47399, 36.949875 ], [ -86.47411, 36.949928 ] ], [ [ -86.47411, 36.949928 ], [ -86.474291, 36.949996 ] ] ] } },
{ "type": "Feature", "properties": { "name": "Lynwood Way", "highway": "residential", "length": 859.0, "risk_tier": "low", "zone_type": "sinkhole" }, "geometry": { "type": "MultiLineString", "coordinates": [ [ [ -86.4660893, 36.9459368 ], [ -86.466244, 36.9460141 ] ], [ [ -86.466244, 36.9460141 ], [ -86.4672128, 36.946469 ] ], [ [ -86.4672128, 36.946469 ], [ -86.467949, 36.946803 ] ], [ [ -86.467949, 36.946803 ], [ -86.468162, 36.946905 ] ], [ [ -86.468162, 36.946905 ], [ -86.468261, 36.94696 ] ], [ [ -86.468261, 36.94696 ], [ -86.468355, 36.947019 ] ], [ [ -86.468355, 36.947019 ], [ -86.468703, 36.947265 ] ], [ [ -86.468703, 36.947265 ], [ -86.468793, 36.947325 ] ], [ [ -86.468793, 36.947325 ], [ -86.468891, 36.947383 ] ], [ [ -86.468891, 36.947383 ], [ -86.468996, 36.947437 ] ], [ [ -86.468996, 36.947437 ], [ -86.469195, 36.94753 ] ], [ [ -86.469195, 36.94753 ], [ -86.469569, 36.947697 ] ], [ [ -86.469569, 36.947697 ], [ -86.470632, 36.948167 ] ], [ [ -86.470632, 36.948167 ], [ -86.470965, 36.948323 ] ], [ [ -86.470965, 36.948323 ], [ -86.4711, 36.94839 ] ], [ [ -86.4711, 36.94839 ], [ -86.471216, 36.948453 ] ], [ [ -86.471216, 36.948453 ], [ -86.471532, 36.948634 ] ], [ [ -86.471532, 36.948634 ], [ -86.471799, 36.948825 ] ], [ [ -86.471799, 36.948825 ], [ -86.471894, 36.948885 ] ], [ [ -86.471894, 36.948885 ], [ -86.472103, 36.949 ] ], [ [ -86.472103, 36.949 ], [ -86.472233, 36.949058 ] ], [ [ -86.472233, 36.949058 ], [ -86.472331, 36.949105 ] ], [ [ -86.472331, 36.949105 ], [ -86.472917, 36.949365 ] ], [ [ -86.472917, 36.949365 ], [ -86.473209, 36.949502 ] ], [ [ -86.473209, 36.949502 ], [ -86.473446, 36.949616 ] ], [ [ -86.473446, 36.949616 ], [ -86.473649, 36.949706 ] ], [ [ -86.473649, 36.949706 ], [ -86.47399, 36.949875 ] ], [ [ -86.47399, 36.949875 ], [ -86.47411, 36.949928 ] ], [ [ -86.47411, 36.949928 ], [ -86.474291, 36.949996 ] ] ] } },
{ "type": "Feature", "properties": { "name": "Deer Meadow Avenue", "highway": "residential", "length": 795.0, "risk_tier": "low", "zone_type": "sinkhole" }, "geometry": { "type": "MultiLineString", "coordinates": [ [ [ -86.408658, 36.936405 ], [ -86.408721, 36.93633 ] ], [ [ -86.408721, 36.93633 ], [ -86.408744, 36.936308 ] ], [ [ -86.408744, 36.936308 ], [ -86.408819, 36.936219 ] ], [ [ -86.408819, 36.936219 ], [ -86.40893, 36.93604 ] ], [ [ -86.40893, 36.93604 ], [ -86.409026, 36.93586 ] ], [ [ -86.409026, 36.93586 ], [ -86.409045, 36.935802 ] ], [ [ -86.409045, 36.935802 ], [ -86.409079, 36.935626 ] ], [ [ -86.409079, 36.935626 ], [ -86.409095, 36.935506 ] ], [ [ -86.409095, 36.935506 ], [ -86.409143, 36.93504 ] ], [ [ -86.409143, 36.93504 ], [ -86.409172, 36.934823 ] ], [ [ -86.409172, 36.934823 ], [ -86.409189, 36.934719 ] ], [ [ -86.409189, 36.934719 ], [ -86.40921, 36.934619 ] ], [ [ -86.40921, 36.934619 ], [ -86.409318, 36.934213 ] ], [ [ -86.409318, 36.934213 ], [ -86.409337, 36.934107 ] ], [ [ -86.409337, 36.934107 ], [ -86.409366, 36.933799 ] ], [ [ -86.409366, 36.933799 ], [ -86.409405, 36.933616 ] ], [ [ -86.409405, 36.933616 ], [ -86.40942, 36.933529 ] ], [ [ -86.40942, 36.933529 ], [ -86.409417, 36.933445 ] ], [ [ -86.409417, 36.933445 ], [ -86.409406, 36.933405 ] ], [ [ -86.409406, 36.933405 ], [ -86.409384, 36.933368 ] ], [ [ -86.409384, 36.933368 ], [ -86.409359, 36.933337 ] ], [ [ -86.409359, 36.933337 ], [ -86.409319, 36.933303 ] ], [ [ -86.409319, 36.933303 ], [ -86.409282, 36.933278 ] ], [ [ -86.409282, 36.933278 ], [ -86.40923, 36.933252 ] ], [ [ -86.40923, 36.933252 ], [ -86.409127, 36.933216 ] ], [ [ -86.409127, 36.933216 ], [ -86.409016, 36.933183 ] ], [ [ -86.409016, 36.933183 ], [ -86.408789, 36.93312 ] ], [ [ -86.408789, 36.93312 ], [ -86.408575, 36.933065 ] ], [ [ -86.408575, 36.933065 ], [ -86.408481, 36.933036 ] ], [ [ -86.408481, 36.933036 ], [ -86.408437, 36.933019 ] ], [ [ -86.408437, 36.933019 ], [ -86.408399, 36.932998 ] ], [ [ -86.408399, 36.932998 ], [ -86.408333, 36.932946 ] ], [ [ -86.408333, 36.932946 ], [ -86.408287, 36.932881 ] ], [ [ -86.408287, 36.932881 ], [ -86.408274, 36.932846 ] ], [ [ -86.408274, 36.932846 ], [ -86.408264, 36.932805 ] ], [ [ -86.408264, 36.932805 ], [ -86.408264, 36.932761 ] ], [ [ -86.408264, 36.932761 ], [ -86.40827, 36.932717 ] ], [ [ -86.40827, 36.932717 ], [ -86.408293, 36.932623 ] ], [ [ -86.408293, 36.932623 ], [ -86.408333, 36.932528 ] ], [ [ -86.408333, 36.932528 ], [ -86.4084273, 36.9323709 ] ], [ [ -86.4084273, 36.9323709 ], [ -86.408539, 36.932261 ] ], [ [ -86.408539, 36.932261 ], [ -86.408634, 36.932188 ] ], [ [ -86.408634, 36.932188 ], [ -86.408739, 36.932127 ] ], [ [ -86.408739, 36.932127 ], [ -86.408952, 36.932018 ] ], [ [ -86.408952, 36.932018 ], [ -86.409002, 36.931989 ] ], [ [ -86.409002, 36.931989 ], [ -86.40905, 36.931956 ] ], [ [ -86.40905, 36.931956 ], [ -86.409094, 36.931921 ] ], [ [ -86.409094, 36.931921 ], [ -86.409135, 36.93188 ] ], [ [ -86.409135, 36.93188 ], [ -86.409171, 36.931838 ] ], [ [ -86.409171, 36.931838 ], [ -86.409201, 36.931791 ] ], [ [ -86.409201, 36.931791 ], [ -86.409252, 36.931693 ] ], [ [ -86.409252, 36.931693 ], [ -86.409288, 36.931591 ] ], [ [ -86.409288, 36.931591 ], [ -86.409345, 36.931387 ] ], [ [ -86.409345, 36.931387 ], [ -86.409361, 36.931316 ] ], [ [ -86.409361, 36.931316 ], [ -86.409429, 36.931014 ] ], [ [ -86.409429, 36.931014 ], [ -86.409467, 36.930866 ] ], [ [ -86.409467, 36.930866 ], [ -86.409507, 36.930678 ] ], [ [ -86.409507, 36.930678 ], [ -86.409528, 36.930597 ] ], [ [ -86.409528, 36.930597 ], [ -86.409533, 36.930531 ] ], [ [ -86.409533, 36.930531 ], [ -86.409528, 36.930482 ] ], [ [ -86.409528, 36.930482 ], [ -86.409513, 36.930432 ] ], [ [ -86.409513, 36.930432 ], [ -86.409486, 36.930382 ] ], [ [ -86.409486, 36.930382 ], [ -86.409456, 36.930332 ] ], [ [ -86.409456, 36.930332 ], [ -86.409409, 36.930265 ] ] ] } },
{ "type": "Feature", "properties": { "name": "Deer Meadow Avenue", "highway": "residential", "length": 795.0, "risk_tier": "low", "zone_type": "sinkhole" }, "geometry": { "type": "MultiLineString", "coordinates": [ [ [ -86.408658, 36.936405 ], [ -86.408721, 36.93633 ] ], [ [ -86.408721, 36.93633 ], [ -86.408744, 36.936308 ] ], [ [ -86.408744, 36.936308 ], [ -86.408819, 36.936219 ] ], [ [ -86.408819, 36.936219 ], [ -86.40893, 36.93604 ] ], [ [ -86.40893, 36.93604 ], [ -86.409026, 36.93586 ] ], [ [ -86.409026, 36.93586 ], [ -86.409045, 36.935802 ] ], [ [ -86.409045, 36.935802 ], [ -86.409079, 36.935626 ] ], [ [ -86.409079, 36.935626 ], [ -86.409095, 36.935506 ] ], [ [ -86.409095, 36.935506 ], [ -86.409143, 36.93504 ] ], [ [ -86.409143, 36.93504 ], [ -86.409172, 36.934823 ] ], [ [ -86.409172, 36.934823 ], [ -86.409189, 36.934719 ] ], [ [ -86.409189, 36.934719 ], [ -86.40921, 36.934619 ] ], [ [ -86.40921, 36.934619 ], [ -86.409318, 36.934213 ] ], [ [ -86.409318, 36.934213 ], [ -86.409337, 36.934107 ] ], [ [ -86.409337, 36.934107 ], [ -86.409366, 36.933799 ] ], [ [ -86.409366, 36.933799 ], [ -86.409405, 36.933616 ] ], [ [ -86.409405, 36.933616 ], [ -86.40942, 36.933529 ] ], [ [ -86.40942, 36.933529 ], [ -86.409417, 36.933445 ] ], [ [ -86.409417, 36.933445 ], [ -86.409406, 36.933405 ] ], [ [ -86.409406, 36.933405 ], [ -86.409384, 36.933368 ] ], [ [ -86.409384, 36.933368 ], [ -86.409359, 36.933337 ] ], [ [ -86.409359, 36.933337 ], [ -86.409319, 36.933303 ] ], [ [ -86.409319, 36.933303 ], [ -86.409282, 36.933278 ] ], [ [ -86.409282, 36.933278 ], [ -86.40923, 36.933252 ] ], [ [ -86.40923, 36.933252 ], [ -86.409127, 36.933216 ] ], [ [ -86.409127, 36.933216 ], [ -86.409016, 36.933183 ] ], [ [ -86.409016, 36.933183 ], [ -86.408789, 36.93312 ] ], [ [ -86.408789, 36.93312 ], [ -86.408575, 36.933065 ] ], [ [ -86.408575, 36.933065 ], [ -86.408481, 36.933036 ] ], [ [ -86.408481, 36.933036 ], [ -86.408437, 36.933019 ] ], [ [ -86.408437, 36.933019 ], [ -86.408399, 36.932998 ] ], [ [ -86.408399, 36.932998 ], [ -86.408333, 36.932946 ] ], [ [ -86.408333, 36.932946 ], [ -86.408287, 36.932881 ] ], [ [ -86.408287, 36.932881 ], [ -86.408274, 36.932846 ] ], [ [ -86.408274, 36.932846 ], [ -86.408264, 36.932805 ] ], [ [ -86.408264, 36.932805 ], [ -86.408264, 36.932761 ] ], [ [ -86.408264, 36.932761 ], [ -86.40827, 36.932717 ] ], [ [ -86.40827, 36.932717 ], [ -86.408293, 36.932623 ] ], [ [ -86.408293, 36.932623 ], [ -86.408333, 36.932528 ] ], [ [ -86.408333, 36.932528 ], [ -86.4084273, 36.9323709 ] ], [ [ -86.4084273, 36.9323709 ], [ -86.408539, 36.932261 ] ], [ [ -86.408539, 36.932261 ], [ -86.408634, 36.932188 ] ], [ [ -86.408634, 36.932188 ], [ -86.408739, 36.932127 ] ], [ [ -86.408739, 36.932127 ], [ -86.408952, 36.932018 ] ], [ [ -86.408952, 36.932018 ], [ -86.409002, 36.931989 ] ], [ [ -86.409002, 36.931989 ], [ -86.40905, 36.931956 ] ], [ [ -86.40905, 36.931956 ], [ -86.409094, 36.931921 ] ], [ [ -86.409094, 36.931921 ], [ -86.409135, 36.93188 ] ], [ [ -86.409135, 36.93188 ], [ -86.409171, 36.931838 ] ], [ [ -86.409171, 36.931838 ], [ -86.409201, 36.931791 ] ], [ [ -86.409201, 36.931791 ], [ -86.409252, 36.931693 ] ], [ [ -86.409252, 36.931693 ], [ -86.409288, 36.931591 ] ], [ [ -86.409288, 36.931591 ], [ -86.409345, 36.931387 ] ], [ [ -86.409345, 36.931387 ], [ -86.409361, 36.931316 ] ], [ [ -86.409361, 36.931316 ], [ -86.409429, 36.931014 ] ], [ [ -86.409429, 36.931014 ], [ -86.409467, 36.930866 ] ], [ [ -86.409467, 36.930866 ], [ -86.409507, 36.930678 ] ], [ [ -86.409507, 36.930678 ], [ -86.409528, 36.930597 ] ], [ [ -86.409528, 36.930597 ], [ -86.409533, 36.930531 ] ], [ [ -86.409533, 36.930531 ], [ -86.409528, 36.930482 ] ], [ [ -86.409528, 36.930482 ], [ -86.409513, 36.930432 ] ], [ [ -86.409513, 36.930432 ], [ -86.409486, 36.930382 ] ], [ [ -86.409486, 36.930382 ], [ -86.409456, 36.930332 ] ], [ [ -86.409456, 36.930332 ], [ -86.409409, 36.930265 ] ] ] } },
{ "type": "Feature", "properties": { "name": "Cave Mill Road", "highway": "secondary", "length": 2902.0, "risk_tier": "low", "zone_type": "sinkhole" }, "geometry": { "type": "MultiLineString", "coordinates": [ [ [ -86.4295403, 36.9439397 ], [ -86.4308223, 36.9435445 ] ], [ [ -86.4308223, 36.9435445 ], [ -86.4315606, 36.9433387 ] ], [ [ -86.4315606, 36.9433387 ], [ -86.4330116, 36.942881500000013 ] ], [ [ -86.4330116, 36.942881500000013 ], [ -86.433428, 36.9427583 ] ], [ [ -86.433428, 36.9427583 ], [ -86.433789, 36.9426309 ] ], [ [ -86.433789, 36.9426309 ], [ -86.434409, 36.9424537 ] ], [ [ -86.434409, 36.9424537 ], [ -86.4345713, 36.9424158 ] ], [ [ -86.4345713, 36.9424158 ], [ -86.4355957, 36.9421802 ] ], [ [ -86.4355957, 36.9421802 ], [ -86.436691, 36.941966 ] ], [ [ -86.436691, 36.941966 ], [ -86.437431, 36.941822 ] ], [ [ -86.437431, 36.941822 ], [ -86.437757, 36.941763 ] ], [ [ -86.437757, 36.941763 ], [ -86.437897, 36.941742 ] ], [ [ -86.437897, 36.941742 ], [ -86.438032, 36.941727 ] ], [ [ -86.438032, 36.941727 ], [ -86.438165, 36.941715 ] ], [ [ -86.438165, 36.941715 ], [ -86.438297, 36.941707 ] ], [ [ -86.438297, 36.941707 ], [ -86.438433, 36.941703 ] ], [ [ -86.438433, 36.941703 ], [ -86.438577, 36.941703 ] ], [ [ -86.438577, 36.941703 ], [ -86.438878, 36.94172 ] ], [ [ -86.438878, 36.94172 ], [ -86.439653, 36.941782 ] ], [ [ -86.439653, 36.941782 ], [ -86.440261, 36.941837 ] ], [ [ -86.440261, 36.941837 ], [ -86.440924, 36.941893 ] ], [ [ -86.440924, 36.941893 ], [ -86.442869, 36.942059 ] ], [ [ -86.442869, 36.942059 ], [ -86.443538, 36.942113 ] ], [ [ -86.443538, 36.942113 ], [ -86.4447022, 36.942236500000014 ] ], [ [ -86.4447022, 36.942236500000014 ], [ -86.445466, 36.9422903 ] ], [ [ -86.445466, 36.9422903 ], [ -86.4456057, 36.9423001 ] ], [ [ -86.4456057, 36.9423001 ], [ -86.446286, 36.9423486 ] ], [ [ -86.446286, 36.9423486 ], [ -86.446386, 36.942355 ] ], [ [ -86.446386, 36.942355 ], [ -86.4465865, 36.9423652 ] ], [ [ -86.4465865, 36.9423652 ], [ -86.446698, 36.942368 ] ], [ [ -86.446698, 36.942368 ], [ -86.447009, 36.942363 ] ], [ [ -86.447009, 36.942363 ], [ -86.447167, 36.942357 ] ], [ [ -86.447167, 36.942357 ], [ -86.447485, 36.94234 ] ], [ [ -86.447485, 36.94234 ], [ -86.4477838, 36.9423186 ] ], [ [ -86.4477838, 36.9423186 ], [ -86.4479385, 36.942304 ] ], [ [ -86.4479385, 36.942304 ], [ -86.448251, 36.942282 ] ], [ [ -86.448251, 36.942282 ], [ -86.4484, 36.942277 ] ], [ [ -86.4484, 36.942277 ], [ -86.448551, 36.942275 ] ], [ [ -86.448551, 36.942275 ], [ -86.448715, 36.942278 ] ], [ [ -86.448715, 36.942278 ], [ -86.448891, 36.942285 ] ], [ [ -86.448891, 36.942285 ], [ -86.449076, 36.942299 ] ], [ [ -86.449076, 36.942299 ], [ -86.449263, 36.942318 ] ], [ [ -86.449263, 36.942318 ], [ -86.4492947, 36.9423153 ] ], [ [ -86.4492947, 36.9423153 ], [ -86.449577, 36.942359 ] ], [ [ -86.449577, 36.942359 ], [ -86.449861, 36.942401 ] ], [ [ -86.449861, 36.942401 ], [ -86.450525, 36.942507 ] ], [ [ -86.450525, 36.942507 ], [ -86.452085, 36.942747 ] ], [ [ -86.452085, 36.942747 ], [ -86.452439, 36.942799 ] ], [ [ -86.452439, 36.942799 ], [ -86.453071, 36.9429 ] ], [ [ -86.453071, 36.9429 ], [ -86.453674, 36.94299 ] ], [ [ -86.453674, 36.94299 ], [ -86.453757, 36.943003 ] ], [ [ -86.453757, 36.943003 ], [ -86.454618, 36.943131 ] ], [ [ -86.454618, 36.943131 ], [ -86.455197, 36.943214 ] ], [ [ -86.455197, 36.943214 ], [ -86.455792, 36.943294 ] ], [ [ -86.455792, 36.943294 ], [ -86.4562711, 36.9433649 ] ], [ [ -86.4562711, 36.9433649 ], [ -86.456788, 36.943434 ] ], [ [ -86.456788, 36.943434 ], [ -86.4578674, 36.9435887 ] ], [ [ -86.4578674, 36.9435887 ], [ -86.4579175, 36.9435959 ] ], [ [ -86.4579175, 36.9435959 ], [ -86.458594, 36.943688 ] ], [ [ -86.458594, 36.943688 ], [ -86.4595666, 36.9438204 ] ], [ [ -86.4595666, 36.9438204 ], [ -86.459761, 36.943854 ] ], [ [ -86.459761, 36.943854 ], [ -86.459938, 36.94389 ] ], [ [ -86.459938, 36.94389 ], [ -86.460104, 36.943932 ] ], [ [ -86.460104, 36.943932 ], [ -86.460261, 36.943979 ] ], [ [ -86.460261, 36.943979 ], [ -86.46041, 36.94403 ] ], [ [ -86.46041, 36.94403 ], [ -86.460547, 36.944085 ] ], [ [ -86.460547, 36.944085 ], [ -86.4606989, 36.9441513 ] ], [ [ -86.4606989, 36.9441513 ], [ -86.460896, 36.944249 ] ], [ [ -86.460896, 36.944249 ], [ -86.4612393, 36.9444454 ] ], [ [ -86.4612393, 36.9444454 ], [ -86.461301, 36.944481 ] ] ] } },
{ "type": "Feature", "properties": { "name": "Cave Mill Road", "highway": "secondary", "length": 2902.0, "risk_tier": "low", "zone_type": "sinkhole" }, "geometry": { "type": "MultiLineString", "coordinates": [ [ [ -86.4295403, 36.9439397 ], [ -86.4308223, 36.9435445 ] ], [ [ -86.4308223, 36.9435445 ], [ -86.4315606, 36.9433387 ] ], [ [ -86.4315606, 36.9433387 ], [ -86.4330116, 36.942881500000013 ] ], [ [ -86.4330116, 36.942881500000013 ], [ -86.433428, 36.9427583 ] ], [ [ -86.433428, 36.9427583 ], [ -86.433789, 36.9426309 ] ], [ [ -86.433789, 36.9426309 ], [ -86.434409, 36.9424537 ] ], [ [ -86.434409, 36.9424537 ], [ -86.4345713, 36.9424158 ] ], [ [ -86.4345713, 36.9424158 ], [ -86.4355957, 36.9421802 ] ], [ [ -86.4355957, 36.9421802 ], [ -86.436691, 36.941966 ] ], [ [ -86.436691, 36.941966 ], [ -86.437431, 36.941822 ] ], [ [ -86.437431, 36.941822 ], [ -86.437757, 36.941763 ] ], [ [ -86.437757, 36.941763 ], [ -86.437897, 36.941742 ] ], [ [ -86.437897, 36.941742 ], [ -86.438032, 36.941727 ] ], [ [ -86.438032, 36.941727 ], [ -86.438165, 36.941715 ] ], [ [ -86.438165, 36.941715 ], [ -86.438297, 36.941707 ] ], [ [ -86.438297, 36.941707 ], [ -86.438433, 36.941703 ] ], [ [ -86.438433, 36.941703 ], [ -86.438577, 36.941703 ] ], [ [ -86.438577, 36.941703 ], [ -86.438878, 36.94172 ] ], [ [ -86.438878, 36.94172 ], [ -86.439653, 36.941782 ] ], [ [ -86.439653, 36.941782 ], [ -86.440261, 36.941837 ] ], [ [ -86.440261, 36.941837 ], [ -86.440924, 36.941893 ] ], [ [ -86.440924, 36.941893 ], [ -86.442869, 36.942059 ] ], [ [ -86.442869, 36.942059 ], [ -86.443538, 36.942113 ] ], [ [ -86.443538, 36.942113 ], [ -86.4447022, 36.942236500000014 ] ], [ [ -86.4447022, 36.942236500000014 ], [ -86.445466, 36.9422903 ] ], [ [ -86.445466, 36.9422903 ], [ -86.4456057, 36.9423001 ] ], [ [ -86.4456057, 36.9423001 ], [ -86.446286, 36.9423486 ] ], [ [ -86.446286, 36.9423486 ], [ -86.446386, 36.942355 ] ], [ [ -86.446386, 36.942355 ], [ -86.4465865, 36.9423652 ] ], [ [ -86.4465865, 36.9423652 ], [ -86.446698, 36.942368 ] ], [ [ -86.446698, 36.942368 ], [ -86.447009, 36.942363 ] ], [ [ -86.447009, 36.942363 ], [ -86.447167, 36.942357 ] ], [ [ -86.447167, 36.942357 ], [ -86.447485, 36.94234 ] ], [ [ -86.447485, 36.94234 ], [ -86.4477838, 36.9423186 ] ], [ [ -86.4477838, 36.9423186 ], [ -86.4479385, 36.942304 ] ], [ [ -86.4479385, 36.942304 ], [ -86.448251, 36.942282 ] ], [ [ -86.448251, 36.942282 ], [ -86.4484, 36.942277 ] ], [ [ -86.4484, 36.942277 ], [ -86.448551, 36.942275 ] ], [ [ -86.448551, 36.942275 ], [ -86.448715, 36.942278 ] ], [ [ -86.448715, 36.942278 ], [ -86.448891, 36.942285 ] ], [ [ -86.448891, 36.942285 ], [ -86.449076, 36.942299 ] ], [ [ -86.449076, 36.942299 ], [ -86.449263, 36.942318 ] ], [ [ -86.449263, 36.942318 ], [ -86.4492947, 36.9423153 ] ], [ [ -86.4492947, 36.9423153 ], [ -86.449577, 36.942359 ] ], [ [ -86.449577, 36.942359 ], [ -86.449861, 36.942401 ] ], [ [ -86.449861, 36.942401 ], [ -86.450525, 36.942507 ] ], [ [ -86.450525, 36.942507 ], [ -86.452085, 36.942747 ] ], [ [ -86.452085, 36.942747 ], [ -86.452439, 36.942799 ] ], [ [ -86.452439, 36.942799 ], [ -86.453071, 36.9429 ] ], [ [ -86.453071, 36.9429 ], [ -86.453674, 36.94299 ] ], [ [ -86.453674, 36.94299 ], [ -86.453757, 36.943003 ] ], [ [ -86.453757, 36.943003 ], [ -86.454618, 36.943131 ] ], [ [ -86.454618, 36.943131 ], [ -86.455197, 36.943214 ] ], [ [ -86.455197, 36.943214 ], [ -86.455792, 36.943294 ] ], [ [ -86.455792, 36.943294 ], [ -86.4562711, 36.9433649 ] ], [ [ -86.4562711, 36.9433649 ], [ -86.456788, 36.943434 ] ], [ [ -86.456788, 36.943434 ], [ -86.4578674, 36.9435887 ] ], [ [ -86.4578674, 36.9435887 ], [ -86.4579175, 36.9435959 ] ], [ [ -86.4579175, 36.9435959 ], [ -86.458594, 36.943688 ] ], [ [ -86.458594, 36.943688 ], [ -86.4595666, 36.9438204 ] ], [ [ -86.4595666, 36.9438204 ], [ -86.459761, 36.943854 ] ], [ [ -86.459761, 36.943854 ], [ -86.459938, 36.94389 ] ], [ [ -86.459938, 36.94389 ], [ -86.460104, 36.943932 ] ], [ [ -86.460104, 36.943932 ], [ -86.460261, 36.943979 ] ], [ [ -86.460261, 36.943979 ], [ -86.46041, 36.94403 ] ], [ [ -86.46041, 36.94403 ], [ -86.460547, 36.944085 ] ], [ [ -86.460547, 36.944085 ], [ -86.4606989, 36.9441513 ] ], [ [ -86.4606989, 36.9441513 ], [ -86.460896, 36.944249 ] ], [ [ -86.460896, 36.944249 ], [ -86.4612393, 36.9444454 ] ], [ [ -86.4612393, 36.9444454 ], [ -86.461301, 36.944481 ] ] ] } },
{ "type": "Feature", "properties": { "name": "Cave Mill Road", "highway": "secondary", "length": 2902.0, "risk_tier": "low", "zone_type": "sinkhole" }, "geometry": { "type": "MultiLineString", "coordinates": [ [ [ -86.4295403, 36.9439397 ], [ -86.4308223, 36.9435445 ] ], [ [ -86.4308223, 36.9435445 ], [ -86.4315606, 36.9433387 ] ], [ [ -86.4315606, 36.9433387 ], [ -86.4330116, 36.942881500000013 ] ], [ [ -86.4330116, 36.942881500000013 ], [ -86.433428, 36.9427583 ] ], [ [ -86.433428, 36.9427583 ], [ -86.433789, 36.9426309 ] ], [ [ -86.433789, 36.9426309 ], [ -86.434409, 36.9424537 ] ], [ [ -86.434409, 36.9424537 ], [ -86.4345713, 36.9424158 ] ], [ [ -86.4345713, 36.9424158 ], [ -86.4355957, 36.9421802 ] ], [ [ -86.4355957, 36.9421802 ], [ -86.436691, 36.941966 ] ], [ [ -86.436691, 36.941966 ], [ -86.437431, 36.941822 ] ], [ [ -86.437431, 36.941822 ], [ -86.437757, 36.941763 ] ], [ [ -86.437757, 36.941763 ], [ -86.437897, 36.941742 ] ], [ [ -86.437897, 36.941742 ], [ -86.438032, 36.941727 ] ], [ [ -86.438032, 36.941727 ], [ -86.438165, 36.941715 ] ], [ [ -86.438165, 36.941715 ], [ -86.438297, 36.941707 ] ], [ [ -86.438297, 36.941707 ], [ -86.438433, 36.941703 ] ], [ [ -86.438433, 36.941703 ], [ -86.438577, 36.941703 ] ], [ [ -86.438577, 36.941703 ], [ -86.438878, 36.94172 ] ], [ [ -86.438878, 36.94172 ], [ -86.439653, 36.941782 ] ], [ [ -86.439653, 36.941782 ], [ -86.440261, 36.941837 ] ], [ [ -86.440261, 36.941837 ], [ -86.440924, 36.941893 ] ], [ [ -86.440924, 36.941893 ], [ -86.442869, 36.942059 ] ], [ [ -86.442869, 36.942059 ], [ -86.443538, 36.942113 ] ], [ [ -86.443538, 36.942113 ], [ -86.4447022, 36.942236500000014 ] ], [ [ -86.4447022, 36.942236500000014 ], [ -86.445466, 36.9422903 ] ], [ [ -86.445466, 36.9422903 ], [ -86.4456057, 36.9423001 ] ], [ [ -86.4456057, 36.9423001 ], [ -86.446286, 36.9423486 ] ], [ [ -86.446286, 36.9423486 ], [ -86.446386, 36.942355 ] ], [ [ -86.446386, 36.942355 ], [ -86.4465865, 36.9423652 ] ], [ [ -86.4465865, 36.9423652 ], [ -86.446698, 36.942368 ] ], [ [ -86.446698, 36.942368 ], [ -86.447009, 36.942363 ] ], [ [ -86.447009, 36.942363 ], [ -86.447167, 36.942357 ] ], [ [ -86.447167, 36.942357 ], [ -86.447485, 36.94234 ] ], [ [ -86.447485, 36.94234 ], [ -86.4477838, 36.9423186 ] ], [ [ -86.4477838, 36.9423186 ], [ -86.4479385, 36.942304 ] ], [ [ -86.4479385, 36.942304 ], [ -86.448251, 36.942282 ] ], [ [ -86.448251, 36.942282 ], [ -86.4484, 36.942277 ] ], [ [ -86.4484, 36.942277 ], [ -86.448551, 36.942275 ] ], [ [ -86.448551, 36.942275 ], [ -86.448715, 36.942278 ] ], [ [ -86.448715, 36.942278 ], [ -86.448891, 36.942285 ] ], [ [ -86.448891, 36.942285 ], [ -86.449076, 36.942299 ] ], [ [ -86.449076, 36.942299 ], [ -86.449263, 36.942318 ] ], [ [ -86.449263, 36.942318 ], [ -86.4492947, 36.9423153 ] ], [ [ -86.4492947, 36.9423153 ], [ -86.449577, 36.942359 ] ], [ [ -86.449577, 36.942359 ], [ -86.449861, 36.942401 ] ], [ [ -86.449861, 36.942401 ], [ -86.450525, 36.942507 ] ], [ [ -86.450525, 36.942507 ], [ -86.452085, 36.942747 ] ], [ [ -86.452085, 36.942747 ], [ -86.452439, 36.942799 ] ], [ [ -86.452439, 36.942799 ], [ -86.453071, 36.9429 ] ], [ [ -86.453071, 36.9429 ], [ -86.453674, 36.94299 ] ], [ [ -86.453674, 36.94299 ], [ -86.453757, 36.943003 ] ], [ [ -86.453757, 36.943003 ], [ -86.454618, 36.943131 ] ], [ [ -86.454618, 36.943131 ], [ -86.455197, 36.943214 ] ], [ [ -86.455197, 36.943214 ], [ -86.455792, 36.943294 ] ], [ [ -86.455792, 36.943294 ], [ -86.4562711, 36.9433649 ] ], [ [ -86.4562711, 36.9433649 ], [ -86.456788, 36.943434 ] ], [ [ -86.456788, 36.943434 ], [ -86.4578674, 36.9435887 ] ], [ [ -86.4578674, 36.9435887 ], [ -86.4579175, 36.9435959 ] ], [ [ -86.4579175, 36.9435959 ], [ -86.458594, 36.943688 ] ], [ [ -86.458594, 36.943688 ], [ -86.4595666, 36.9438204 ] ], [ [ -86.4595666, 36.9438204 ], [ -86.459761, 36.943854 ] ], [ [ -86.459761, 36.943854 ], [ -86.459938, 36.94389 ] ], [ [ -86.459938, 36.94389 ], [ -86.460104, 36.943932 ] ], [ [ -86.460104, 36.943932 ], [ -86.460261, 36.943979 ] ], [ [ -86.460261, 36.943979 ], [ -86.46041, 36.94403 ] ], [ [ -86.46041, 36.94403 ], [ -86.460547, 36.944085 ] ], [ [ -86.460547, 36.944085 ], [ -86.4606989, 36.9441513 ] ], [ [ -86.4606989, 36.9441513 ], [ -86.460896, 36.944249 ] ], [ [ -86.460896, 36.944249 ], [ -86.4612393, 36.9444454 ] ], [ [ -86.4612393, 36.9444454 ], [ -86.461301, 36.944481 ] ] ] } },
{ "type": "Feature", "properties": { "name": "Cave Mill Road", "highway": "secondary", "length": 2902.0, "risk_tier": "low", "zone_type": "sinkhole" }, "geometry": { "type": "MultiLineString", "coordinates": [ [ [ -86.4295403, 36.9439397 ], [ -86.4308223, 36.9435445 ] ], [ [ -86.4308223, 36.9435445 ], [ -86.4315606, 36.9433387 ] ], [ [ -86.4315606, 36.9433387 ], [ -86.4330116, 36.942881500000013 ] ], [ [ -86.4330116, 36.942881500000013 ], [ -86.433428, 36.9427583 ] ], [ [ -86.433428, 36.9427583 ], [ -86.433789, 36.9426309 ] ], [ [ -86.433789, 36.9426309 ], [ -86.434409, 36.9424537 ] ], [ [ -86.434409, 36.9424537 ], [ -86.4345713, 36.9424158 ] ], [ [ -86.4345713, 36.9424158 ], [ -86.4355957, 36.9421802 ] ], [ [ -86.4355957, 36.9421802 ], [ -86.436691, 36.941966 ] ], [ [ -86.436691, 36.941966 ], [ -86.437431, 36.941822 ] ], [ [ -86.437431, 36.941822 ], [ -86.437757, 36.941763 ] ], [ [ -86.437757, 36.941763 ], [ -86.437897, 36.941742 ] ], [ [ -86.437897, 36.941742 ], [ -86.438032, 36.941727 ] ], [ [ -86.438032, 36.941727 ], [ -86.438165, 36.941715 ] ], [ [ -86.438165, 36.941715 ], [ -86.438297, 36.941707 ] ], [ [ -86.438297, 36.941707 ], [ -86.438433, 36.941703 ] ], [ [ -86.438433, 36.941703 ], [ -86.438577, 36.941703 ] ], [ [ -86.438577, 36.941703 ], [ -86.438878, 36.94172 ] ], [ [ -86.438878, 36.94172 ], [ -86.439653, 36.941782 ] ], [ [ -86.439653, 36.941782 ], [ -86.440261, 36.941837 ] ], [ [ -86.440261, 36.941837 ], [ -86.440924, 36.941893 ] ], [ [ -86.440924, 36.941893 ], [ -86.442869, 36.942059 ] ], [ [ -86.442869, 36.942059 ], [ -86.443538, 36.942113 ] ], [ [ -86.443538, 36.942113 ], [ -86.4447022, 36.942236500000014 ] ], [ [ -86.4447022, 36.942236500000014 ], [ -86.445466, 36.9422903 ] ], [ [ -86.445466, 36.9422903 ], [ -86.4456057, 36.9423001 ] ], [ [ -86.4456057, 36.9423001 ], [ -86.446286, 36.9423486 ] ], [ [ -86.446286, 36.9423486 ], [ -86.446386, 36.942355 ] ], [ [ -86.446386, 36.942355 ], [ -86.4465865, 36.9423652 ] ], [ [ -86.4465865, 36.9423652 ], [ -86.446698, 36.942368 ] ], [ [ -86.446698, 36.942368 ], [ -86.447009, 36.942363 ] ], [ [ -86.447009, 36.942363 ], [ -86.447167, 36.942357 ] ], [ [ -86.447167, 36.942357 ], [ -86.447485, 36.94234 ] ], [ [ -86.447485, 36.94234 ], [ -86.4477838, 36.9423186 ] ], [ [ -86.4477838, 36.9423186 ], [ -86.4479385, 36.942304 ] ], [ [ -86.4479385, 36.942304 ], [ -86.448251, 36.942282 ] ], [ [ -86.448251, 36.942282 ], [ -86.4484, 36.942277 ] ], [ [ -86.4484, 36.942277 ], [ -86.448551, 36.942275 ] ], [ [ -86.448551, 36.942275 ], [ -86.448715, 36.942278 ] ], [ [ -86.448715, 36.942278 ], [ -86.448891, 36.942285 ] ], [ [ -86.448891, 36.942285 ], [ -86.449076, 36.942299 ] ], [ [ -86.449076, 36.942299 ], [ -86.449263, 36.942318 ] ], [ [ -86.449263, 36.942318 ], [ -86.4492947, 36.9423153 ] ], [ [ -86.4492947, 36.9423153 ], [ -86.449577, 36.942359 ] ], [ [ -86.449577, 36.942359 ], [ -86.449861, 36.942401 ] ], [ [ -86.449861, 36.942401 ], [ -86.450525, 36.942507 ] ], [ [ -86.450525, 36.942507 ], [ -86.452085, 36.942747 ] ], [ [ -86.452085, 36.942747 ], [ -86.452439, 36.942799 ] ], [ [ -86.452439, 36.942799 ], [ -86.453071, 36.9429 ] ], [ [ -86.453071, 36.9429 ], [ -86.453674, 36.94299 ] ], [ [ -86.453674, 36.94299 ], [ -86.453757, 36.943003 ] ], [ [ -86.453757, 36.943003 ], [ -86.454618, 36.943131 ] ], [ [ -86.454618, 36.943131 ], [ -86.455197, 36.943214 ] ], [ [ -86.455197, 36.943214 ], [ -86.455792, 36.943294 ] ], [ [ -86.455792, 36.943294 ], [ -86.4562711, 36.9433649 ] ], [ [ -86.4562711, 36.9433649 ], [ -86.456788, 36.943434 ] ], [ [ -86.456788, 36.943434 ], [ -86.4578674, 36.9435887 ] ], [ [ -86.4578674, 36.9435887 ], [ -86.4579175, 36.9435959 ] ], [ [ -86.4579175, 36.9435959 ], [ -86.458594, 36.943688 ] ], [ [ -86.458594, 36.943688 ], [ -86.4595666, 36.9438204 ] ], [ [ -86.4595666, 36.9438204 ], [ -86.459761, 36.943854 ] ], [ [ -86.459761, 36.943854 ], [ -86.459938, 36.94389 ] ], [ [ -86.459938, 36.94389 ], [ -86.460104, 36.943932 ] ], [ [ -86.460104, 36.943932 ], [ -86.460261, 36.943979 ] ], [ [ -86.460261, 36.943979 ], [ -86.46041, 36.94403 ] ], [ [ -86.46041, 36.94403 ], [ -86.460547, 36.944085 ] ], [ [ -86.460547, 36.944085 ], [ -86.4606989, 36.9441513 ] ], [ [ -86.4606989, 36.9441513 ], [ -86.460896, 36.944249 ] ], [ [ -86.460896, 36.944249 ], [ -86.4612393, 36.9444454 ] ], [ [ -86.4612393, 36.9444454 ], [ -86.461301, 36.944481 ] ] ] } },
{ "type": "Feature", "properties": { "name": "Grider Pond Road", "highway": "residential", "length": 4367.0, "risk_tier": "low", "zone_type": "sinkhole" }, "geometry": { "type": "MultiLineString", "coordinates": [ [ [ -86.437644, 36.944339 ], [ -86.4374877, 36.9439558 ] ], [ [ -86.4374877, 36.9439558 ], [ -86.437476, 36.943793 ] ], [ [ -86.437476, 36.943793 ], [ -86.437505, 36.943708 ] ], [ [ -86.437505, 36.943708 ], [ -86.437546, 36.943625 ] ], [ [ -86.437546, 36.943625 ], [ -86.4377363, 36.9433854 ] ], [ [ -86.4377363, 36.9433854 ], [ -86.4377833, 36.9433004 ] ], [ [ -86.4377833, 36.9433004 ], [ -86.4378133, 36.943213399999976 ] ], [ [ -86.4378133, 36.943213399999976 ], [ -86.4378243, 36.9431244 ] ], [ [ -86.4378243, 36.9431244 ], [ -86.4378183, 36.9430344 ] ], [ [ -86.4378183, 36.9430344 ], [ -86.437745, 36.942843 ] ], [ [ -86.437745, 36.942843 ], [ -86.437431, 36.941822 ] ], [ [ -86.437431, 36.941822 ], [ -86.437391, 36.941626 ] ], [ [ -86.437391, 36.941626 ], [ -86.437461, 36.9413442 ] ], [ [ -86.437461, 36.9413442 ], [ -86.437591, 36.940419 ] ], [ [ -86.437591, 36.940419 ], [ -86.437685, 36.93984 ] ], [ [ -86.437685, 36.93984 ], [ -86.437766, 36.939288 ] ], [ [ -86.437766, 36.939288 ], [ -86.437784, 36.939177 ] ], [ [ -86.437784, 36.939177 ], [ -86.437838, 36.938814 ] ], [ [ -86.437838, 36.938814 ], [ -86.437896, 36.938388 ] ], [ [ -86.437896, 36.938388 ], [ -86.438029, 36.937507 ] ], [ [ -86.438029, 36.937507 ], [ -86.438066, 36.937182 ] ], [ [ -86.438066, 36.937182 ], [ -86.43808, 36.937129 ] ], [ [ -86.43808, 36.937129 ], [ -86.438113, 36.937038 ] ], [ [ -86.438113, 36.937038 ], [ -86.438123, 36.93702 ] ], [ [ -86.438123, 36.93702 ], [ -86.438133, 36.937005 ] ], [ [ -86.438133, 36.937005 ], [ -86.438161, 36.936978 ] ], [ [ -86.438161, 36.936978 ], [ -86.43822, 36.936939 ] ], [ [ -86.43822, 36.936939 ], [ -86.438249, 36.936925 ] ], [ [ -86.438249, 36.936925 ], [ -86.438295, 36.936911 ] ], [ [ -86.438295, 36.936911 ], [ -86.438384, 36.936892 ] ], [ [ -86.438384, 36.936892 ], [ -86.438435, 36.936886 ] ], [ [ -86.438435, 36.936886 ], [ -86.438492, 36.936884 ] ], [ [ -86.438492, 36.936884 ], [ -86.438797, 36.936909 ] ], [ [ -86.438797, 36.936909 ], [ -86.439473, 36.936987 ] ], [ [ -86.439473, 36.936987 ], [ -86.442, 36.937285 ] ], [ [ -86.442, 36.937285 ], [ -86.444591, 36.937587 ] ], [ [ -86.444591, 36.937587 ], [ -86.445501, 36.93769 ] ], [ [ -86.445501, 36.93769 ], [ -86.44578, 36.937721 ] ], [ [ -86.44578, 36.937721 ], [ -86.447194, 36.937897 ] ], [ [ -86.447194, 36.937897 ], [ -86.447529, 36.937933 ] ], [ [ -86.447529, 36.937933 ], [ -86.447934, 36.937977 ] ], [ [ -86.447934, 36.937977 ], [ -86.448214, 36.937996 ] ], [ [ -86.448214, 36.937996 ], [ -86.448325, 36.937997 ] ], [ [ -86.448325, 36.937997 ], [ -86.448502, 36.937993 ] ], [ [ -86.448502, 36.937993 ], [ -86.448646, 36.937982 ] ], [ [ -86.448646, 36.937982 ], [ -86.451041, 36.937665 ] ], [ [ -86.451041, 36.937665 ], [ -86.45114, 36.937649 ] ], [ [ -86.45114, 36.937649 ], [ -86.451643, 36.937572 ] ], [ [ -86.451643, 36.937572 ], [ -86.451906, 36.937536 ] ], [ [ -86.451906, 36.937536 ], [ -86.452042, 36.937532 ] ], [ [ -86.452042, 36.937532 ], [ -86.452186, 36.937538 ] ], [ [ -86.452186, 36.937538 ], [ -86.452329, 36.93755 ] ], [ [ -86.452329, 36.93755 ], [ -86.452469, 36.93757 ] ], [ [ -86.452469, 36.93757 ], [ -86.452608, 36.937598 ] ], [ [ -86.452608, 36.937598 ], [ -86.452742, 36.937636 ] ], [ [ -86.452742, 36.937636 ], [ -86.452889, 36.937688 ] ], [ [ -86.452889, 36.937688 ], [ -86.452994, 36.937731 ] ], [ [ -86.452994, 36.937731 ], [ -86.45311, 36.937788 ] ], [ [ -86.45311, 36.937788 ], [ -86.453227, 36.93785 ] ], [ [ -86.453227, 36.93785 ], [ -86.453343, 36.937917 ] ], [ [ -86.453343, 36.937917 ], [ -86.45408, 36.938392 ] ], [ [ -86.45408, 36.938392 ], [ -86.454489, 36.938662 ] ], [ [ -86.454489, 36.938662 ], [ -86.4553494, 36.9392033 ] ], [ [ -86.4553494, 36.9392033 ], [ -86.455926, 36.939563 ] ], [ [ -86.455926, 36.939563 ], [ -86.456052, 36.939636 ] ], [ [ -86.456052, 36.939636 ], [ -86.456182, 36.939705 ] ], [ [ -86.456182, 36.939705 ], [ -86.456256, 36.939738 ] ], [ [ -86.456256, 36.939738 ], [ -86.456314, 36.939764 ] ], [ [ -86.456314, 36.939764 ], [ -86.456347, 36.939775 ] ], [ [ -86.456347, 36.939775 ], [ -86.456464, 36.939816 ] ], [ [ -86.456464, 36.939816 ], [ -86.456599, 36.939856 ] ], [ [ -86.456599, 36.939856 ], [ -86.45677790000002, 36.9398924 ] ], [ [ -86.45677790000002, 36.9398924 ], [ -86.457044, 36.939935 ] ], [ [ -86.457044, 36.939935 ], [ -86.457339, 36.939976 ] ], [ [ -86.457339, 36.939976 ], [ -86.457482, 36.939994 ] ], [ [ -86.457482, 36.939994 ], [ -86.457921, 36.940041 ] ], [ [ -86.457921, 36.940041 ], [ -86.4579836, 36.9400514 ] ], [ [ -86.4579836, 36.9400514 ], [ -86.4583633, 36.94008539999998 ] ], [ [ -86.4583633, 36.94008539999998 ], [ -86.4586198, 36.9400955 ] ], [ [ -86.4586198, 36.9400955 ], [ -86.458837, 36.940103 ] ], [ [ -86.458837, 36.940103 ], [ -86.458984, 36.9401 ] ], [ [ -86.458984, 36.9401 ], [ -86.459186, 36.940088 ] ], [ [ -86.459186, 36.940088 ], [ -86.4594504, 36.940069 ] ], [ [ -86.4594504, 36.940069 ], [ -86.459891, 36.940044 ] ], [ [ -86.459891, 36.940044 ], [ -86.459992, 36.940041 ] ], [ [ -86.459992, 36.940041 ], [ -86.460217, 36.940039 ] ], [ [ -86.460217, 36.940039 ], [ -86.460511, 36.940046 ] ], [ [ -86.460511, 36.940046 ], [ -86.460849, 36.940072 ] ], [ [ -86.460849, 36.940072 ], [ -86.461021, 36.940091 ] ], [ [ -86.461021, 36.940091 ], [ -86.4613923, 36.9401396 ] ], [ [ -86.4613923, 36.9401396 ], [ -86.4616024, 36.9401664 ] ], [ [ -86.4616024, 36.9401664 ], [ -86.461837, 36.940196 ] ], [ [ -86.461837, 36.940196 ], [ -86.4622951, 36.9402509 ] ], [ [ -86.4622951, 36.9402509 ], [ -86.4625736, 36.9402834 ] ], [ [ -86.4625736, 36.9402834 ], [ -86.4634632, 36.9403948 ] ], [ [ -86.4634632, 36.9403948 ], [ -86.463844900000012, 36.9404445 ] ], [ [ -86.463844900000012, 36.9404445 ], [ -86.4639298, 36.940455699999987 ] ], [ [ -86.4639298, 36.940455699999987 ], [ -86.4641305, 36.9404822 ] ], [ [ -86.4641305, 36.9404822 ], [ -86.4643751, 36.9405145 ] ], [ [ -86.4643751, 36.9405145 ], [ -86.464803, 36.940569 ] ], [ [ -86.464803, 36.940569 ], [ -86.46536, 36.940633 ] ], [ [ -86.46536, 36.940633 ], [ -86.46552, 36.940645 ] ], [ [ -86.46552, 36.940645 ], [ -86.465678, 36.940648 ] ], [ [ -86.465678, 36.940648 ], [ -86.465838, 36.940641 ] ], [ [ -86.465838, 36.940641 ], [ -86.465996, 36.940624 ] ], [ [ -86.465996, 36.940624 ], [ -86.466153, 36.940601 ] ], [ [ -86.466153, 36.940601 ], [ -86.466373, 36.940559 ] ], [ [ -86.466373, 36.940559 ], [ -86.466896, 36.940458 ] ], [ [ -86.466896, 36.940458 ], [ -86.467191, 36.940407 ] ], [ [ -86.467191, 36.940407 ], [ -86.467968, 36.940262 ] ], [ [ -86.467968, 36.940262 ], [ -86.468124, 36.940237 ] ], [ [ -86.468124, 36.940237 ], [ -86.468278, 36.940215 ] ], [ [ -86.468278, 36.940215 ], [ -86.468432, 36.940198 ] ], [ [ -86.468432, 36.940198 ], [ -86.468582, 36.940188 ] ], [ [ -86.468582, 36.940188 ], [ -86.46873, 36.940182 ] ], [ [ -86.46873, 36.940182 ], [ -86.468886, 36.94018 ] ], [ [ -86.468886, 36.94018 ], [ -86.469029, 36.940185 ] ], [ [ -86.469029, 36.940185 ], [ -86.46918, 36.9402 ] ], [ [ -86.46918, 36.9402 ], [ -86.469333, 36.940223 ] ], [ [ -86.469333, 36.940223 ], [ -86.469487, 36.940252 ] ], [ [ -86.469487, 36.940252 ], [ -86.469642, 36.940291 ] ], [ [ -86.469642, 36.940291 ], [ -86.469794, 36.940341 ] ], [ [ -86.469794, 36.940341 ], [ -86.469946, 36.940401 ] ], [ [ -86.469946, 36.940401 ], [ -86.470243, 36.940534 ] ], [ [ -86.470243, 36.940534 ], [ -86.470538, 36.940674 ] ], [ [ -86.470538, 36.940674 ], [ -86.471072, 36.940924 ] ], [ [ -86.471072, 36.940924 ], [ -86.471616, 36.941188 ] ], [ [ -86.471616, 36.941188 ], [ -86.472143, 36.941439 ] ], [ [ -86.472143, 36.941439 ], [ -86.472375, 36.941545 ] ], [ [ -86.472375, 36.941545 ], [ -86.473167, 36.941916 ] ], [ [ -86.473167, 36.941916 ], [ -86.473298, 36.941972 ] ], [ [ -86.473298, 36.941972 ], [ -86.473435, 36.942022 ] ], [ [ -86.473435, 36.942022 ], [ -86.473573, 36.942065 ] ], [ [ -86.473573, 36.942065 ], [ -86.473864, 36.942136 ] ], [ [ -86.473864, 36.942136 ], [ -86.474163, 36.942201 ] ], [ [ -86.474163, 36.942201 ], [ -86.4744433, 36.942254 ] ], [ [ -86.4744433, 36.942254 ], [ -86.475929, 36.942557 ] ] ] } },
{ "type": "Feature", "properties": { "name": null, "highway": "residential", "length": 111.0, "risk_tier": "low", "zone_type": "sinkhole" }, "geometry": { "type": "MultiLineString", "coordinates": [ [ [ -86.4003003, 36.9689839 ], [ -86.4002515, 36.9689932 ] ], [ [ -86.4002515, 36.9689932 ], [ -86.4002072, 36.969012 ] ], [ [ -86.4002072, 36.969012 ], [ -86.4001702, 36.969039 ] ], [ [ -86.4001702, 36.969039 ], [ -86.4001445, 36.9690697 ] ], [ [ -86.4001445, 36.9690697 ], [ -86.4001285, 36.9691042 ] ], [ [ -86.4001285, 36.9691042 ], [ -86.4001228, 36.9691409 ] ], [ [ -86.4001228, 36.9691409 ], [ -86.4001278, 36.9691775 ] ], [ [ -86.4001278, 36.9691775 ], [ -86.4001433, 36.9692123 ] ], [ [ -86.4001433, 36.9692123 ], [ -86.4001734, 36.9692479 ] ], [ [ -86.4001734, 36.9692479 ], [ -86.4002143, 36.9692758 ] ], [ [ -86.4002143, 36.9692758 ], [ -86.400263, 36.9692939 ] ], [ [ -86.400263, 36.9692939 ], [ -86.4003161, 36.9693009 ] ], [ [ -86.4003161, 36.9693009 ], [ -86.40036, 36.969298 ] ], [ [ -86.40036, 36.969298 ], [ -86.4004019, 36.9692875 ] ], [ [ -86.4004019, 36.9692875 ], [ -86.4004492, 36.9692641 ] ], [ [ -86.4004492, 36.9692641 ], [ -86.4004865, 36.9692312 ] ], [ [ -86.4004865, 36.9692312 ], [ -86.400511, 36.9691913 ] ], [ [ -86.400511, 36.9691913 ], [ -86.4005191, 36.96916250000001 ] ], [ [ -86.4005191, 36.96916250000001 ], [ -86.4005205, 36.969133 ] ], [ [ -86.4005205, 36.969133 ], [ -86.4005051, 36.9690802 ] ], [ [ -86.4005051, 36.9690802 ], [ -86.4004686, 36.9690346 ] ], [ [ -86.4004686, 36.9690346 ], [ -86.4004149, 36.969001499999983 ] ], [ [ -86.4004149, 36.969001499999983 ], [ -86.4003505, 36.9689847 ] ], [ [ -86.4003505, 36.9689847 ], [ -86.4003003, 36.9689839 ] ] ] } },
{ "type": "Feature", "properties": { "name": "Natchez Trace Avenue", "highway": "unclassified", "length": 158.0, "risk_tier": "low", "zone_type": "sinkhole" }, "geometry": { "type": "MultiLineString", "coordinates": [ [ [ -86.4002963, 36.9679207 ], [ -86.4000382, 36.9677663 ] ], [ [ -86.4000382, 36.9677663 ], [ -86.3999085, 36.9676886 ] ], [ [ -86.3999085, 36.9676886 ], [ -86.3998899, 36.967677500000015 ] ], [ [ -86.3998899, 36.967677500000015 ], [ -86.3995663, 36.9674912 ] ], [ [ -86.3995663, 36.9674912 ], [ -86.3994729, 36.9674374 ] ], [ [ -86.3994729, 36.9674374 ], [ -86.39885, 36.9670882 ] ] ] } },
{ "type": "Feature", "properties": { "name": "Atlanta Way", "highway": "residential", "length": 677.0, "risk_tier": "low", "zone_type": "sinkhole" }, "geometry": { "type": "MultiLineString", "coordinates": [ [ [ -86.403935, 36.922175 ], [ -86.405129, 36.921863 ] ], [ [ -86.405129, 36.921863 ], [ -86.405393, 36.921686 ] ], [ [ -86.405393, 36.921686 ], [ -86.405592, 36.921421 ] ], [ [ -86.405592, 36.921421 ], [ -86.4057917, 36.92111019999998 ] ], [ [ -86.4057917, 36.92111019999998 ], [ -86.4059478, 36.9209809 ] ], [ [ -86.4059478, 36.9209809 ], [ -86.4061402, 36.9208709 ] ], [ [ -86.4061402, 36.9208709 ], [ -86.4069966, 36.9206266 ] ], [ [ -86.4069966, 36.9206266 ], [ -86.4071246, 36.9206566 ] ], [ [ -86.4071246, 36.9206566 ], [ -86.4072096, 36.9207606 ] ], [ [ -86.4072096, 36.9207606 ], [ -86.4076441, 36.9218238 ] ], [ [ -86.4076441, 36.9218238 ], [ -86.4076418, 36.921929 ] ], [ [ -86.4076418, 36.921929 ], [ -86.407407, 36.922063 ] ], [ [ -86.407407, 36.922063 ], [ -86.4065137, 36.9223035 ] ], [ [ -86.4065137, 36.9223035 ], [ -86.4059477, 36.922441499999984 ] ], [ [ -86.4059477, 36.922441499999984 ], [ -86.4058446, 36.92256 ] ] ] } },
{ "type": "Feature", "properties": { "name": "Shanks Mill Drive", "highway": "residential", "length": 329.0, "risk_tier": "low", "zone_type": "sinkhole" }, "geometry": { "type": "MultiLineString", "coordinates": [ [ [ -86.466152, 36.954561 ], [ -86.466084, 36.954932 ] ], [ [ -86.466084, 36.954932 ], [ -86.466017, 36.955277 ] ], [ [ -86.466017, 36.955277 ], [ -86.466049, 36.955337 ] ], [ [ -86.466049, 36.955337 ], [ -86.4680934, 36.95629120000001 ] ], [ [ -86.4680934, 36.95629120000001 ], [ -86.4683355, 36.9564857 ] ] ] } },
{ "type": "Feature", "properties": { "name": "Shanks Mill Drive", "highway": "residential", "length": 329.0, "risk_tier": "low", "zone_type": "sinkhole" }, "geometry": { "type": "MultiLineString", "coordinates": [ [ [ -86.466152, 36.954561 ], [ -86.466084, 36.954932 ] ], [ [ -86.466084, 36.954932 ], [ -86.466017, 36.955277 ] ], [ [ -86.466017, 36.955277 ], [ -86.466049, 36.955337 ] ], [ [ -86.466049, 36.955337 ], [ -86.4680934, 36.95629120000001 ] ], [ [ -86.4680934, 36.95629120000001 ], [ -86.4683355, 36.9564857 ] ] ] } },
{ "type": "Feature", "properties": { "name": "Old Scottsville Road", "highway": "tertiary", "length": 2171.0, "risk_tier": "low", "zone_type": "sinkhole" }, "geometry": { "type": "MultiLineString", "coordinates": [ [ [ -86.3928514, 36.934556399999984 ], [ -86.393752, 36.934028 ] ], [ [ -86.393752, 36.934028 ], [ -86.394051, 36.933862 ] ], [ [ -86.394051, 36.933862 ], [ -86.394578, 36.933576 ] ], [ [ -86.394578, 36.933576 ], [ -86.394732, 36.933496 ] ], [ [ -86.394732, 36.933496 ], [ -86.394877, 36.933425 ] ], [ [ -86.394877, 36.933425 ], [ -86.395022, 36.933362 ] ], [ [ -86.395022, 36.933362 ], [ -86.395167, 36.93331 ] ], [ [ -86.395167, 36.93331 ], [ -86.395312, 36.933267 ] ], [ [ -86.395312, 36.933267 ], [ -86.395498, 36.933225 ] ], [ [ -86.395498, 36.933225 ], [ -86.395769, 36.933188 ] ], [ [ -86.395769, 36.933188 ], [ -86.395964, 36.933171 ] ], [ [ -86.395964, 36.933171 ], [ -86.396007, 36.933171 ] ], [ [ -86.396007, 36.933171 ], [ -86.396214, 36.933183 ] ], [ [ -86.396214, 36.933183 ], [ -86.396333, 36.933195 ] ], [ [ -86.396333, 36.933195 ], [ -86.396539, 36.933231 ] ], [ [ -86.396539, 36.933231 ], [ -86.396737, 36.933276 ] ], [ [ -86.396737, 36.933276 ], [ -86.396996, 36.933345 ] ], [ [ -86.396996, 36.933345 ], [ -86.3972102, 36.933419 ] ], [ [ -86.3972102, 36.933419 ], [ -86.397357, 36.933469 ] ], [ [ -86.397357, 36.933469 ], [ -86.397959, 36.933625 ] ], [ [ -86.397959, 36.933625 ], [ -86.39834, 36.933708 ] ], [ [ -86.39834, 36.933708 ], [ -86.398531, 36.933744 ] ], [ [ -86.398531, 36.933744 ], [ -86.399391, 36.933873 ] ], [ [ -86.399391, 36.933873 ], [ -86.399577, 36.933893 ] ], [ [ -86.399577, 36.933893 ], [ -86.399817, 36.93391 ] ], [ [ -86.399817, 36.93391 ], [ -86.399984, 36.933917 ] ], [ [ -86.399984, 36.933917 ], [ -86.400394800000015, 36.9339577 ] ], [ [ -86.400394800000015, 36.9339577 ], [ -86.40052, 36.933968 ] ], [ [ -86.40052, 36.933968 ], [ -86.400726, 36.93399 ] ], [ [ -86.400726, 36.93399 ], [ -86.401028, 36.934028 ] ], [ [ -86.401028, 36.934028 ], [ -86.401165, 36.934053 ] ], [ [ -86.401165, 36.934053 ], [ -86.4012264, 36.9340672 ] ], [ [ -86.4012264, 36.9340672 ], [ -86.401317, 36.934089 ] ], [ [ -86.401317, 36.934089 ], [ -86.401464, 36.934132 ] ], [ [ -86.401464, 36.934132 ], [ -86.4016126, 36.9341829 ] ], [ [ -86.4016126, 36.9341829 ], [ -86.4020648, 36.934361199999984 ] ], [ [ -86.4020648, 36.934361199999984 ], [ -86.4022689, 36.9344398 ] ], [ [ -86.4022689, 36.9344398 ], [ -86.402638, 36.934576 ] ], [ [ -86.402638, 36.934576 ], [ -86.402728, 36.934612 ] ], [ [ -86.402728, 36.934612 ], [ -86.4031072, 36.9347484 ] ], [ [ -86.4031072, 36.9347484 ], [ -86.4039154, 36.935032699999987 ] ], [ [ -86.4039154, 36.935032699999987 ], [ -86.40435, 36.935189 ] ], [ [ -86.40435, 36.935189 ], [ -86.4046032, 36.935278 ] ], [ [ -86.4046032, 36.935278 ], [ -86.4048405, 36.935359500000018 ] ], [ [ -86.4048405, 36.935359500000018 ], [ -86.4051, 36.935449 ] ], [ [ -86.4051, 36.935449 ], [ -86.4053698, 36.9355479 ] ], [ [ -86.4053698, 36.9355479 ], [ -86.4059113, 36.935742800000014 ] ], [ [ -86.4059113, 36.935742800000014 ], [ -86.4059468, 36.9357556 ] ], [ [ -86.4059468, 36.9357556 ], [ -86.4062504, 36.9358702 ] ], [ [ -86.4062504, 36.9358702 ], [ -86.406409, 36.935928 ] ], [ [ -86.406409, 36.935928 ], [ -86.406497, 36.935959 ] ], [ [ -86.406497, 36.935959 ], [ -86.406623, 36.935998 ] ], [ [ -86.406623, 36.935998 ], [ -86.4067309, 36.9360244 ] ], [ [ -86.4067309, 36.9360244 ], [ -86.406772, 36.936034 ] ], [ [ -86.406772, 36.936034 ], [ -86.406897, 36.936051 ] ], [ [ -86.406897, 36.936051 ], [ -86.4070132, 36.93606 ] ], [ [ -86.4070132, 36.93606 ], [ -86.407282, 36.93605 ] ], [ [ -86.407282, 36.93605 ], [ -86.407479, 36.936033 ] ], [ [ -86.407479, 36.936033 ], [ -86.40762, 36.936028 ] ], [ [ -86.40762, 36.936028 ], [ -86.407723, 36.93603 ] ], [ [ -86.407723, 36.93603 ], [ -86.407845, 36.936044 ] ], [ [ -86.407845, 36.936044 ], [ -86.407926, 36.936063 ] ], [ [ -86.407926, 36.936063 ], [ -86.408064, 36.936107 ] ], [ [ -86.408064, 36.936107 ], [ -86.4081058, 36.9361233 ] ], [ [ -86.4081058, 36.9361233 ], [ -86.408206, 36.936165 ] ], [ [ -86.408206, 36.936165 ], [ -86.408328, 36.936222 ] ], [ [ -86.408328, 36.936222 ], [ -86.408475, 36.936301 ] ], [ [ -86.408475, 36.936301 ], [ -86.408658, 36.936405 ] ], [ [ -86.408658, 36.936405 ], [ -86.408733, 36.93645 ] ], [ [ -86.408733, 36.93645 ], [ -86.408841, 36.936521 ] ], [ [ -86.408841, 36.936521 ], [ -86.408943, 36.936599 ] ], [ [ -86.408943, 36.936599 ], [ -86.4089919, 36.9366427 ] ], [ [ -86.4089919, 36.9366427 ], [ -86.409038, 36.936684 ] ], [ [ -86.409038, 36.936684 ], [ -86.4090838, 36.9367326 ] ], [ [ -86.4090838, 36.9367326 ], [ -86.409226, 36.936887 ] ], [ [ -86.409226, 36.936887 ], [ -86.409303, 36.936963 ] ], [ [ -86.409303, 36.936963 ], [ -86.409355, 36.937008 ] ], [ [ -86.409355, 36.937008 ], [ -86.409444, 36.93707 ] ], [ [ -86.409444, 36.93707 ], [ -86.409582, 36.937138 ] ], [ [ -86.409582, 36.937138 ], [ -86.409698, 36.937177 ] ], [ [ -86.409698, 36.937177 ], [ -86.409883, 36.937218 ] ], [ [ -86.409883, 36.937218 ], [ -86.409917, 36.937223 ] ], [ [ -86.409917, 36.937223 ], [ -86.4100895, 36.937253499999983 ] ], [ [ -86.4100895, 36.937253499999983 ], [ -86.410166, 36.937267 ] ], [ [ -86.410166, 36.937267 ], [ -86.410454, 36.937338 ] ], [ [ -86.410454, 36.937338 ], [ -86.410484, 36.937347 ] ], [ [ -86.410484, 36.937347 ], [ -86.410583, 36.937386 ] ], [ [ -86.410583, 36.937386 ], [ -86.410763, 36.937479 ] ], [ [ -86.410763, 36.937479 ], [ -86.410933, 36.937578 ] ], [ [ -86.410933, 36.937578 ], [ -86.411043, 36.93765 ] ], [ [ -86.411043, 36.93765 ], [ -86.411148, 36.937727 ] ], [ [ -86.411148, 36.937727 ], [ -86.411243, 36.937807 ] ], [ [ -86.411243, 36.937807 ], [ -86.411411, 36.937973 ] ], [ [ -86.411411, 36.937973 ], [ -86.411534, 36.938133 ] ], [ [ -86.411534, 36.938133 ], [ -86.411597, 36.938208 ] ], [ [ -86.411597, 36.938208 ], [ -86.411666, 36.938279 ] ], [ [ -86.411666, 36.938279 ], [ -86.411746, 36.938342 ] ], [ [ -86.411746, 36.938342 ], [ -86.411778, 36.938362 ] ], [ [ -86.411778, 36.938362 ], [ -86.411945, 36.93845 ] ], [ [ -86.411945, 36.93845 ], [ -86.412648, 36.93869 ] ], [ [ -86.412648, 36.93869 ], [ -86.412873, 36.938776 ] ], [ [ -86.412873, 36.938776 ], [ -86.413129, 36.938888 ] ], [ [ -86.413129, 36.938888 ], [ -86.413635, 36.939161 ] ], [ [ -86.413635, 36.939161 ], [ -86.413858, 36.939289 ] ], [ [ -86.413858, 36.939289 ], [ -86.41412, 36.939433 ] ], [ [ -86.41412, 36.939433 ], [ -86.414318, 36.939534 ] ], [ [ -86.414318, 36.939534 ], [ -86.414564, 36.939649 ] ] ] } },
{ "type": "Feature", "properties": { "name": "Old Scottsville Road", "highway": "tertiary", "length": 2171.0, "risk_tier": "low", "zone_type": "sinkhole" }, "geometry": { "type": "MultiLineString", "coordinates": [ [ [ -86.3928514, 36.934556399999984 ], [ -86.393752, 36.934028 ] ], [ [ -86.393752, 36.934028 ], [ -86.394051, 36.933862 ] ], [ [ -86.394051, 36.933862 ], [ -86.394578, 36.933576 ] ], [ [ -86.394578, 36.933576 ], [ -86.394732, 36.933496 ] ], [ [ -86.394732, 36.933496 ], [ -86.394877, 36.933425 ] ], [ [ -86.394877, 36.933425 ], [ -86.395022, 36.933362 ] ], [ [ -86.395022, 36.933362 ], [ -86.395167, 36.93331 ] ], [ [ -86.395167, 36.93331 ], [ -86.395312, 36.933267 ] ], [ [ -86.395312, 36.933267 ], [ -86.395498, 36.933225 ] ], [ [ -86.395498, 36.933225 ], [ -86.395769, 36.933188 ] ], [ [ -86.395769, 36.933188 ], [ -86.395964, 36.933171 ] ], [ [ -86.395964, 36.933171 ], [ -86.396007, 36.933171 ] ], [ [ -86.396007, 36.933171 ], [ -86.396214, 36.933183 ] ], [ [ -86.396214, 36.933183 ], [ -86.396333, 36.933195 ] ], [ [ -86.396333, 36.933195 ], [ -86.396539, 36.933231 ] ], [ [ -86.396539, 36.933231 ], [ -86.396737, 36.933276 ] ], [ [ -86.396737, 36.933276 ], [ -86.396996, 36.933345 ] ], [ [ -86.396996, 36.933345 ], [ -86.3972102, 36.933419 ] ], [ [ -86.3972102, 36.933419 ], [ -86.397357, 36.933469 ] ], [ [ -86.397357, 36.933469 ], [ -86.397959, 36.933625 ] ], [ [ -86.397959, 36.933625 ], [ -86.39834, 36.933708 ] ], [ [ -86.39834, 36.933708 ], [ -86.398531, 36.933744 ] ], [ [ -86.398531, 36.933744 ], [ -86.399391, 36.933873 ] ], [ [ -86.399391, 36.933873 ], [ -86.399577, 36.933893 ] ], [ [ -86.399577, 36.933893 ], [ -86.399817, 36.93391 ] ], [ [ -86.399817, 36.93391 ], [ -86.399984, 36.933917 ] ], [ [ -86.399984, 36.933917 ], [ -86.400394800000015, 36.9339577 ] ], [ [ -86.400394800000015, 36.9339577 ], [ -86.40052, 36.933968 ] ], [ [ -86.40052, 36.933968 ], [ -86.400726, 36.93399 ] ], [ [ -86.400726, 36.93399 ], [ -86.401028, 36.934028 ] ], [ [ -86.401028, 36.934028 ], [ -86.401165, 36.934053 ] ], [ [ -86.401165, 36.934053 ], [ -86.4012264, 36.9340672 ] ], [ [ -86.4012264, 36.9340672 ], [ -86.401317, 36.934089 ] ], [ [ -86.401317, 36.934089 ], [ -86.401464, 36.934132 ] ], [ [ -86.401464, 36.934132 ], [ -86.4016126, 36.9341829 ] ], [ [ -86.4016126, 36.9341829 ], [ -86.4020648, 36.934361199999984 ] ], [ [ -86.4020648, 36.934361199999984 ], [ -86.4022689, 36.9344398 ] ], [ [ -86.4022689, 36.9344398 ], [ -86.402638, 36.934576 ] ], [ [ -86.402638, 36.934576 ], [ -86.402728, 36.934612 ] ], [ [ -86.402728, 36.934612 ], [ -86.4031072, 36.9347484 ] ], [ [ -86.4031072, 36.9347484 ], [ -86.4039154, 36.935032699999987 ] ], [ [ -86.4039154, 36.935032699999987 ], [ -86.40435, 36.935189 ] ], [ [ -86.40435, 36.935189 ], [ -86.4046032, 36.935278 ] ], [ [ -86.4046032, 36.935278 ], [ -86.4048405, 36.935359500000018 ] ], [ [ -86.4048405, 36.935359500000018 ], [ -86.4051, 36.935449 ] ], [ [ -86.4051, 36.935449 ], [ -86.4053698, 36.9355479 ] ], [ [ -86.4053698, 36.9355479 ], [ -86.4059113, 36.935742800000014 ] ], [ [ -86.4059113, 36.935742800000014 ], [ -86.4059468, 36.9357556 ] ], [ [ -86.4059468, 36.9357556 ], [ -86.4062504, 36.9358702 ] ], [ [ -86.4062504, 36.9358702 ], [ -86.406409, 36.935928 ] ], [ [ -86.406409, 36.935928 ], [ -86.406497, 36.935959 ] ], [ [ -86.406497, 36.935959 ], [ -86.406623, 36.935998 ] ], [ [ -86.406623, 36.935998 ], [ -86.4067309, 36.9360244 ] ], [ [ -86.4067309, 36.9360244 ], [ -86.406772, 36.936034 ] ], [ [ -86.406772, 36.936034 ], [ -86.406897, 36.936051 ] ], [ [ -86.406897, 36.936051 ], [ -86.4070132, 36.93606 ] ], [ [ -86.4070132, 36.93606 ], [ -86.407282, 36.93605 ] ], [ [ -86.407282, 36.93605 ], [ -86.407479, 36.936033 ] ], [ [ -86.407479, 36.936033 ], [ -86.40762, 36.936028 ] ], [ [ -86.40762, 36.936028 ], [ -86.407723, 36.93603 ] ], [ [ -86.407723, 36.93603 ], [ -86.407845, 36.936044 ] ], [ [ -86.407845, 36.936044 ], [ -86.407926, 36.936063 ] ], [ [ -86.407926, 36.936063 ], [ -86.408064, 36.936107 ] ], [ [ -86.408064, 36.936107 ], [ -86.4081058, 36.9361233 ] ], [ [ -86.4081058, 36.9361233 ], [ -86.408206, 36.936165 ] ], [ [ -86.408206, 36.936165 ], [ -86.408328, 36.936222 ] ], [ [ -86.408328, 36.936222 ], [ -86.408475, 36.936301 ] ], [ [ -86.408475, 36.936301 ], [ -86.408658, 36.936405 ] ], [ [ -86.408658, 36.936405 ], [ -86.408733, 36.93645 ] ], [ [ -86.408733, 36.93645 ], [ -86.408841, 36.936521 ] ], [ [ -86.408841, 36.936521 ], [ -86.408943, 36.936599 ] ], [ [ -86.408943, 36.936599 ], [ -86.4089919, 36.9366427 ] ], [ [ -86.4089919, 36.9366427 ], [ -86.409038, 36.936684 ] ], [ [ -86.409038, 36.936684 ], [ -86.4090838, 36.9367326 ] ], [ [ -86.4090838, 36.9367326 ], [ -86.409226, 36.936887 ] ], [ [ -86.409226, 36.936887 ], [ -86.409303, 36.936963 ] ], [ [ -86.409303, 36.936963 ], [ -86.409355, 36.937008 ] ], [ [ -86.409355, 36.937008 ], [ -86.409444, 36.93707 ] ], [ [ -86.409444, 36.93707 ], [ -86.409582, 36.937138 ] ], [ [ -86.409582, 36.937138 ], [ -86.409698, 36.937177 ] ], [ [ -86.409698, 36.937177 ], [ -86.409883, 36.937218 ] ], [ [ -86.409883, 36.937218 ], [ -86.409917, 36.937223 ] ], [ [ -86.409917, 36.937223 ], [ -86.4100895, 36.937253499999983 ] ], [ [ -86.4100895, 36.937253499999983 ], [ -86.410166, 36.937267 ] ], [ [ -86.410166, 36.937267 ], [ -86.410454, 36.937338 ] ], [ [ -86.410454, 36.937338 ], [ -86.410484, 36.937347 ] ], [ [ -86.410484, 36.937347 ], [ -86.410583, 36.937386 ] ], [ [ -86.410583, 36.937386 ], [ -86.410763, 36.937479 ] ], [ [ -86.410763, 36.937479 ], [ -86.410933, 36.937578 ] ], [ [ -86.410933, 36.937578 ], [ -86.411043, 36.93765 ] ], [ [ -86.411043, 36.93765 ], [ -86.411148, 36.937727 ] ], [ [ -86.411148, 36.937727 ], [ -86.411243, 36.937807 ] ], [ [ -86.411243, 36.937807 ], [ -86.411411, 36.937973 ] ], [ [ -86.411411, 36.937973 ], [ -86.411534, 36.938133 ] ], [ [ -86.411534, 36.938133 ], [ -86.411597, 36.938208 ] ], [ [ -86.411597, 36.938208 ], [ -86.411666, 36.938279 ] ], [ [ -86.411666, 36.938279 ], [ -86.411746, 36.938342 ] ], [ [ -86.411746, 36.938342 ], [ -86.411778, 36.938362 ] ], [ [ -86.411778, 36.938362 ], [ -86.411945, 36.93845 ] ], [ [ -86.411945, 36.93845 ], [ -86.412648, 36.93869 ] ], [ [ -86.412648, 36.93869 ], [ -86.412873, 36.938776 ] ], [ [ -86.412873, 36.938776 ], [ -86.413129, 36.938888 ] ], [ [ -86.413129, 36.938888 ], [ -86.413635, 36.939161 ] ], [ [ -86.413635, 36.939161 ], [ -86.413858, 36.939289 ] ], [ [ -86.413858, 36.939289 ], [ -86.41412, 36.939433 ] ], [ [ -86.41412, 36.939433 ], [ -86.414318, 36.939534 ] ], [ [ -86.414318, 36.939534 ], [ -86.414564, 36.939649 ] ] ] } },
{ "type": "Feature", "properties": { "name": "Old Scottsville Road", "highway": "tertiary", "length": 2171.0, "risk_tier": "low", "zone_type": "sinkhole" }, "geometry": { "type": "MultiLineString", "coordinates": [ [ [ -86.3928514, 36.934556399999984 ], [ -86.393752, 36.934028 ] ], [ [ -86.393752, 36.934028 ], [ -86.394051, 36.933862 ] ], [ [ -86.394051, 36.933862 ], [ -86.394578, 36.933576 ] ], [ [ -86.394578, 36.933576 ], [ -86.394732, 36.933496 ] ], [ [ -86.394732, 36.933496 ], [ -86.394877, 36.933425 ] ], [ [ -86.394877, 36.933425 ], [ -86.395022, 36.933362 ] ], [ [ -86.395022, 36.933362 ], [ -86.395167, 36.93331 ] ], [ [ -86.395167, 36.93331 ], [ -86.395312, 36.933267 ] ], [ [ -86.395312, 36.933267 ], [ -86.395498, 36.933225 ] ], [ [ -86.395498, 36.933225 ], [ -86.395769, 36.933188 ] ], [ [ -86.395769, 36.933188 ], [ -86.395964, 36.933171 ] ], [ [ -86.395964, 36.933171 ], [ -86.396007, 36.933171 ] ], [ [ -86.396007, 36.933171 ], [ -86.396214, 36.933183 ] ], [ [ -86.396214, 36.933183 ], [ -86.396333, 36.933195 ] ], [ [ -86.396333, 36.933195 ], [ -86.396539, 36.933231 ] ], [ [ -86.396539, 36.933231 ], [ -86.396737, 36.933276 ] ], [ [ -86.396737, 36.933276 ], [ -86.396996, 36.933345 ] ], [ [ -86.396996, 36.933345 ], [ -86.3972102, 36.933419 ] ], [ [ -86.3972102, 36.933419 ], [ -86.397357, 36.933469 ] ], [ [ -86.397357, 36.933469 ], [ -86.397959, 36.933625 ] ], [ [ -86.397959, 36.933625 ], [ -86.39834, 36.933708 ] ], [ [ -86.39834, 36.933708 ], [ -86.398531, 36.933744 ] ], [ [ -86.398531, 36.933744 ], [ -86.399391, 36.933873 ] ], [ [ -86.399391, 36.933873 ], [ -86.399577, 36.933893 ] ], [ [ -86.399577, 36.933893 ], [ -86.399817, 36.93391 ] ], [ [ -86.399817, 36.93391 ], [ -86.399984, 36.933917 ] ], [ [ -86.399984, 36.933917 ], [ -86.400394800000015, 36.9339577 ] ], [ [ -86.400394800000015, 36.9339577 ], [ -86.40052, 36.933968 ] ], [ [ -86.40052, 36.933968 ], [ -86.400726, 36.93399 ] ], [ [ -86.400726, 36.93399 ], [ -86.401028, 36.934028 ] ], [ [ -86.401028, 36.934028 ], [ -86.401165, 36.934053 ] ], [ [ -86.401165, 36.934053 ], [ -86.4012264, 36.9340672 ] ], [ [ -86.4012264, 36.9340672 ], [ -86.401317, 36.934089 ] ], [ [ -86.401317, 36.934089 ], [ -86.401464, 36.934132 ] ], [ [ -86.401464, 36.934132 ], [ -86.4016126, 36.9341829 ] ], [ [ -86.4016126, 36.9341829 ], [ -86.4020648, 36.934361199999984 ] ], [ [ -86.4020648, 36.934361199999984 ], [ -86.4022689, 36.9344398 ] ], [ [ -86.4022689, 36.9344398 ], [ -86.402638, 36.934576 ] ], [ [ -86.402638, 36.934576 ], [ -86.402728, 36.934612 ] ], [ [ -86.402728, 36.934612 ], [ -86.4031072, 36.9347484 ] ], [ [ -86.4031072, 36.9347484 ], [ -86.4039154, 36.935032699999987 ] ], [ [ -86.4039154, 36.935032699999987 ], [ -86.40435, 36.935189 ] ], [ [ -86.40435, 36.935189 ], [ -86.4046032, 36.935278 ] ], [ [ -86.4046032, 36.935278 ], [ -86.4048405, 36.935359500000018 ] ], [ [ -86.4048405, 36.935359500000018 ], [ -86.4051, 36.935449 ] ], [ [ -86.4051, 36.935449 ], [ -86.4053698, 36.9355479 ] ], [ [ -86.4053698, 36.9355479 ], [ -86.4059113, 36.935742800000014 ] ], [ [ -86.4059113, 36.935742800000014 ], [ -86.4059468, 36.9357556 ] ], [ [ -86.4059468, 36.9357556 ], [ -86.4062504, 36.9358702 ] ], [ [ -86.4062504, 36.9358702 ], [ -86.406409, 36.935928 ] ], [ [ -86.406409, 36.935928 ], [ -86.406497, 36.935959 ] ], [ [ -86.406497, 36.935959 ], [ -86.406623, 36.935998 ] ], [ [ -86.406623, 36.935998 ], [ -86.4067309, 36.9360244 ] ], [ [ -86.4067309, 36.9360244 ], [ -86.406772, 36.936034 ] ], [ [ -86.406772, 36.936034 ], [ -86.406897, 36.936051 ] ], [ [ -86.406897, 36.936051 ], [ -86.4070132, 36.93606 ] ], [ [ -86.4070132, 36.93606 ], [ -86.407282, 36.93605 ] ], [ [ -86.407282, 36.93605 ], [ -86.407479, 36.936033 ] ], [ [ -86.407479, 36.936033 ], [ -86.40762, 36.936028 ] ], [ [ -86.40762, 36.936028 ], [ -86.407723, 36.93603 ] ], [ [ -86.407723, 36.93603 ], [ -86.407845, 36.936044 ] ], [ [ -86.407845, 36.936044 ], [ -86.407926, 36.936063 ] ], [ [ -86.407926, 36.936063 ], [ -86.408064, 36.936107 ] ], [ [ -86.408064, 36.936107 ], [ -86.4081058, 36.9361233 ] ], [ [ -86.4081058, 36.9361233 ], [ -86.408206, 36.936165 ] ], [ [ -86.408206, 36.936165 ], [ -86.408328, 36.936222 ] ], [ [ -86.408328, 36.936222 ], [ -86.408475, 36.936301 ] ], [ [ -86.408475, 36.936301 ], [ -86.408658, 36.936405 ] ], [ [ -86.408658, 36.936405 ], [ -86.408733, 36.93645 ] ], [ [ -86.408733, 36.93645 ], [ -86.408841, 36.936521 ] ], [ [ -86.408841, 36.936521 ], [ -86.408943, 36.936599 ] ], [ [ -86.408943, 36.936599 ], [ -86.4089919, 36.9366427 ] ], [ [ -86.4089919, 36.9366427 ], [ -86.409038, 36.936684 ] ], [ [ -86.409038, 36.936684 ], [ -86.4090838, 36.9367326 ] ], [ [ -86.4090838, 36.9367326 ], [ -86.409226, 36.936887 ] ], [ [ -86.409226, 36.936887 ], [ -86.409303, 36.936963 ] ], [ [ -86.409303, 36.936963 ], [ -86.409355, 36.937008 ] ], [ [ -86.409355, 36.937008 ], [ -86.409444, 36.93707 ] ], [ [ -86.409444, 36.93707 ], [ -86.409582, 36.937138 ] ], [ [ -86.409582, 36.937138 ], [ -86.409698, 36.937177 ] ], [ [ -86.409698, 36.937177 ], [ -86.409883, 36.937218 ] ], [ [ -86.409883, 36.937218 ], [ -86.409917, 36.937223 ] ], [ [ -86.409917, 36.937223 ], [ -86.4100895, 36.937253499999983 ] ], [ [ -86.4100895, 36.937253499999983 ], [ -86.410166, 36.937267 ] ], [ [ -86.410166, 36.937267 ], [ -86.410454, 36.937338 ] ], [ [ -86.410454, 36.937338 ], [ -86.410484, 36.937347 ] ], [ [ -86.410484, 36.937347 ], [ -86.410583, 36.937386 ] ], [ [ -86.410583, 36.937386 ], [ -86.410763, 36.937479 ] ], [ [ -86.410763, 36.937479 ], [ -86.410933, 36.937578 ] ], [ [ -86.410933, 36.937578 ], [ -86.411043, 36.93765 ] ], [ [ -86.411043, 36.93765 ], [ -86.411148, 36.937727 ] ], [ [ -86.411148, 36.937727 ], [ -86.411243, 36.937807 ] ], [ [ -86.411243, 36.937807 ], [ -86.411411, 36.937973 ] ], [ [ -86.411411, 36.937973 ], [ -86.411534, 36.938133 ] ], [ [ -86.411534, 36.938133 ], [ -86.411597, 36.938208 ] ], [ [ -86.411597, 36.938208 ], [ -86.411666, 36.938279 ] ], [ [ -86.411666, 36.938279 ], [ -86.411746, 36.938342 ] ], [ [ -86.411746, 36.938342 ], [ -86.411778, 36.938362 ] ], [ [ -86.411778, 36.938362 ], [ -86.411945, 36.93845 ] ], [ [ -86.411945, 36.93845 ], [ -86.412648, 36.93869 ] ], [ [ -86.412648, 36.93869 ], [ -86.412873, 36.938776 ] ], [ [ -86.412873, 36.938776 ], [ -86.413129, 36.938888 ] ], [ [ -86.413129, 36.938888 ], [ -86.413635, 36.939161 ] ], [ [ -86.413635, 36.939161 ], [ -86.413858, 36.939289 ] ], [ [ -86.413858, 36.939289 ], [ -86.41412, 36.939433 ] ], [ [ -86.41412, 36.939433 ], [ -86.414318, 36.939534 ] ], [ [ -86.414318, 36.939534 ], [ -86.414564, 36.939649 ] ] ] } },
{ "type": "Feature", "properties": { "name": "New Towne Drive", "highway": "residential", "length": 154.0, "risk_tier": "low", "zone_type": "sinkhole" }, "geometry": { "type": "MultiLineString", "coordinates": [ [ [ -86.3999985, 36.9695015 ], [ -86.3999245, 36.96955670000002 ] ], [ [ -86.3999245, 36.96955670000002 ], [ -86.3994093, 36.9700468 ] ], [ [ -86.3994093, 36.9700468 ], [ -86.3992944, 36.9701722 ] ], [ [ -86.3992944, 36.9701722 ], [ -86.399241, 36.970230499999978 ] ], [ [ -86.399241, 36.970230499999978 ], [ -86.3989164, 36.9705849 ] ] ] } },
{ "type": "Feature", "properties": { "name": "New Towne Drive", "highway": "residential", "length": 154.0, "risk_tier": "low", "zone_type": "sinkhole" }, "geometry": { "type": "MultiLineString", "coordinates": [ [ [ -86.3999985, 36.9695015 ], [ -86.3999245, 36.96955670000002 ] ], [ [ -86.3999245, 36.96955670000002 ], [ -86.3994093, 36.9700468 ] ], [ [ -86.3994093, 36.9700468 ], [ -86.3992944, 36.9701722 ] ], [ [ -86.3992944, 36.9701722 ], [ -86.399241, 36.970230499999978 ] ], [ [ -86.399241, 36.970230499999978 ], [ -86.3989164, 36.9705849 ] ] ] } },
{ "type": "Feature", "properties": { "name": "New Towne Drive", "highway": "residential", "length": 154.0, "risk_tier": "low", "zone_type": "sinkhole" }, "geometry": { "type": "MultiLineString", "coordinates": [ [ [ -86.3999985, 36.9695015 ], [ -86.3999245, 36.96955670000002 ] ], [ [ -86.3999245, 36.96955670000002 ], [ -86.3994093, 36.9700468 ] ], [ [ -86.3994093, 36.9700468 ], [ -86.3992944, 36.9701722 ] ], [ [ -86.3992944, 36.9701722 ], [ -86.399241, 36.970230499999978 ] ], [ [ -86.399241, 36.970230499999978 ], [ -86.3989164, 36.9705849 ] ] ] } },
{ "type": "Feature", "properties": { "name": "New Towne Drive", "highway": "residential", "length": 154.0, "risk_tier": "low", "zone_type": "sinkhole" }, "geometry": { "type": "MultiLineString", "coordinates": [ [ [ -86.3999985, 36.9695015 ], [ -86.3999245, 36.96955670000002 ] ], [ [ -86.3999245, 36.96955670000002 ], [ -86.3994093, 36.9700468 ] ], [ [ -86.3994093, 36.9700468 ], [ -86.3992944, 36.9701722 ] ], [ [ -86.3992944, 36.9701722 ], [ -86.399241, 36.970230499999978 ] ], [ [ -86.399241, 36.970230499999978 ], [ -86.3989164, 36.9705849 ] ] ] } },
{ "type": "Feature", "properties": { "name": "Suwannee Trail St", "highway": "residential", "length": 117.0, "risk_tier": "low", "zone_type": "sinkhole" }, "geometry": { "type": "MultiLineString", "coordinates": [ [ [ -86.3993901, 36.9661321 ], [ -86.3992973, 36.96629630000001 ] ], [ [ -86.3992973, 36.96629630000001 ], [ -86.3992178, 36.9664371 ] ], [ [ -86.3992178, 36.9664371 ], [ -86.398994, 36.9668333 ] ], [ [ -86.398994, 36.9668333 ], [ -86.39885, 36.9670882 ] ] ] } },
{ "type": "Feature", "properties": { "name": "Memphis Junction Road", "highway": "residential", "length": 2607.0, "risk_tier": "low", "zone_type": "sinkhole" }, "geometry": { "type": "MultiLineString", "coordinates": [ [ [ -86.484086, 36.939919 ], [ -86.485117, 36.940337 ] ], [ [ -86.485117, 36.940337 ], [ -86.4865513, 36.9409325 ] ], [ [ -86.4865513, 36.9409325 ], [ -86.486747, 36.941013 ] ], [ [ -86.486747, 36.941013 ], [ -86.4870994, 36.9411574 ] ], [ [ -86.4870994, 36.9411574 ], [ -86.487306, 36.941242 ] ], [ [ -86.487306, 36.941242 ], [ -86.4874063, 36.9412838 ] ], [ [ -86.4874063, 36.9412838 ], [ -86.4879723, 36.9415195 ] ], [ [ -86.4879723, 36.9415195 ], [ -86.488024, 36.941541 ] ], [ [ -86.488024, 36.941541 ], [ -86.488129, 36.941586 ] ], [ [ -86.488129, 36.941586 ], [ -86.4882093, 36.9416158 ] ], [ [ -86.4882093, 36.9416158 ], [ -86.4883856, 36.9416812 ] ], [ [ -86.4883856, 36.9416812 ], [ -86.488661, 36.941831 ] ], [ [ -86.488661, 36.941831 ], [ -86.488665, 36.941832 ] ], [ [ -86.488665, 36.941832 ], [ -86.488997, 36.941985 ] ], [ [ -86.488997, 36.941985 ], [ -86.4894852, 36.9421913 ] ], [ [ -86.4894852, 36.9421913 ], [ -86.489554, 36.942219 ] ], [ [ -86.489554, 36.942219 ], [ -86.489669, 36.942255 ] ], [ [ -86.489669, 36.942255 ], [ -86.489835, 36.942297 ] ], [ [ -86.489835, 36.942297 ], [ -86.489919, 36.942314 ] ], [ [ -86.489919, 36.942314 ], [ -86.490147, 36.942352 ] ], [ [ -86.490147, 36.942352 ], [ -86.490266, 36.942378 ] ], [ [ -86.490266, 36.942378 ], [ -86.490393, 36.942408 ] ], [ [ -86.490393, 36.942408 ], [ -86.490526, 36.942445 ] ], [ [ -86.490526, 36.942445 ], [ -86.490774800000011, 36.9425287 ] ], [ [ -86.490774800000011, 36.9425287 ], [ -86.490951, 36.942593 ] ], [ [ -86.490951, 36.942593 ], [ -86.491596, 36.942846 ] ], [ [ -86.491596, 36.942846 ], [ -86.491989, 36.943 ] ], [ [ -86.491989, 36.943 ], [ -86.492632, 36.943249 ] ], [ [ -86.492632, 36.943249 ], [ -86.492976, 36.943386 ] ], [ [ -86.492976, 36.943386 ], [ -86.493146, 36.943458 ] ], [ [ -86.493146, 36.943458 ], [ -86.493855, 36.943726 ] ], [ [ -86.493855, 36.943726 ], [ -86.494482, 36.94397 ] ], [ [ -86.494482, 36.94397 ], [ -86.495158, 36.944237 ] ], [ [ -86.495158, 36.944237 ], [ -86.495548, 36.944396 ] ], [ [ -86.495548, 36.944396 ], [ -86.496569, 36.944803 ] ], [ [ -86.496569, 36.944803 ], [ -86.496985, 36.944973 ] ], [ [ -86.496985, 36.944973 ], [ -86.497407, 36.945138 ] ], [ [ -86.497407, 36.945138 ], [ -86.499345, 36.945908 ] ], [ [ -86.499345, 36.945908 ], [ -86.499786, 36.946073 ] ], [ [ -86.499786, 36.946073 ], [ -86.500221, 36.94624 ] ], [ [ -86.500221, 36.94624 ], [ -86.500631, 36.946406 ] ], [ [ -86.500631, 36.946406 ], [ -86.501055, 36.946572 ] ], [ [ -86.501055, 36.946572 ], [ -86.501464, 36.946737 ] ], [ [ -86.501464, 36.946737 ], [ -86.501665, 36.946829 ] ], [ [ -86.501665, 36.946829 ], [ -86.501857, 36.946928 ] ], [ [ -86.501857, 36.946928 ], [ -86.502034, 36.947038 ] ], [ [ -86.502034, 36.947038 ], [ -86.502196, 36.947159 ] ], [ [ -86.502196, 36.947159 ], [ -86.502343, 36.947286 ] ], [ [ -86.502343, 36.947286 ], [ -86.502381, 36.9473257 ] ], [ [ -86.502381, 36.9473257 ], [ -86.502474, 36.947423 ] ], [ [ -86.502474, 36.947423 ], [ -86.502588, 36.947565 ] ], [ [ -86.502588, 36.947565 ], [ -86.5026451, 36.9476535 ] ], [ [ -86.5026451, 36.9476535 ], [ -86.502686, 36.947717 ] ], [ [ -86.502686, 36.947717 ], [ -86.502773, 36.947875 ] ], [ [ -86.502773, 36.947875 ], [ -86.5029467, 36.9482195 ] ], [ [ -86.5029467, 36.9482195 ], [ -86.5029764, 36.9482788 ] ], [ [ -86.5029764, 36.9482788 ], [ -86.5031288, 36.948582 ] ], [ [ -86.5031288, 36.948582 ], [ -86.503299, 36.94891 ] ], [ [ -86.503299, 36.94891 ], [ -86.503373, 36.949053 ] ], [ [ -86.503373, 36.949053 ], [ -86.503616, 36.949531 ] ], [ [ -86.503616, 36.949531 ], [ -86.503983, 36.950253 ] ], [ [ -86.503983, 36.950253 ], [ -86.504077, 36.950416 ] ], [ [ -86.504077, 36.950416 ], [ -86.504166, 36.950576 ] ], [ [ -86.504166, 36.950576 ], [ -86.504333, 36.950902 ] ], [ [ -86.504333, 36.950902 ], [ -86.504414, 36.951064 ] ], [ [ -86.504414, 36.951064 ], [ -86.504577, 36.951379 ] ], [ [ -86.504577, 36.951379 ], [ -86.504613, 36.951447 ] ], [ [ -86.504613, 36.951447 ], [ -86.504815, 36.951843 ] ], [ [ -86.504815, 36.951843 ], [ -86.504896, 36.951997 ] ], [ [ -86.504896, 36.951997 ], [ -86.504974, 36.952152 ] ], [ [ -86.504974, 36.952152 ], [ -86.505062, 36.952322 ] ], [ [ -86.505062, 36.952322 ], [ -86.505132, 36.95246 ] ], [ [ -86.505132, 36.95246 ], [ -86.505211, 36.952611 ] ], [ [ -86.505211, 36.952611 ], [ -86.505244, 36.952678 ] ], [ [ -86.505244, 36.952678 ], [ -86.50536, 36.952897 ] ], [ [ -86.50536, 36.952897 ], [ -86.505659, 36.953482 ] ], [ [ -86.505659, 36.953482 ], [ -86.505798, 36.953769 ] ] ] } },
{ "type": "Feature", "properties": { "name": "Price Avenue", "highway": "residential", "length": 462.0, "risk_tier": "low", "zone_type": "sinkhole" }, "geometry": { "type": "MultiLineString", "coordinates": [ [ [ -86.4390764, 36.9567903 ], [ -86.439522, 36.957731 ] ], [ [ -86.439522, 36.957731 ], [ -86.4397236, 36.9581667 ] ], [ [ -86.4397236, 36.9581667 ], [ -86.439794, 36.958319 ] ], [ [ -86.439794, 36.958319 ], [ -86.439963, 36.958705 ] ], [ [ -86.439963, 36.958705 ], [ -86.440173, 36.959152 ] ], [ [ -86.440173, 36.959152 ], [ -86.440347, 36.959493 ] ], [ [ -86.440347, 36.959493 ], [ -86.440466, 36.959756 ] ], [ [ -86.440466, 36.959756 ], [ -86.440621, 36.960067 ] ], [ [ -86.440621, 36.960067 ], [ -86.440651, 36.960124 ] ], [ [ -86.440651, 36.960124 ], [ -86.440705, 36.960208 ] ], [ [ -86.440705, 36.960208 ], [ -86.440851, 36.96042 ] ], [ [ -86.440851, 36.96042 ], [ -86.441028, 36.960631 ] ] ] } },
{ "type": "Feature", "properties": { "name": "Olde Towne Boulevard", "highway": "unclassified", "length": 185.0, "risk_tier": "low", "zone_type": "sinkhole" }, "geometry": { "type": "MultiLineString", "coordinates": [ [ [ -86.4021279, 36.970244300000012 ], [ -86.401433, 36.96979970000001 ] ], [ [ -86.401433, 36.96979970000001 ], [ -86.400511, 36.9691913 ] ] ] } },
{ "type": "Feature", "properties": { "name": null, "highway": "motorway", "length": 1647.0, "risk_tier": "low", "zone_type": "sinkhole" }, "geometry": { "type": "MultiLineString", "coordinates": [ [ [ -86.3244631, 37.015440599999984 ], [ -86.3224376, 37.0189471 ] ], [ [ -86.3224376, 37.0189471 ], [ -86.3216634, 37.0201238 ] ], [ [ -86.3216634, 37.0201238 ], [ -86.3205195, 37.021595599999969 ] ], [ [ -86.3205195, 37.021595599999969 ], [ -86.3180788, 37.0241017 ] ], [ [ -86.3180788, 37.0241017 ], [ -86.315907, 37.0260859 ] ], [ [ -86.315907, 37.0260859 ], [ -86.3152834, 37.0266369 ] ], [ [ -86.3152834, 37.0266369 ], [ -86.3150859, 37.0268534 ] ], [ [ -86.3150859, 37.0268534 ], [ -86.3149377, 37.0270404 ] ], [ [ -86.3149377, 37.0270404 ], [ -86.314666, 37.0274438 ] ], [ [ -86.314666, 37.0274438 ], [ -86.314454, 37.0277922 ] ] ] } },
{ "type": "Feature", "properties": { "name": null, "highway": "motorway", "length": 1647.0, "risk_tier": "low", "zone_type": "sinkhole" }, "geometry": { "type": "MultiLineString", "coordinates": [ [ [ -86.3244631, 37.015440599999984 ], [ -86.3224376, 37.0189471 ] ], [ [ -86.3224376, 37.0189471 ], [ -86.3216634, 37.0201238 ] ], [ [ -86.3216634, 37.0201238 ], [ -86.3205195, 37.021595599999969 ] ], [ [ -86.3205195, 37.021595599999969 ], [ -86.3180788, 37.0241017 ] ], [ [ -86.3180788, 37.0241017 ], [ -86.315907, 37.0260859 ] ], [ [ -86.315907, 37.0260859 ], [ -86.3152834, 37.0266369 ] ], [ [ -86.3152834, 37.0266369 ], [ -86.3150859, 37.0268534 ] ], [ [ -86.3150859, 37.0268534 ], [ -86.3149377, 37.0270404 ] ], [ [ -86.3149377, 37.0270404 ], [ -86.314666, 37.0274438 ] ], [ [ -86.314666, 37.0274438 ], [ -86.314454, 37.0277922 ] ] ] } },
{ "type": "Feature", "properties": { "name": null, "highway": "motorway", "length": 1647.0, "risk_tier": "low", "zone_type": "sinkhole" }, "geometry": { "type": "MultiLineString", "coordinates": [ [ [ -86.3244631, 37.015440599999984 ], [ -86.3224376, 37.0189471 ] ], [ [ -86.3224376, 37.0189471 ], [ -86.3216634, 37.0201238 ] ], [ [ -86.3216634, 37.0201238 ], [ -86.3205195, 37.021595599999969 ] ], [ [ -86.3205195, 37.021595599999969 ], [ -86.3180788, 37.0241017 ] ], [ [ -86.3180788, 37.0241017 ], [ -86.315907, 37.0260859 ] ], [ [ -86.315907, 37.0260859 ], [ -86.3152834, 37.0266369 ] ], [ [ -86.3152834, 37.0266369 ], [ -86.3150859, 37.0268534 ] ], [ [ -86.3150859, 37.0268534 ], [ -86.3149377, 37.0270404 ] ], [ [ -86.3149377, 37.0270404 ], [ -86.314666, 37.0274438 ] ], [ [ -86.314666, 37.0274438 ], [ -86.314454, 37.0277922 ] ] ] } },
{ "type": "Feature", "properties": { "name": "Trapper Way", "highway": "motorway", "length": 1647.0, "risk_tier": "low", "zone_type": "sinkhole" }, "geometry": { "type": "MultiLineString", "coordinates": [ [ [ -86.3244631, 37.015440599999984 ], [ -86.3224376, 37.0189471 ] ], [ [ -86.3224376, 37.0189471 ], [ -86.3216634, 37.0201238 ] ], [ [ -86.3216634, 37.0201238 ], [ -86.3205195, 37.021595599999969 ] ], [ [ -86.3205195, 37.021595599999969 ], [ -86.3180788, 37.0241017 ] ], [ [ -86.3180788, 37.0241017 ], [ -86.315907, 37.0260859 ] ], [ [ -86.315907, 37.0260859 ], [ -86.3152834, 37.0266369 ] ], [ [ -86.3152834, 37.0266369 ], [ -86.3150859, 37.0268534 ] ], [ [ -86.3150859, 37.0268534 ], [ -86.3149377, 37.0270404 ] ], [ [ -86.3149377, 37.0270404 ], [ -86.314666, 37.0274438 ] ], [ [ -86.314666, 37.0274438 ], [ -86.314454, 37.0277922 ] ] ] } },
{ "type": "Feature", "properties": { "name": "Cumberland Trace Road", "highway": "secondary", "length": 5633.0, "risk_tier": "low", "zone_type": "sinkhole" }, "geometry": { "type": "MultiLineString", "coordinates": [ [ [ -86.415914, 36.932398 ], [ -86.415787, 36.932502 ] ], [ [ -86.415787, 36.932502 ], [ -86.4156007, 36.9326541 ] ], [ [ -86.4156007, 36.9326541 ], [ -86.4154576, 36.9327713 ] ], [ [ -86.4154576, 36.9327713 ], [ -86.415366, 36.9328509 ] ], [ [ -86.415366, 36.9328509 ], [ -86.4153048, 36.932904 ] ], [ [ -86.4153048, 36.932904 ], [ -86.414967, 36.9331952 ] ], [ [ -86.414967, 36.9331952 ], [ -86.4148732, 36.933283599999989 ] ], [ [ -86.4148732, 36.933283599999989 ], [ -86.4145964, 36.9335255 ] ], [ [ -86.4145964, 36.9335255 ], [ -86.414418, 36.933693 ] ], [ [ -86.414418, 36.933693 ], [ -86.414322, 36.933815 ] ], [ [ -86.414322, 36.933815 ], [ -86.414263, 36.933902 ] ], [ [ -86.414263, 36.933902 ], [ -86.414167, 36.934085 ] ], [ [ -86.414167, 36.934085 ], [ -86.4141552, 36.9341159 ] ], [ [ -86.4141552, 36.9341159 ], [ -86.41413, 36.934182 ] ], [ [ -86.41413, 36.934182 ], [ -86.4140899, 36.934319 ] ], [ [ -86.4140899, 36.934319 ], [ -86.414072, 36.93438 ] ], [ [ -86.414072, 36.93438 ], [ -86.414045, 36.934535 ] ], [ [ -86.414045, 36.934535 ], [ -86.41405, 36.934853 ] ], [ [ -86.41405, 36.934853 ], [ -86.414104, 36.935129 ] ], [ [ -86.414104, 36.935129 ], [ -86.414409500000019, 36.9363881 ] ], [ [ -86.414409500000019, 36.9363881 ], [ -86.4145081, 36.9367829 ] ], [ [ -86.4145081, 36.9367829 ], [ -86.4146712, 36.9374507 ] ], [ [ -86.4146712, 36.9374507 ], [ -86.4148019, 36.9379848 ] ], [ [ -86.4148019, 36.9379848 ], [ -86.414834, 36.938117 ] ], [ [ -86.414834, 36.938117 ], [ -86.414876, 36.938355 ] ], [ [ -86.414876, 36.938355 ], [ -86.414886, 36.93848 ] ], [ [ -86.414886, 36.93848 ], [ -86.414888, 36.938544 ] ], [ [ -86.414888, 36.938544 ], [ -86.414882, 36.938733 ] ], [ [ -86.414882, 36.938733 ], [ -86.414857, 36.938922 ] ], [ [ -86.414857, 36.938922 ], [ -86.414812, 36.93911 ] ], [ [ -86.414812, 36.93911 ], [ -86.414764, 36.939247 ] ], [ [ -86.414764, 36.939247 ], [ -86.414683, 36.93943 ] ], [ [ -86.414683, 36.93943 ], [ -86.414564, 36.939649 ] ], [ [ -86.414564, 36.939649 ], [ -86.414459, 36.939832 ] ], [ [ -86.414459, 36.939832 ], [ -86.4137868, 36.940966399999972 ] ], [ [ -86.4137868, 36.940966399999972 ], [ -86.413465, 36.941484 ] ], [ [ -86.413465, 36.941484 ], [ -86.4133122, 36.941756 ] ], [ [ -86.4133122, 36.941756 ], [ -86.413242, 36.941879 ] ], [ [ -86.413242, 36.941879 ], [ -86.413131, 36.942058 ] ], [ [ -86.413131, 36.942058 ], [ -86.4126438, 36.9429035 ] ], [ [ -86.4126438, 36.9429035 ], [ -86.412611, 36.94296 ] ], [ [ -86.412611, 36.94296 ], [ -86.4125892, 36.942996900000011 ] ], [ [ -86.4125892, 36.942996900000011 ], [ -86.412569, 36.943031 ] ], [ [ -86.412569, 36.943031 ], [ -86.412457, 36.943226 ] ], [ [ -86.412457, 36.943226 ], [ -86.412427, 36.943274 ] ], [ [ -86.412427, 36.943274 ], [ -86.412228, 36.943616 ] ], [ [ -86.412228, 36.943616 ], [ -86.411641, 36.944617 ] ], [ [ -86.411641, 36.944617 ], [ -86.411555, 36.944769 ] ], [ [ -86.411555, 36.944769 ], [ -86.4112401, 36.9452924 ] ], [ [ -86.4112401, 36.9452924 ], [ -86.411196, 36.945381 ] ], [ [ -86.411196, 36.945381 ], [ -86.410149, 36.947173 ] ], [ [ -86.410149, 36.947173 ], [ -86.40984, 36.947693 ] ], [ [ -86.40984, 36.947693 ], [ -86.409679, 36.947948 ] ], [ [ -86.409679, 36.947948 ], [ -86.409542, 36.948147 ] ], [ [ -86.409542, 36.948147 ], [ -86.409434, 36.948291 ] ], [ [ -86.409434, 36.948291 ], [ -86.409283, 36.948479 ] ], [ [ -86.409283, 36.948479 ], [ -86.408932, 36.948891 ] ], [ [ -86.408932, 36.948891 ], [ -86.408413, 36.949484 ] ], [ [ -86.408413, 36.949484 ], [ -86.408186, 36.949746 ] ], [ [ -86.408186, 36.949746 ], [ -86.408034, 36.949927 ] ], [ [ -86.408034, 36.949927 ], [ -86.407695, 36.950341 ] ], [ [ -86.407695, 36.950341 ], [ -86.40714, 36.951042 ] ], [ [ -86.40714, 36.951042 ], [ -86.406838, 36.951417 ] ], [ [ -86.406838, 36.951417 ], [ -86.406093, 36.952369 ] ], [ [ -86.406093, 36.952369 ], [ -86.405935, 36.952563 ] ], [ [ -86.405935, 36.952563 ], [ -86.405354, 36.953296 ] ], [ [ -86.405354, 36.953296 ], [ -86.404765, 36.9540319 ] ], [ [ -86.404765, 36.9540319 ], [ -86.4046983, 36.9541143 ] ], [ [ -86.4046983, 36.9541143 ], [ -86.404065, 36.954916 ] ], [ [ -86.404065, 36.954916 ], [ -86.403743, 36.955315 ] ], [ [ -86.403743, 36.955315 ], [ -86.40358, 36.955512 ] ], [ [ -86.40358, 36.955512 ], [ -86.403255, 36.955929 ] ], [ [ -86.403255, 36.955929 ], [ -86.402843, 36.956447 ] ], [ [ -86.402843, 36.956447 ], [ -86.402434, 36.956969 ] ], [ [ -86.402434, 36.956969 ], [ -86.401603, 36.958012 ] ], [ [ -86.401603, 36.958012 ], [ -86.401403, 36.958273 ] ], [ [ -86.401403, 36.958273 ], [ -86.401147, 36.958591 ] ], [ [ -86.401147, 36.958591 ], [ -86.400682, 36.959182 ] ], [ [ -86.400682, 36.959182 ], [ -86.399772, 36.960328 ] ], [ [ -86.399772, 36.960328 ], [ -86.399443, 36.960751 ] ], [ [ -86.399443, 36.960751 ], [ -86.399272, 36.960989 ] ], [ [ -86.399272, 36.960989 ], [ -86.3991089, 36.9612377 ] ], [ [ -86.3991089, 36.9612377 ], [ -86.399053, 36.961323 ] ], [ [ -86.399053, 36.961323 ], [ -86.39891, 36.961566 ] ], [ [ -86.39891, 36.961566 ], [ -86.398799, 36.961761 ] ], [ [ -86.398799, 36.961761 ], [ -86.398614, 36.9621 ] ], [ [ -86.398614, 36.9621 ], [ -86.398412, 36.962486 ] ], [ [ -86.398412, 36.962486 ], [ -86.398196, 36.962884 ] ], [ [ -86.398196, 36.962884 ], [ -86.397978, 36.963309 ] ], [ [ -86.397978, 36.963309 ], [ -86.397221, 36.964713 ] ], [ [ -86.397221, 36.964713 ], [ -86.3971585, 36.9648467 ] ], [ [ -86.3971585, 36.9648467 ], [ -86.396989, 36.965144 ] ], [ [ -86.396989, 36.965144 ], [ -86.3966879, 36.965712 ] ], [ [ -86.3966879, 36.965712 ], [ -86.3962201, 36.966583099999987 ] ], [ [ -86.3962201, 36.966583099999987 ], [ -86.3954938, 36.967947799999976 ] ], [ [ -86.3954938, 36.967947799999976 ], [ -86.394885, 36.969088 ] ], [ [ -86.394885, 36.969088 ], [ -86.394336, 36.970117 ] ], [ [ -86.394336, 36.970117 ], [ -86.3937971, 36.971154099999978 ] ], [ [ -86.3937971, 36.971154099999978 ], [ -86.393392, 36.971886 ] ], [ [ -86.393392, 36.971886 ], [ -86.392246, 36.974043 ] ], [ [ -86.392246, 36.974043 ], [ -86.3921034, 36.9742613 ] ], [ [ -86.3921034, 36.9742613 ], [ -86.3919661, 36.9744807 ] ], [ [ -86.3919661, 36.9744807 ], [ -86.3917515, 36.9746933 ] ], [ [ -86.3917515, 36.9746933 ], [ -86.3914854, 36.9749401 ] ], [ [ -86.3914854, 36.9749401 ], [ -86.3912607, 36.9751254 ] ], [ [ -86.3912607, 36.9751254 ], [ -86.3910424, 36.9752833 ] ], [ [ -86.3910424, 36.9752833 ], [ -86.3907409, 36.9754501 ] ], [ [ -86.3907409, 36.9754501 ], [ -86.390467, 36.9755527 ] ], [ [ -86.390467, 36.9755527 ], [ -86.3902454, 36.9756172 ] ], [ [ -86.3902454, 36.9756172 ], [ -86.3898758, 36.9756696 ] ], [ [ -86.3898758, 36.9756696 ], [ -86.389514, 36.975677300000015 ] ], [ [ -86.389514, 36.975677300000015 ], [ -86.3891026, 36.9756111 ] ], [ [ -86.3891026, 36.9756111 ], [ -86.3886236, 36.9756114 ] ], [ [ -86.3886236, 36.9756114 ], [ -86.3882586, 36.9757257 ] ] ] } },
{ "type": "Feature", "properties": { "name": "Cumberland Trace Road", "highway": "secondary", "length": 5633.0, "risk_tier": "low", "zone_type": "sinkhole" }, "geometry": { "type": "MultiLineString", "coordinates": [ [ [ -86.415914, 36.932398 ], [ -86.415787, 36.932502 ] ], [ [ -86.415787, 36.932502 ], [ -86.4156007, 36.9326541 ] ], [ [ -86.4156007, 36.9326541 ], [ -86.4154576, 36.9327713 ] ], [ [ -86.4154576, 36.9327713 ], [ -86.415366, 36.9328509 ] ], [ [ -86.415366, 36.9328509 ], [ -86.4153048, 36.932904 ] ], [ [ -86.4153048, 36.932904 ], [ -86.414967, 36.9331952 ] ], [ [ -86.414967, 36.9331952 ], [ -86.4148732, 36.933283599999989 ] ], [ [ -86.4148732, 36.933283599999989 ], [ -86.4145964, 36.9335255 ] ], [ [ -86.4145964, 36.9335255 ], [ -86.414418, 36.933693 ] ], [ [ -86.414418, 36.933693 ], [ -86.414322, 36.933815 ] ], [ [ -86.414322, 36.933815 ], [ -86.414263, 36.933902 ] ], [ [ -86.414263, 36.933902 ], [ -86.414167, 36.934085 ] ], [ [ -86.414167, 36.934085 ], [ -86.4141552, 36.9341159 ] ], [ [ -86.4141552, 36.9341159 ], [ -86.41413, 36.934182 ] ], [ [ -86.41413, 36.934182 ], [ -86.4140899, 36.934319 ] ], [ [ -86.4140899, 36.934319 ], [ -86.414072, 36.93438 ] ], [ [ -86.414072, 36.93438 ], [ -86.414045, 36.934535 ] ], [ [ -86.414045, 36.934535 ], [ -86.41405, 36.934853 ] ], [ [ -86.41405, 36.934853 ], [ -86.414104, 36.935129 ] ], [ [ -86.414104, 36.935129 ], [ -86.414409500000019, 36.9363881 ] ], [ [ -86.414409500000019, 36.9363881 ], [ -86.4145081, 36.9367829 ] ], [ [ -86.4145081, 36.9367829 ], [ -86.4146712, 36.9374507 ] ], [ [ -86.4146712, 36.9374507 ], [ -86.4148019, 36.9379848 ] ], [ [ -86.4148019, 36.9379848 ], [ -86.414834, 36.938117 ] ], [ [ -86.414834, 36.938117 ], [ -86.414876, 36.938355 ] ], [ [ -86.414876, 36.938355 ], [ -86.414886, 36.93848 ] ], [ [ -86.414886, 36.93848 ], [ -86.414888, 36.938544 ] ], [ [ -86.414888, 36.938544 ], [ -86.414882, 36.938733 ] ], [ [ -86.414882, 36.938733 ], [ -86.414857, 36.938922 ] ], [ [ -86.414857, 36.938922 ], [ -86.414812, 36.93911 ] ], [ [ -86.414812, 36.93911 ], [ -86.414764, 36.939247 ] ], [ [ -86.414764, 36.939247 ], [ -86.414683, 36.93943 ] ], [ [ -86.414683, 36.93943 ], [ -86.414564, 36.939649 ] ], [ [ -86.414564, 36.939649 ], [ -86.414459, 36.939832 ] ], [ [ -86.414459, 36.939832 ], [ -86.4137868, 36.940966399999972 ] ], [ [ -86.4137868, 36.940966399999972 ], [ -86.413465, 36.941484 ] ], [ [ -86.413465, 36.941484 ], [ -86.4133122, 36.941756 ] ], [ [ -86.4133122, 36.941756 ], [ -86.413242, 36.941879 ] ], [ [ -86.413242, 36.941879 ], [ -86.413131, 36.942058 ] ], [ [ -86.413131, 36.942058 ], [ -86.4126438, 36.9429035 ] ], [ [ -86.4126438, 36.9429035 ], [ -86.412611, 36.94296 ] ], [ [ -86.412611, 36.94296 ], [ -86.4125892, 36.942996900000011 ] ], [ [ -86.4125892, 36.942996900000011 ], [ -86.412569, 36.943031 ] ], [ [ -86.412569, 36.943031 ], [ -86.412457, 36.943226 ] ], [ [ -86.412457, 36.943226 ], [ -86.412427, 36.943274 ] ], [ [ -86.412427, 36.943274 ], [ -86.412228, 36.943616 ] ], [ [ -86.412228, 36.943616 ], [ -86.411641, 36.944617 ] ], [ [ -86.411641, 36.944617 ], [ -86.411555, 36.944769 ] ], [ [ -86.411555, 36.944769 ], [ -86.4112401, 36.9452924 ] ], [ [ -86.4112401, 36.9452924 ], [ -86.411196, 36.945381 ] ], [ [ -86.411196, 36.945381 ], [ -86.410149, 36.947173 ] ], [ [ -86.410149, 36.947173 ], [ -86.40984, 36.947693 ] ], [ [ -86.40984, 36.947693 ], [ -86.409679, 36.947948 ] ], [ [ -86.409679, 36.947948 ], [ -86.409542, 36.948147 ] ], [ [ -86.409542, 36.948147 ], [ -86.409434, 36.948291 ] ], [ [ -86.409434, 36.948291 ], [ -86.409283, 36.948479 ] ], [ [ -86.409283, 36.948479 ], [ -86.408932, 36.948891 ] ], [ [ -86.408932, 36.948891 ], [ -86.408413, 36.949484 ] ], [ [ -86.408413, 36.949484 ], [ -86.408186, 36.949746 ] ], [ [ -86.408186, 36.949746 ], [ -86.408034, 36.949927 ] ], [ [ -86.408034, 36.949927 ], [ -86.407695, 36.950341 ] ], [ [ -86.407695, 36.950341 ], [ -86.40714, 36.951042 ] ], [ [ -86.40714, 36.951042 ], [ -86.406838, 36.951417 ] ], [ [ -86.406838, 36.951417 ], [ -86.406093, 36.952369 ] ], [ [ -86.406093, 36.952369 ], [ -86.405935, 36.952563 ] ], [ [ -86.405935, 36.952563 ], [ -86.405354, 36.953296 ] ], [ [ -86.405354, 36.953296 ], [ -86.404765, 36.9540319 ] ], [ [ -86.404765, 36.9540319 ], [ -86.4046983, 36.9541143 ] ], [ [ -86.4046983, 36.9541143 ], [ -86.404065, 36.954916 ] ], [ [ -86.404065, 36.954916 ], [ -86.403743, 36.955315 ] ], [ [ -86.403743, 36.955315 ], [ -86.40358, 36.955512 ] ], [ [ -86.40358, 36.955512 ], [ -86.403255, 36.955929 ] ], [ [ -86.403255, 36.955929 ], [ -86.402843, 36.956447 ] ], [ [ -86.402843, 36.956447 ], [ -86.402434, 36.956969 ] ], [ [ -86.402434, 36.956969 ], [ -86.401603, 36.958012 ] ], [ [ -86.401603, 36.958012 ], [ -86.401403, 36.958273 ] ], [ [ -86.401403, 36.958273 ], [ -86.401147, 36.958591 ] ], [ [ -86.401147, 36.958591 ], [ -86.400682, 36.959182 ] ], [ [ -86.400682, 36.959182 ], [ -86.399772, 36.960328 ] ], [ [ -86.399772, 36.960328 ], [ -86.399443, 36.960751 ] ], [ [ -86.399443, 36.960751 ], [ -86.399272, 36.960989 ] ], [ [ -86.399272, 36.960989 ], [ -86.3991089, 36.9612377 ] ], [ [ -86.3991089, 36.9612377 ], [ -86.399053, 36.961323 ] ], [ [ -86.399053, 36.961323 ], [ -86.39891, 36.961566 ] ], [ [ -86.39891, 36.961566 ], [ -86.398799, 36.961761 ] ], [ [ -86.398799, 36.961761 ], [ -86.398614, 36.9621 ] ], [ [ -86.398614, 36.9621 ], [ -86.398412, 36.962486 ] ], [ [ -86.398412, 36.962486 ], [ -86.398196, 36.962884 ] ], [ [ -86.398196, 36.962884 ], [ -86.397978, 36.963309 ] ], [ [ -86.397978, 36.963309 ], [ -86.397221, 36.964713 ] ], [ [ -86.397221, 36.964713 ], [ -86.3971585, 36.9648467 ] ], [ [ -86.3971585, 36.9648467 ], [ -86.396989, 36.965144 ] ], [ [ -86.396989, 36.965144 ], [ -86.3966879, 36.965712 ] ], [ [ -86.3966879, 36.965712 ], [ -86.3962201, 36.966583099999987 ] ], [ [ -86.3962201, 36.966583099999987 ], [ -86.3954938, 36.967947799999976 ] ], [ [ -86.3954938, 36.967947799999976 ], [ -86.394885, 36.969088 ] ], [ [ -86.394885, 36.969088 ], [ -86.394336, 36.970117 ] ], [ [ -86.394336, 36.970117 ], [ -86.3937971, 36.971154099999978 ] ], [ [ -86.3937971, 36.971154099999978 ], [ -86.393392, 36.971886 ] ], [ [ -86.393392, 36.971886 ], [ -86.392246, 36.974043 ] ], [ [ -86.392246, 36.974043 ], [ -86.3921034, 36.9742613 ] ], [ [ -86.3921034, 36.9742613 ], [ -86.3919661, 36.9744807 ] ], [ [ -86.3919661, 36.9744807 ], [ -86.3917515, 36.9746933 ] ], [ [ -86.3917515, 36.9746933 ], [ -86.3914854, 36.9749401 ] ], [ [ -86.3914854, 36.9749401 ], [ -86.3912607, 36.9751254 ] ], [ [ -86.3912607, 36.9751254 ], [ -86.3910424, 36.9752833 ] ], [ [ -86.3910424, 36.9752833 ], [ -86.3907409, 36.9754501 ] ], [ [ -86.3907409, 36.9754501 ], [ -86.390467, 36.9755527 ] ], [ [ -86.390467, 36.9755527 ], [ -86.3902454, 36.9756172 ] ], [ [ -86.3902454, 36.9756172 ], [ -86.3898758, 36.9756696 ] ], [ [ -86.3898758, 36.9756696 ], [ -86.389514, 36.975677300000015 ] ], [ [ -86.389514, 36.975677300000015 ], [ -86.3891026, 36.9756111 ] ], [ [ -86.3891026, 36.9756111 ], [ -86.3886236, 36.9756114 ] ], [ [ -86.3886236, 36.9756114 ], [ -86.3882586, 36.9757257 ] ] ] } },
{ "type": "Feature", "properties": { "name": "Cumberland Trace Road", "highway": "secondary", "length": 5633.0, "risk_tier": "low", "zone_type": "sinkhole" }, "geometry": { "type": "MultiLineString", "coordinates": [ [ [ -86.415914, 36.932398 ], [ -86.415787, 36.932502 ] ], [ [ -86.415787, 36.932502 ], [ -86.4156007, 36.9326541 ] ], [ [ -86.4156007, 36.9326541 ], [ -86.4154576, 36.9327713 ] ], [ [ -86.4154576, 36.9327713 ], [ -86.415366, 36.9328509 ] ], [ [ -86.415366, 36.9328509 ], [ -86.4153048, 36.932904 ] ], [ [ -86.4153048, 36.932904 ], [ -86.414967, 36.9331952 ] ], [ [ -86.414967, 36.9331952 ], [ -86.4148732, 36.933283599999989 ] ], [ [ -86.4148732, 36.933283599999989 ], [ -86.4145964, 36.9335255 ] ], [ [ -86.4145964, 36.9335255 ], [ -86.414418, 36.933693 ] ], [ [ -86.414418, 36.933693 ], [ -86.414322, 36.933815 ] ], [ [ -86.414322, 36.933815 ], [ -86.414263, 36.933902 ] ], [ [ -86.414263, 36.933902 ], [ -86.414167, 36.934085 ] ], [ [ -86.414167, 36.934085 ], [ -86.4141552, 36.9341159 ] ], [ [ -86.4141552, 36.9341159 ], [ -86.41413, 36.934182 ] ], [ [ -86.41413, 36.934182 ], [ -86.4140899, 36.934319 ] ], [ [ -86.4140899, 36.934319 ], [ -86.414072, 36.93438 ] ], [ [ -86.414072, 36.93438 ], [ -86.414045, 36.934535 ] ], [ [ -86.414045, 36.934535 ], [ -86.41405, 36.934853 ] ], [ [ -86.41405, 36.934853 ], [ -86.414104, 36.935129 ] ], [ [ -86.414104, 36.935129 ], [ -86.414409500000019, 36.9363881 ] ], [ [ -86.414409500000019, 36.9363881 ], [ -86.4145081, 36.9367829 ] ], [ [ -86.4145081, 36.9367829 ], [ -86.4146712, 36.9374507 ] ], [ [ -86.4146712, 36.9374507 ], [ -86.4148019, 36.9379848 ] ], [ [ -86.4148019, 36.9379848 ], [ -86.414834, 36.938117 ] ], [ [ -86.414834, 36.938117 ], [ -86.414876, 36.938355 ] ], [ [ -86.414876, 36.938355 ], [ -86.414886, 36.93848 ] ], [ [ -86.414886, 36.93848 ], [ -86.414888, 36.938544 ] ], [ [ -86.414888, 36.938544 ], [ -86.414882, 36.938733 ] ], [ [ -86.414882, 36.938733 ], [ -86.414857, 36.938922 ] ], [ [ -86.414857, 36.938922 ], [ -86.414812, 36.93911 ] ], [ [ -86.414812, 36.93911 ], [ -86.414764, 36.939247 ] ], [ [ -86.414764, 36.939247 ], [ -86.414683, 36.93943 ] ], [ [ -86.414683, 36.93943 ], [ -86.414564, 36.939649 ] ], [ [ -86.414564, 36.939649 ], [ -86.414459, 36.939832 ] ], [ [ -86.414459, 36.939832 ], [ -86.4137868, 36.940966399999972 ] ], [ [ -86.4137868, 36.940966399999972 ], [ -86.413465, 36.941484 ] ], [ [ -86.413465, 36.941484 ], [ -86.4133122, 36.941756 ] ], [ [ -86.4133122, 36.941756 ], [ -86.413242, 36.941879 ] ], [ [ -86.413242, 36.941879 ], [ -86.413131, 36.942058 ] ], [ [ -86.413131, 36.942058 ], [ -86.4126438, 36.9429035 ] ], [ [ -86.4126438, 36.9429035 ], [ -86.412611, 36.94296 ] ], [ [ -86.412611, 36.94296 ], [ -86.4125892, 36.942996900000011 ] ], [ [ -86.4125892, 36.942996900000011 ], [ -86.412569, 36.943031 ] ], [ [ -86.412569, 36.943031 ], [ -86.412457, 36.943226 ] ], [ [ -86.412457, 36.943226 ], [ -86.412427, 36.943274 ] ], [ [ -86.412427, 36.943274 ], [ -86.412228, 36.943616 ] ], [ [ -86.412228, 36.943616 ], [ -86.411641, 36.944617 ] ], [ [ -86.411641, 36.944617 ], [ -86.411555, 36.944769 ] ], [ [ -86.411555, 36.944769 ], [ -86.4112401, 36.9452924 ] ], [ [ -86.4112401, 36.9452924 ], [ -86.411196, 36.945381 ] ], [ [ -86.411196, 36.945381 ], [ -86.410149, 36.947173 ] ], [ [ -86.410149, 36.947173 ], [ -86.40984, 36.947693 ] ], [ [ -86.40984, 36.947693 ], [ -86.409679, 36.947948 ] ], [ [ -86.409679, 36.947948 ], [ -86.409542, 36.948147 ] ], [ [ -86.409542, 36.948147 ], [ -86.409434, 36.948291 ] ], [ [ -86.409434, 36.948291 ], [ -86.409283, 36.948479 ] ], [ [ -86.409283, 36.948479 ], [ -86.408932, 36.948891 ] ], [ [ -86.408932, 36.948891 ], [ -86.408413, 36.949484 ] ], [ [ -86.408413, 36.949484 ], [ -86.408186, 36.949746 ] ], [ [ -86.408186, 36.949746 ], [ -86.408034, 36.949927 ] ], [ [ -86.408034, 36.949927 ], [ -86.407695, 36.950341 ] ], [ [ -86.407695, 36.950341 ], [ -86.40714, 36.951042 ] ], [ [ -86.40714, 36.951042 ], [ -86.406838, 36.951417 ] ], [ [ -86.406838, 36.951417 ], [ -86.406093, 36.952369 ] ], [ [ -86.406093, 36.952369 ], [ -86.405935, 36.952563 ] ], [ [ -86.405935, 36.952563 ], [ -86.405354, 36.953296 ] ], [ [ -86.405354, 36.953296 ], [ -86.404765, 36.9540319 ] ], [ [ -86.404765, 36.9540319 ], [ -86.4046983, 36.9541143 ] ], [ [ -86.4046983, 36.9541143 ], [ -86.404065, 36.954916 ] ], [ [ -86.404065, 36.954916 ], [ -86.403743, 36.955315 ] ], [ [ -86.403743, 36.955315 ], [ -86.40358, 36.955512 ] ], [ [ -86.40358, 36.955512 ], [ -86.403255, 36.955929 ] ], [ [ -86.403255, 36.955929 ], [ -86.402843, 36.956447 ] ], [ [ -86.402843, 36.956447 ], [ -86.402434, 36.956969 ] ], [ [ -86.402434, 36.956969 ], [ -86.401603, 36.958012 ] ], [ [ -86.401603, 36.958012 ], [ -86.401403, 36.958273 ] ], [ [ -86.401403, 36.958273 ], [ -86.401147, 36.958591 ] ], [ [ -86.401147, 36.958591 ], [ -86.400682, 36.959182 ] ], [ [ -86.400682, 36.959182 ], [ -86.399772, 36.960328 ] ], [ [ -86.399772, 36.960328 ], [ -86.399443, 36.960751 ] ], [ [ -86.399443, 36.960751 ], [ -86.399272, 36.960989 ] ], [ [ -86.399272, 36.960989 ], [ -86.3991089, 36.9612377 ] ], [ [ -86.3991089, 36.9612377 ], [ -86.399053, 36.961323 ] ], [ [ -86.399053, 36.961323 ], [ -86.39891, 36.961566 ] ], [ [ -86.39891, 36.961566 ], [ -86.398799, 36.961761 ] ], [ [ -86.398799, 36.961761 ], [ -86.398614, 36.9621 ] ], [ [ -86.398614, 36.9621 ], [ -86.398412, 36.962486 ] ], [ [ -86.398412, 36.962486 ], [ -86.398196, 36.962884 ] ], [ [ -86.398196, 36.962884 ], [ -86.397978, 36.963309 ] ], [ [ -86.397978, 36.963309 ], [ -86.397221, 36.964713 ] ], [ [ -86.397221, 36.964713 ], [ -86.3971585, 36.9648467 ] ], [ [ -86.3971585, 36.9648467 ], [ -86.396989, 36.965144 ] ], [ [ -86.396989, 36.965144 ], [ -86.3966879, 36.965712 ] ], [ [ -86.3966879, 36.965712 ], [ -86.3962201, 36.966583099999987 ] ], [ [ -86.3962201, 36.966583099999987 ], [ -86.3954938, 36.967947799999976 ] ], [ [ -86.3954938, 36.967947799999976 ], [ -86.394885, 36.969088 ] ], [ [ -86.394885, 36.969088 ], [ -86.394336, 36.970117 ] ], [ [ -86.394336, 36.970117 ], [ -86.3937971, 36.971154099999978 ] ], [ [ -86.3937971, 36.971154099999978 ], [ -86.393392, 36.971886 ] ], [ [ -86.393392, 36.971886 ], [ -86.392246, 36.974043 ] ], [ [ -86.392246, 36.974043 ], [ -86.3921034, 36.9742613 ] ], [ [ -86.3921034, 36.9742613 ], [ -86.3919661, 36.9744807 ] ], [ [ -86.3919661, 36.9744807 ], [ -86.3917515, 36.9746933 ] ], [ [ -86.3917515, 36.9746933 ], [ -86.3914854, 36.9749401 ] ], [ [ -86.3914854, 36.9749401 ], [ -86.3912607, 36.9751254 ] ], [ [ -86.3912607, 36.9751254 ], [ -86.3910424, 36.9752833 ] ], [ [ -86.3910424, 36.9752833 ], [ -86.3907409, 36.9754501 ] ], [ [ -86.3907409, 36.9754501 ], [ -86.390467, 36.9755527 ] ], [ [ -86.390467, 36.9755527 ], [ -86.3902454, 36.9756172 ] ], [ [ -86.3902454, 36.9756172 ], [ -86.3898758, 36.9756696 ] ], [ [ -86.3898758, 36.9756696 ], [ -86.389514, 36.975677300000015 ] ], [ [ -86.389514, 36.975677300000015 ], [ -86.3891026, 36.9756111 ] ], [ [ -86.3891026, 36.9756111 ], [ -86.3886236, 36.9756114 ] ], [ [ -86.3886236, 36.9756114 ], [ -86.3882586, 36.9757257 ] ] ] } },
{ "type": "Feature", "properties": { "name": "Cumberland Trace Road", "highway": "secondary", "length": 5633.0, "risk_tier": "low", "zone_type": "sinkhole" }, "geometry": { "type": "MultiLineString", "coordinates": [ [ [ -86.415914, 36.932398 ], [ -86.415787, 36.932502 ] ], [ [ -86.415787, 36.932502 ], [ -86.4156007, 36.9326541 ] ], [ [ -86.4156007, 36.9326541 ], [ -86.4154576, 36.9327713 ] ], [ [ -86.4154576, 36.9327713 ], [ -86.415366, 36.9328509 ] ], [ [ -86.415366, 36.9328509 ], [ -86.4153048, 36.932904 ] ], [ [ -86.4153048, 36.932904 ], [ -86.414967, 36.9331952 ] ], [ [ -86.414967, 36.9331952 ], [ -86.4148732, 36.933283599999989 ] ], [ [ -86.4148732, 36.933283599999989 ], [ -86.4145964, 36.9335255 ] ], [ [ -86.4145964, 36.9335255 ], [ -86.414418, 36.933693 ] ], [ [ -86.414418, 36.933693 ], [ -86.414322, 36.933815 ] ], [ [ -86.414322, 36.933815 ], [ -86.414263, 36.933902 ] ], [ [ -86.414263, 36.933902 ], [ -86.414167, 36.934085 ] ], [ [ -86.414167, 36.934085 ], [ -86.4141552, 36.9341159 ] ], [ [ -86.4141552, 36.9341159 ], [ -86.41413, 36.934182 ] ], [ [ -86.41413, 36.934182 ], [ -86.4140899, 36.934319 ] ], [ [ -86.4140899, 36.934319 ], [ -86.414072, 36.93438 ] ], [ [ -86.414072, 36.93438 ], [ -86.414045, 36.934535 ] ], [ [ -86.414045, 36.934535 ], [ -86.41405, 36.934853 ] ], [ [ -86.41405, 36.934853 ], [ -86.414104, 36.935129 ] ], [ [ -86.414104, 36.935129 ], [ -86.414409500000019, 36.9363881 ] ], [ [ -86.414409500000019, 36.9363881 ], [ -86.4145081, 36.9367829 ] ], [ [ -86.4145081, 36.9367829 ], [ -86.4146712, 36.9374507 ] ], [ [ -86.4146712, 36.9374507 ], [ -86.4148019, 36.9379848 ] ], [ [ -86.4148019, 36.9379848 ], [ -86.414834, 36.938117 ] ], [ [ -86.414834, 36.938117 ], [ -86.414876, 36.938355 ] ], [ [ -86.414876, 36.938355 ], [ -86.414886, 36.93848 ] ], [ [ -86.414886, 36.93848 ], [ -86.414888, 36.938544 ] ], [ [ -86.414888, 36.938544 ], [ -86.414882, 36.938733 ] ], [ [ -86.414882, 36.938733 ], [ -86.414857, 36.938922 ] ], [ [ -86.414857, 36.938922 ], [ -86.414812, 36.93911 ] ], [ [ -86.414812, 36.93911 ], [ -86.414764, 36.939247 ] ], [ [ -86.414764, 36.939247 ], [ -86.414683, 36.93943 ] ], [ [ -86.414683, 36.93943 ], [ -86.414564, 36.939649 ] ], [ [ -86.414564, 36.939649 ], [ -86.414459, 36.939832 ] ], [ [ -86.414459, 36.939832 ], [ -86.4137868, 36.940966399999972 ] ], [ [ -86.4137868, 36.940966399999972 ], [ -86.413465, 36.941484 ] ], [ [ -86.413465, 36.941484 ], [ -86.4133122, 36.941756 ] ], [ [ -86.4133122, 36.941756 ], [ -86.413242, 36.941879 ] ], [ [ -86.413242, 36.941879 ], [ -86.413131, 36.942058 ] ], [ [ -86.413131, 36.942058 ], [ -86.4126438, 36.9429035 ] ], [ [ -86.4126438, 36.9429035 ], [ -86.412611, 36.94296 ] ], [ [ -86.412611, 36.94296 ], [ -86.4125892, 36.942996900000011 ] ], [ [ -86.4125892, 36.942996900000011 ], [ -86.412569, 36.943031 ] ], [ [ -86.412569, 36.943031 ], [ -86.412457, 36.943226 ] ], [ [ -86.412457, 36.943226 ], [ -86.412427, 36.943274 ] ], [ [ -86.412427, 36.943274 ], [ -86.412228, 36.943616 ] ], [ [ -86.412228, 36.943616 ], [ -86.411641, 36.944617 ] ], [ [ -86.411641, 36.944617 ], [ -86.411555, 36.944769 ] ], [ [ -86.411555, 36.944769 ], [ -86.4112401, 36.9452924 ] ], [ [ -86.4112401, 36.9452924 ], [ -86.411196, 36.945381 ] ], [ [ -86.411196, 36.945381 ], [ -86.410149, 36.947173 ] ], [ [ -86.410149, 36.947173 ], [ -86.40984, 36.947693 ] ], [ [ -86.40984, 36.947693 ], [ -86.409679, 36.947948 ] ], [ [ -86.409679, 36.947948 ], [ -86.409542, 36.948147 ] ], [ [ -86.409542, 36.948147 ], [ -86.409434, 36.948291 ] ], [ [ -86.409434, 36.948291 ], [ -86.409283, 36.948479 ] ], [ [ -86.409283, 36.948479 ], [ -86.408932, 36.948891 ] ], [ [ -86.408932, 36.948891 ], [ -86.408413, 36.949484 ] ], [ [ -86.408413, 36.949484 ], [ -86.408186, 36.949746 ] ], [ [ -86.408186, 36.949746 ], [ -86.408034, 36.949927 ] ], [ [ -86.408034, 36.949927 ], [ -86.407695, 36.950341 ] ], [ [ -86.407695, 36.950341 ], [ -86.40714, 36.951042 ] ], [ [ -86.40714, 36.951042 ], [ -86.406838, 36.951417 ] ], [ [ -86.406838, 36.951417 ], [ -86.406093, 36.952369 ] ], [ [ -86.406093, 36.952369 ], [ -86.405935, 36.952563 ] ], [ [ -86.405935, 36.952563 ], [ -86.405354, 36.953296 ] ], [ [ -86.405354, 36.953296 ], [ -86.404765, 36.9540319 ] ], [ [ -86.404765, 36.9540319 ], [ -86.4046983, 36.9541143 ] ], [ [ -86.4046983, 36.9541143 ], [ -86.404065, 36.954916 ] ], [ [ -86.404065, 36.954916 ], [ -86.403743, 36.955315 ] ], [ [ -86.403743, 36.955315 ], [ -86.40358, 36.955512 ] ], [ [ -86.40358, 36.955512 ], [ -86.403255, 36.955929 ] ], [ [ -86.403255, 36.955929 ], [ -86.402843, 36.956447 ] ], [ [ -86.402843, 36.956447 ], [ -86.402434, 36.956969 ] ], [ [ -86.402434, 36.956969 ], [ -86.401603, 36.958012 ] ], [ [ -86.401603, 36.958012 ], [ -86.401403, 36.958273 ] ], [ [ -86.401403, 36.958273 ], [ -86.401147, 36.958591 ] ], [ [ -86.401147, 36.958591 ], [ -86.400682, 36.959182 ] ], [ [ -86.400682, 36.959182 ], [ -86.399772, 36.960328 ] ], [ [ -86.399772, 36.960328 ], [ -86.399443, 36.960751 ] ], [ [ -86.399443, 36.960751 ], [ -86.399272, 36.960989 ] ], [ [ -86.399272, 36.960989 ], [ -86.3991089, 36.9612377 ] ], [ [ -86.3991089, 36.9612377 ], [ -86.399053, 36.961323 ] ], [ [ -86.399053, 36.961323 ], [ -86.39891, 36.961566 ] ], [ [ -86.39891, 36.961566 ], [ -86.398799, 36.961761 ] ], [ [ -86.398799, 36.961761 ], [ -86.398614, 36.9621 ] ], [ [ -86.398614, 36.9621 ], [ -86.398412, 36.962486 ] ], [ [ -86.398412, 36.962486 ], [ -86.398196, 36.962884 ] ], [ [ -86.398196, 36.962884 ], [ -86.397978, 36.963309 ] ], [ [ -86.397978, 36.963309 ], [ -86.397221, 36.964713 ] ], [ [ -86.397221, 36.964713 ], [ -86.3971585, 36.9648467 ] ], [ [ -86.3971585, 36.9648467 ], [ -86.396989, 36.965144 ] ], [ [ -86.396989, 36.965144 ], [ -86.3966879, 36.965712 ] ], [ [ -86.3966879, 36.965712 ], [ -86.3962201, 36.966583099999987 ] ], [ [ -86.3962201, 36.966583099999987 ], [ -86.3954938, 36.967947799999976 ] ], [ [ -86.3954938, 36.967947799999976 ], [ -86.394885, 36.969088 ] ], [ [ -86.394885, 36.969088 ], [ -86.394336, 36.970117 ] ], [ [ -86.394336, 36.970117 ], [ -86.3937971, 36.971154099999978 ] ], [ [ -86.3937971, 36.971154099999978 ], [ -86.393392, 36.971886 ] ], [ [ -86.393392, 36.971886 ], [ -86.392246, 36.974043 ] ], [ [ -86.392246, 36.974043 ], [ -86.3921034, 36.9742613 ] ], [ [ -86.3921034, 36.9742613 ], [ -86.3919661, 36.9744807 ] ], [ [ -86.3919661, 36.9744807 ], [ -86.3917515, 36.9746933 ] ], [ [ -86.3917515, 36.9746933 ], [ -86.3914854, 36.9749401 ] ], [ [ -86.3914854, 36.9749401 ], [ -86.3912607, 36.9751254 ] ], [ [ -86.3912607, 36.9751254 ], [ -86.3910424, 36.9752833 ] ], [ [ -86.3910424, 36.9752833 ], [ -86.3907409, 36.9754501 ] ], [ [ -86.3907409, 36.9754501 ], [ -86.390467, 36.9755527 ] ], [ [ -86.390467, 36.9755527 ], [ -86.3902454, 36.9756172 ] ], [ [ -86.3902454, 36.9756172 ], [ -86.3898758, 36.9756696 ] ], [ [ -86.3898758, 36.9756696 ], [ -86.389514, 36.975677300000015 ] ], [ [ -86.389514, 36.975677300000015 ], [ -86.3891026, 36.9756111 ] ], [ [ -86.3891026, 36.9756111 ], [ -86.3886236, 36.9756114 ] ], [ [ -86.3886236, 36.9756114 ], [ -86.3882586, 36.9757257 ] ] ] } },
{ "type": "Feature", "properties": { "name": "Curling Way", "highway": "residential", "length": 1176.0, "risk_tier": "low", "zone_type": "sinkhole" }, "geometry": { "type": "MultiLineString", "coordinates": [ [ [ -86.4462722, 36.9412454 ], [ -86.4456877, 36.9412114 ] ], [ [ -86.4456877, 36.9412114 ], [ -86.4448712, 36.9411485 ] ], [ [ -86.4448712, 36.9411485 ], [ -86.444004, 36.941055 ] ], [ [ -86.444004, 36.941055 ], [ -86.443892, 36.941039 ] ], [ [ -86.443892, 36.941039 ], [ -86.443779, 36.941018 ] ], [ [ -86.443779, 36.941018 ], [ -86.443663, 36.940992 ] ], [ [ -86.443663, 36.940992 ], [ -86.443435, 36.940932 ] ], [ [ -86.443435, 36.940932 ], [ -86.443321, 36.940906 ] ], [ [ -86.443321, 36.940906 ], [ -86.442881, 36.940857 ] ], [ [ -86.442881, 36.940857 ], [ -86.441557, 36.940753 ] ], [ [ -86.441557, 36.940753 ], [ -86.438991, 36.940531 ] ], [ [ -86.438991, 36.940531 ], [ -86.437591, 36.940419 ] ], [ [ -86.437591, 36.940419 ], [ -86.437311, 36.940414 ] ], [ [ -86.437311, 36.940414 ], [ -86.435887, 36.940446 ] ], [ [ -86.435887, 36.940446 ], [ -86.435517, 36.940454 ] ], [ [ -86.435517, 36.940454 ], [ -86.434872, 36.940452 ] ], [ [ -86.434872, 36.940452 ], [ -86.4347339, 36.9404626 ] ], [ [ -86.4347339, 36.9404626 ], [ -86.4346762, 36.940315799999986 ] ], [ [ -86.4346762, 36.940315799999986 ], [ -86.434327, 36.939234 ] ], [ [ -86.434327, 36.939234 ], [ -86.434322, 36.93921 ] ] ] } },
{ "type": "Feature", "properties": { "name": "Kelly Road", "highway": "residential", "length": 97.0, "risk_tier": "low", "zone_type": "sinkhole" }, "geometry": { "type": "LineString", "coordinates": [ [ -86.3210976, 37.02037150000001 ], [ -86.3221742, 37.020522 ] ] } },
{ "type": "Feature", "properties": { "name": null, "highway": "motorway_link", "length": 439.0, "risk_tier": "low", "zone_type": "sinkhole" }, "geometry": { "type": "MultiLineString", "coordinates": [ [ [ -86.3134879, 37.0330675 ], [ -86.3134812, 37.031721099999984 ] ], [ [ -86.3134812, 37.031721099999984 ], [ -86.3134816, 37.0312846 ] ], [ [ -86.3134816, 37.0312846 ], [ -86.3135146, 37.0307962 ] ], [ [ -86.3135146, 37.0307962 ], [ -86.3135524, 37.0304739 ] ], [ [ -86.3135524, 37.0304739 ], [ -86.3136553, 37.030047800000013 ] ], [ [ -86.3136553, 37.030047800000013 ], [ -86.3139566, 37.0291657 ] ] ] } },
{ "type": "Feature", "properties": { "name": "Moss View Street", "highway": "motorway_link", "length": 439.0, "risk_tier": "low", "zone_type": "sinkhole" }, "geometry": { "type": "MultiLineString", "coordinates": [ [ [ -86.3134879, 37.0330675 ], [ -86.3134812, 37.031721099999984 ] ], [ [ -86.3134812, 37.031721099999984 ], [ -86.3134816, 37.0312846 ] ], [ [ -86.3134816, 37.0312846 ], [ -86.3135146, 37.0307962 ] ], [ [ -86.3135146, 37.0307962 ], [ -86.3135524, 37.0304739 ] ], [ [ -86.3135524, 37.0304739 ], [ -86.3136553, 37.030047800000013 ] ], [ [ -86.3136553, 37.030047800000013 ], [ -86.3139566, 37.0291657 ] ] ] } },
{ "type": "Feature", "properties": { "name": null, "highway": "motorway", "length": 286.0, "risk_tier": "low", "zone_type": "sinkhole" }, "geometry": { "type": "MultiLineString", "coordinates": [ [ [ -86.3140078, 37.0285127 ], [ -86.313571600000017, 37.02919390000001 ] ], [ [ -86.313571600000017, 37.02919390000001 ], [ -86.3127384, 37.0308747 ] ] ] } },
{ "type": "Feature", "properties": { "name": "Olde Towne Boulevard", "highway": "unclassified", "length": 186.0, "risk_tier": "low", "zone_type": "sinkhole" }, "geometry": { "type": "MultiLineString", "coordinates": [ [ [ -86.4004019, 36.9692875 ], [ -86.4013509, 36.9698815 ] ], [ [ -86.4013509, 36.9698815 ], [ -86.4020547, 36.9703201 ] ] ] } },
{ "type": "Feature", "properties": { "name": "Olde Towne Boulevard", "highway": "unclassified", "length": 186.0, "risk_tier": "low", "zone_type": "sinkhole" }, "geometry": { "type": "MultiLineString", "coordinates": [ [ [ -86.4004019, 36.9692875 ], [ -86.4013509, 36.9698815 ] ], [ [ -86.4013509, 36.9698815 ], [ -86.4020547, 36.9703201 ] ] ] } },
{ "type": "Feature", "properties": { "name": "Olde Towne Boulevard", "highway": "unclassified", "length": 186.0, "risk_tier": "low", "zone_type": "sinkhole" }, "geometry": { "type": "MultiLineString", "coordinates": [ [ [ -86.4004019, 36.9692875 ], [ -86.4013509, 36.9698815 ] ], [ [ -86.4013509, 36.9698815 ], [ -86.4020547, 36.9703201 ] ] ] } },
{ "type": "Feature", "properties": { "name": "Vanderbilt Drive", "highway": "residential", "length": 449.0, "risk_tier": "low", "zone_type": "sinkhole" }, "geometry": { "type": "MultiLineString", "coordinates": [ [ [ -86.4043339, 36.9291397 ], [ -86.4042681, 36.9290046 ] ], [ [ -86.4042681, 36.9290046 ], [ -86.4040584, 36.9288721 ] ], [ [ -86.4040584, 36.9288721 ], [ -86.4038417, 36.9287409 ] ], [ [ -86.4038417, 36.9287409 ], [ -86.4038179, 36.928721 ] ], [ [ -86.4038179, 36.928721 ], [ -86.4036459, 36.9285747 ] ], [ [ -86.4036459, 36.9285747 ], [ -86.4036129, 36.92852160000001 ] ], [ [ -86.4036129, 36.92852160000001 ], [ -86.4035547, 36.9284279 ] ], [ [ -86.4035547, 36.9284279 ], [ -86.4035061, 36.92828440000001 ] ], [ [ -86.4035061, 36.92828440000001 ], [ -86.403295400000019, 36.9276441 ] ], [ [ -86.403295400000019, 36.9276441 ], [ -86.4032582, 36.9275249 ] ], [ [ -86.4032582, 36.9275249 ], [ -86.403230300000018, 36.9274485 ] ], [ [ -86.403230300000018, 36.9274485 ], [ -86.4032203, 36.927421 ] ], [ [ -86.4032203, 36.927421 ], [ -86.40295, 36.926606 ] ], [ [ -86.40295, 36.926606 ], [ -86.4028381, 36.9262711 ] ], [ [ -86.4028381, 36.9262711 ], [ -86.4027267, 36.925929799999977 ] ], [ [ -86.4027267, 36.925929799999977 ], [ -86.402685, 36.92578 ] ], [ [ -86.402685, 36.92578 ], [ -86.4026618, 36.9256456 ] ], [ [ -86.4026618, 36.9256456 ], [ -86.4026905, 36.9254518 ] ] ] } },
{ "type": "Feature", "properties": { "name": null, "highway": "residential", "length": 471.0, "risk_tier": "low", "zone_type": "sinkhole" }, "geometry": { "type": "MultiLineString", "coordinates": [ [ [ -86.3639492, 37.0211972 ], [ -86.3639362, 37.0206758 ] ], [ [ -86.3639362, 37.0206758 ], [ -86.3645638, 37.0206566 ] ], [ [ -86.3645638, 37.0206566 ], [ -86.3645531, 37.0200762 ] ], [ [ -86.3645531, 37.0200762 ], [ -86.3647006, 37.0199498 ] ], [ [ -86.3647006, 37.0199498 ], [ -86.3643949, 37.0196693 ] ], [ [ -86.3643949, 37.0196693 ], [ -86.3637522, 37.0201211 ] ], [ [ -86.3637522, 37.0201211 ], [ -86.3635083, 37.0203002 ] ], [ [ -86.3635083, 37.0203002 ], [ -86.3631047, 37.0205966 ] ], [ [ -86.3631047, 37.0205966 ], [ -86.3632335, 37.0206908 ] ], [ [ -86.3632335, 37.0206908 ], [ -86.3639362, 37.0206758 ] ] ] } },
{ "type": "Feature", "properties": { "name": "Kelly Road", "highway": "residential", "length": 586.0, "risk_tier": "low", "zone_type": "sinkhole" }, "geometry": { "type": "MultiLineString", "coordinates": [ [ [ -86.314585, 37.019516 ], [ -86.315064, 37.019554 ] ], [ [ -86.315064, 37.019554 ], [ -86.315108, 37.019557 ] ], [ [ -86.315108, 37.019557 ], [ -86.319573, 37.0201585 ] ], [ [ -86.319573, 37.0201585 ], [ -86.3210976, 37.02037150000001 ] ] ] } },
{ "type": "Feature", "properties": { "name": "Kelly Road", "highway": "residential", "length": 586.0, "risk_tier": "low", "zone_type": "sinkhole" }, "geometry": { "type": "MultiLineString", "coordinates": [ [ [ -86.314585, 37.019516 ], [ -86.315064, 37.019554 ] ], [ [ -86.315064, 37.019554 ], [ -86.315108, 37.019557 ] ], [ [ -86.315108, 37.019557 ], [ -86.319573, 37.0201585 ] ], [ [ -86.319573, 37.0201585 ], [ -86.3210976, 37.02037150000001 ] ] ] } },
{ "type": "Feature", "properties": { "name": null, "highway": "residential", "length": 286.0, "risk_tier": "low", "zone_type": "sinkhole" }, "geometry": { "type": "MultiLineString", "coordinates": [ [ [ -86.4287707, 36.9405792 ], [ -86.4290633, 36.9411689 ] ], [ [ -86.4290633, 36.9411689 ], [ -86.4293499, 36.9410968 ] ], [ [ -86.4293499, 36.9410968 ], [ -86.4294897, 36.9410699 ] ], [ [ -86.4294897, 36.9410699 ], [ -86.4295446, 36.9410713 ] ], [ [ -86.4295446, 36.9410713 ], [ -86.4295888, 36.941085499999986 ] ], [ [ -86.4295888, 36.941085499999986 ], [ -86.4296862, 36.9411732 ] ], [ [ -86.4296862, 36.9411732 ], [ -86.4297587, 36.9412453 ] ], [ [ -86.4297587, 36.9412453 ], [ -86.4297764, 36.9413118 ] ], [ [ -86.4297764, 36.9413118 ], [ -86.4297623, 36.9413754 ] ], [ [ -86.4297623, 36.9413754 ], [ -86.4297428, 36.9414376 ] ], [ [ -86.4297428, 36.9414376 ], [ -86.4284755, 36.9418562 ] ] ] } },
{ "type": "Feature", "properties": { "name": null, "highway": "motorway", "length": 305.0, "risk_tier": "low", "zone_type": "sinkhole" }, "geometry": { "type": "MultiLineString", "coordinates": [ [ [ -86.3127384, 37.0308747 ], [ -86.3139566, 37.0291657 ] ], [ [ -86.3139566, 37.0291657 ], [ -86.3143892, 37.0284744 ] ] ] } },
{ "type": "Feature", "properties": { "name": null, "highway": "motorway", "length": 305.0, "risk_tier": "low", "zone_type": "sinkhole" }, "geometry": { "type": "MultiLineString", "coordinates": [ [ [ -86.3127384, 37.0308747 ], [ -86.3139566, 37.0291657 ] ], [ [ -86.3139566, 37.0291657 ], [ -86.3143892, 37.0284744 ] ] ] } },
{ "type": "Feature", "properties": { "name": null, "highway": "motorway", "length": 305.0, "risk_tier": "low", "zone_type": "sinkhole" }, "geometry": { "type": "MultiLineString", "coordinates": [ [ [ -86.3127384, 37.0308747 ], [ -86.3139566, 37.0291657 ] ], [ [ -86.3139566, 37.0291657 ], [ -86.3143892, 37.0284744 ] ] ] } },
{ "type": "Feature", "properties": { "name": null, "highway": "motorway", "length": 305.0, "risk_tier": "low", "zone_type": "sinkhole" }, "geometry": { "type": "MultiLineString", "coordinates": [ [ [ -86.3127384, 37.0308747 ], [ -86.3139566, 37.0291657 ] ], [ [ -86.3139566, 37.0291657 ], [ -86.3143892, 37.0284744 ] ] ] } },
{ "type": "Feature", "properties": { "name": null, "highway": "motorway", "length": 305.0, "risk_tier": "low", "zone_type": "sinkhole" }, "geometry": { "type": "MultiLineString", "coordinates": [ [ [ -86.3127384, 37.0308747 ], [ -86.3139566, 37.0291657 ] ], [ [ -86.3139566, 37.0291657 ], [ -86.3143892, 37.0284744 ] ] ] } },
{ "type": "Feature", "properties": { "name": "Bluegrass Drive", "highway": "residential", "length": 776.0, "risk_tier": "low", "zone_type": "sinkhole" }, "geometry": { "type": "MultiLineString", "coordinates": [ [ [ -86.4338054, 36.93406670000001 ], [ -86.43386, 36.934214 ] ], [ [ -86.43386, 36.934214 ], [ -86.4346111, 36.9363884 ] ], [ [ -86.4346111, 36.9363884 ], [ -86.434966, 36.93741 ] ], [ [ -86.434966, 36.93741 ], [ -86.435286, 36.938453 ] ], [ [ -86.435286, 36.938453 ], [ -86.435887, 36.940446 ] ], [ [ -86.435887, 36.940446 ], [ -86.435932, 36.940831 ] ] ] } },
{ "type": "Feature", "properties": { "name": "Bluegrass Drive", "highway": "residential", "length": 776.0, "risk_tier": "low", "zone_type": "sinkhole" }, "geometry": { "type": "MultiLineString", "coordinates": [ [ [ -86.4338054, 36.93406670000001 ], [ -86.43386, 36.934214 ] ], [ [ -86.43386, 36.934214 ], [ -86.4346111, 36.9363884 ] ], [ [ -86.4346111, 36.9363884 ], [ -86.434966, 36.93741 ] ], [ [ -86.434966, 36.93741 ], [ -86.435286, 36.938453 ] ], [ [ -86.435286, 36.938453 ], [ -86.435887, 36.940446 ] ], [ [ -86.435887, 36.940446 ], [ -86.435932, 36.940831 ] ] ] } },
{ "type": "Feature", "properties": { "name": "Hayford Place", "highway": "residential", "length": 219.0, "risk_tier": "low", "zone_type": "sinkhole" }, "geometry": { "type": "MultiLineString", "coordinates": [ [ [ -86.448572, 36.952053 ], [ -86.448442, 36.952878 ] ], [ [ -86.448442, 36.952878 ], [ -86.448407, 36.953177 ] ], [ [ -86.448407, 36.953177 ], [ -86.448399, 36.953281 ] ], [ [ -86.448399, 36.953281 ], [ -86.448391, 36.953481 ] ], [ [ -86.448391, 36.953481 ], [ -86.448393, 36.953663 ] ], [ [ -86.448393, 36.953663 ], [ -86.4484065, 36.9539009 ] ], [ [ -86.4484065, 36.9539009 ], [ -86.4483421, 36.9539995 ] ] ] } },
{ "type": "Feature", "properties": { "name": "Airway Drive", "highway": "residential", "length": 236.0, "risk_tier": "low", "zone_type": "sinkhole" }, "geometry": { "type": "MultiLineString", "coordinates": [ [ [ -86.419622, 36.954097 ], [ -86.419597, 36.9542017 ] ], [ [ -86.419597, 36.9542017 ], [ -86.419585, 36.954252 ] ], [ [ -86.419585, 36.954252 ], [ -86.419578, 36.954309 ] ], [ [ -86.419578, 36.954309 ], [ -86.419577, 36.954376 ] ], [ [ -86.419577, 36.954376 ], [ -86.419585, 36.954457 ] ], [ [ -86.419585, 36.954457 ], [ -86.419605, 36.954551 ] ], [ [ -86.419605, 36.954551 ], [ -86.419635, 36.954646 ] ], [ [ -86.419635, 36.954646 ], [ -86.419672, 36.954743 ] ], [ [ -86.419672, 36.954743 ], [ -86.419715, 36.954838 ] ], [ [ -86.419715, 36.954838 ], [ -86.4198038, 36.9549916 ] ], [ [ -86.4198038, 36.9549916 ], [ -86.41982, 36.955018 ] ], [ [ -86.41982, 36.955018 ], [ -86.4198976, 36.9551454 ] ], [ [ -86.4198976, 36.9551454 ], [ -86.419975, 36.955286 ] ], [ [ -86.419975, 36.955286 ], [ -86.420016, 36.955375 ] ], [ [ -86.420016, 36.955375 ], [ -86.420084, 36.955548 ] ], [ [ -86.420084, 36.955548 ], [ -86.420111, 36.955633 ] ], [ [ -86.420111, 36.955633 ], [ -86.420154, 36.955791 ] ], [ [ -86.420154, 36.955791 ], [ -86.420187, 36.955931 ] ], [ [ -86.420187, 36.955931 ], [ -86.420195, 36.955989 ] ], [ [ -86.420195, 36.955989 ], [ -86.420197, 36.956036 ] ], [ [ -86.420197, 36.956036 ], [ -86.420186, 36.956134 ] ] ] } },
{ "type": "Feature", "properties": { "name": null, "highway": "residential", "length": 974.0, "risk_tier": "low", "zone_type": "sinkhole" }, "geometry": { "type": "MultiLineString", "coordinates": [ [ [ -86.5147542, 36.9456463 ], [ -86.5141599, 36.946019099999972 ] ], [ [ -86.5141599, 36.946019099999972 ], [ -86.5131958, 36.9466303 ] ], [ [ -86.5131958, 36.9466303 ], [ -86.5130252, 36.9467107 ] ], [ [ -86.5130252, 36.9467107 ], [ -86.5122653, 36.9469356 ] ], [ [ -86.5122653, 36.9469356 ], [ -86.5113644, 36.9472023 ] ], [ [ -86.5113644, 36.9472023 ], [ -86.5110527, 36.9472049 ] ], [ [ -86.5110527, 36.9472049 ], [ -86.5107443, 36.9471201 ] ], [ [ -86.5107443, 36.9471201 ], [ -86.5101972, 36.9469108 ] ], [ [ -86.5101972, 36.9469108 ], [ -86.5103332, 36.946640499999987 ] ], [ [ -86.5103332, 36.946640499999987 ], [ -86.5105122, 36.9463993 ] ], [ [ -86.5105122, 36.9463993 ], [ -86.5108803, 36.946168800000017 ] ], [ [ -86.5108803, 36.946168800000017 ], [ -86.5126376, 36.9450797 ] ], [ [ -86.5126376, 36.9450797 ], [ -86.512826600000011, 36.945000199999981 ] ], [ [ -86.512826600000011, 36.945000199999981 ], [ -86.5128863, 36.9448915 ] ], [ [ -86.5128863, 36.9448915 ], [ -86.5130189, 36.944873 ] ], [ [ -86.5130189, 36.944873 ], [ -86.5131283, 36.9449074 ] ], [ [ -86.5131283, 36.9449074 ], [ -86.5131648, 36.9449816 ] ], [ [ -86.5131648, 36.9449816 ], [ -86.5131927, 36.9450342 ] ], [ [ -86.5131927, 36.9450342 ], [ -86.5134778, 36.9453029 ] ], [ [ -86.5134778, 36.9453029 ], [ -86.5141599, 36.946019099999972 ] ] ] } },
{ "type": "Feature", "properties": { "name": null, "highway": "residential", "length": 974.0, "risk_tier": "low", "zone_type": "sinkhole" }, "geometry": { "type": "MultiLineString", "coordinates": [ [ [ -86.5147542, 36.9456463 ], [ -86.5141599, 36.946019099999972 ] ], [ [ -86.5141599, 36.946019099999972 ], [ -86.5131958, 36.9466303 ] ], [ [ -86.5131958, 36.9466303 ], [ -86.5130252, 36.9467107 ] ], [ [ -86.5130252, 36.9467107 ], [ -86.5122653, 36.9469356 ] ], [ [ -86.5122653, 36.9469356 ], [ -86.5113644, 36.9472023 ] ], [ [ -86.5113644, 36.9472023 ], [ -86.5110527, 36.9472049 ] ], [ [ -86.5110527, 36.9472049 ], [ -86.5107443, 36.9471201 ] ], [ [ -86.5107443, 36.9471201 ], [ -86.5101972, 36.9469108 ] ], [ [ -86.5101972, 36.9469108 ], [ -86.5103332, 36.946640499999987 ] ], [ [ -86.5103332, 36.946640499999987 ], [ -86.5105122, 36.9463993 ] ], [ [ -86.5105122, 36.9463993 ], [ -86.5108803, 36.946168800000017 ] ], [ [ -86.5108803, 36.946168800000017 ], [ -86.5126376, 36.9450797 ] ], [ [ -86.5126376, 36.9450797 ], [ -86.512826600000011, 36.945000199999981 ] ], [ [ -86.512826600000011, 36.945000199999981 ], [ -86.5128863, 36.9448915 ] ], [ [ -86.5128863, 36.9448915 ], [ -86.5130189, 36.944873 ] ], [ [ -86.5130189, 36.944873 ], [ -86.5131283, 36.9449074 ] ], [ [ -86.5131283, 36.9449074 ], [ -86.5131648, 36.9449816 ] ], [ [ -86.5131648, 36.9449816 ], [ -86.5131927, 36.9450342 ] ], [ [ -86.5131927, 36.9450342 ], [ -86.5134778, 36.9453029 ] ], [ [ -86.5134778, 36.9453029 ], [ -86.5141599, 36.946019099999972 ] ] ] } },
{ "type": "Feature", "properties": { "name": null, "highway": "motorway", "length": 1725.0, "risk_tier": "low", "zone_type": "sinkhole" }, "geometry": { "type": "MultiLineString", "coordinates": [ [ [ -86.3149087, 37.027752099999987 ], [ -86.3150883, 37.0275405 ] ], [ [ -86.3150883, 37.0275405 ], [ -86.3158785, 37.0266477 ] ], [ [ -86.3158785, 37.0266477 ], [ -86.3182491, 37.024354099999989 ] ], [ [ -86.3182491, 37.024354099999989 ], [ -86.3200706, 37.0226165 ] ], [ [ -86.3200706, 37.0226165 ], [ -86.321142, 37.021418900000015 ] ], [ [ -86.321142, 37.021418900000015 ], [ -86.3224002, 37.0196257 ] ], [ [ -86.3224002, 37.0196257 ], [ -86.323084, 37.0185103 ] ], [ [ -86.323084, 37.0185103 ], [ -86.3238407, 37.0172698 ] ], [ [ -86.3238407, 37.0172698 ], [ -86.324651, 37.0158261 ] ], [ [ -86.324651, 37.0158261 ], [ -86.3252481, 37.0147304 ] ] ] } },
{ "type": "Feature", "properties": { "name": null, "highway": "motorway", "length": 1725.0, "risk_tier": "low", "zone_type": "sinkhole" }, "geometry": { "type": "MultiLineString", "coordinates": [ [ [ -86.3149087, 37.027752099999987 ], [ -86.3150883, 37.0275405 ] ], [ [ -86.3150883, 37.0275405 ], [ -86.3158785, 37.0266477 ] ], [ [ -86.3158785, 37.0266477 ], [ -86.3182491, 37.024354099999989 ] ], [ [ -86.3182491, 37.024354099999989 ], [ -86.3200706, 37.0226165 ] ], [ [ -86.3200706, 37.0226165 ], [ -86.321142, 37.021418900000015 ] ], [ [ -86.321142, 37.021418900000015 ], [ -86.3224002, 37.0196257 ] ], [ [ -86.3224002, 37.0196257 ], [ -86.323084, 37.0185103 ] ], [ [ -86.323084, 37.0185103 ], [ -86.3238407, 37.0172698 ] ], [ [ -86.3238407, 37.0172698 ], [ -86.324651, 37.0158261 ] ], [ [ -86.324651, 37.0158261 ], [ -86.3252481, 37.0147304 ] ] ] } },
{ "type": "Feature", "properties": { "name": "Frist Boulevard", "highway": "motorway", "length": 1725.0, "risk_tier": "low", "zone_type": "sinkhole" }, "geometry": { "type": "MultiLineString", "coordinates": [ [ [ -86.3149087, 37.027752099999987 ], [ -86.3150883, 37.0275405 ] ], [ [ -86.3150883, 37.0275405 ], [ -86.3158785, 37.0266477 ] ], [ [ -86.3158785, 37.0266477 ], [ -86.3182491, 37.024354099999989 ] ], [ [ -86.3182491, 37.024354099999989 ], [ -86.3200706, 37.0226165 ] ], [ [ -86.3200706, 37.0226165 ], [ -86.321142, 37.021418900000015 ] ], [ [ -86.321142, 37.021418900000015 ], [ -86.3224002, 37.0196257 ] ], [ [ -86.3224002, 37.0196257 ], [ -86.323084, 37.0185103 ] ], [ [ -86.323084, 37.0185103 ], [ -86.3238407, 37.0172698 ] ], [ [ -86.3238407, 37.0172698 ], [ -86.324651, 37.0158261 ] ], [ [ -86.324651, 37.0158261 ], [ -86.3252481, 37.0147304 ] ] ] } },
{ "type": "Feature", "properties": { "name": "Frist Boulevard", "highway": "unclassified", "length": 695.0, "risk_tier": "low", "zone_type": "sinkhole" }, "geometry": { "type": "MultiLineString", "coordinates": [ [ [ -86.4038879, 36.9652218 ], [ -86.4039704, 36.9652465 ] ], [ [ -86.4039704, 36.9652465 ], [ -86.4040471, 36.9652703 ] ], [ [ -86.4040471, 36.9652703 ], [ -86.4041003, 36.9652976 ] ], [ [ -86.4041003, 36.9652976 ], [ -86.4047801, 36.9657409 ] ], [ [ -86.4047801, 36.9657409 ], [ -86.405287, 36.9660913 ] ], [ [ -86.405287, 36.9660913 ], [ -86.405878500000014, 36.9665002 ] ], [ [ -86.405878500000014, 36.9665002 ], [ -86.4060754, 36.966636799999989 ] ], [ [ -86.4060754, 36.966636799999989 ], [ -86.4064063, 36.9668665 ] ], [ [ -86.4064063, 36.9668665 ], [ -86.4068975, 36.967194 ] ], [ [ -86.4068975, 36.967194 ], [ -86.40769210000002, 36.9677238 ] ], [ [ -86.40769210000002, 36.9677238 ], [ -86.40772, 36.9677424 ] ], [ [ -86.40772, 36.9677424 ], [ -86.4082129, 36.968096299999978 ] ], [ [ -86.4082129, 36.968096299999978 ], [ -86.4083128, 36.9681822 ] ], [ [ -86.4083128, 36.9681822 ], [ -86.4083666, 36.9682415 ] ], [ [ -86.4083666, 36.9682415 ], [ -86.4084235, 36.9683352 ] ], [ [ -86.4084235, 36.9683352 ], [ -86.4084651, 36.9684265 ] ], [ [ -86.4084651, 36.9684265 ], [ -86.4084765, 36.9684515 ] ], [ [ -86.4084765, 36.9684515 ], [ -86.4085281, 36.9686617 ] ], [ [ -86.4085281, 36.9686617 ], [ -86.4085805, 36.9688931 ] ], [ [ -86.4085805, 36.9688931 ], [ -86.4086329, 36.969134899999979 ] ], [ [ -86.4086329, 36.969134899999979 ], [ -86.4086688, 36.9692086 ] ], [ [ -86.4086688, 36.9692086 ], [ -86.4087789, 36.9693375 ] ], [ [ -86.4087789, 36.9693375 ], [ -86.4089787, 36.969523700000011 ] ], [ [ -86.4089787, 36.969523700000011 ], [ -86.4090325, 36.9695806 ] ], [ [ -86.4090325, 36.9695806 ], [ -86.4090719, 36.9696528 ] ] ] } },
{ "type": "Feature", "properties": { "name": "Frist Boulevard", "highway": "unclassified", "length": 695.0, "risk_tier": "low", "zone_type": "sinkhole" }, "geometry": { "type": "MultiLineString", "coordinates": [ [ [ -86.4038879, 36.9652218 ], [ -86.4039704, 36.9652465 ] ], [ [ -86.4039704, 36.9652465 ], [ -86.4040471, 36.9652703 ] ], [ [ -86.4040471, 36.9652703 ], [ -86.4041003, 36.9652976 ] ], [ [ -86.4041003, 36.9652976 ], [ -86.4047801, 36.9657409 ] ], [ [ -86.4047801, 36.9657409 ], [ -86.405287, 36.9660913 ] ], [ [ -86.405287, 36.9660913 ], [ -86.405878500000014, 36.9665002 ] ], [ [ -86.405878500000014, 36.9665002 ], [ -86.4060754, 36.966636799999989 ] ], [ [ -86.4060754, 36.966636799999989 ], [ -86.4064063, 36.9668665 ] ], [ [ -86.4064063, 36.9668665 ], [ -86.4068975, 36.967194 ] ], [ [ -86.4068975, 36.967194 ], [ -86.40769210000002, 36.9677238 ] ], [ [ -86.40769210000002, 36.9677238 ], [ -86.40772, 36.9677424 ] ], [ [ -86.40772, 36.9677424 ], [ -86.4082129, 36.968096299999978 ] ], [ [ -86.4082129, 36.968096299999978 ], [ -86.4083128, 36.9681822 ] ], [ [ -86.4083128, 36.9681822 ], [ -86.4083666, 36.9682415 ] ], [ [ -86.4083666, 36.9682415 ], [ -86.4084235, 36.9683352 ] ], [ [ -86.4084235, 36.9683352 ], [ -86.4084651, 36.9684265 ] ], [ [ -86.4084651, 36.9684265 ], [ -86.4084765, 36.9684515 ] ], [ [ -86.4084765, 36.9684515 ], [ -86.4085281, 36.9686617 ] ], [ [ -86.4085281, 36.9686617 ], [ -86.4085805, 36.9688931 ] ], [ [ -86.4085805, 36.9688931 ], [ -86.4086329, 36.969134899999979 ] ], [ [ -86.4086329, 36.969134899999979 ], [ -86.4086688, 36.9692086 ] ], [ [ -86.4086688, 36.9692086 ], [ -86.4087789, 36.9693375 ] ], [ [ -86.4087789, 36.9693375 ], [ -86.4089787, 36.969523700000011 ] ], [ [ -86.4089787, 36.969523700000011 ], [ -86.4090325, 36.9695806 ] ], [ [ -86.4090325, 36.9695806 ], [ -86.4090719, 36.9696528 ] ] ] } },
{ "type": "Feature", "properties": { "name": "Frist Boulevard", "highway": "unclassified", "length": 703.0, "risk_tier": "low", "zone_type": "sinkhole" }, "geometry": { "type": "MultiLineString", "coordinates": [ [ [ -86.409245, 36.9694878 ], [ -86.409134, 36.9694528 ] ], [ [ -86.409134, 36.9694528 ], [ -86.4090468, 36.969410299999979 ] ], [ [ -86.4090468, 36.969410299999979 ], [ -86.4089382, 36.9693388 ] ], [ [ -86.4089382, 36.9693388 ], [ -86.4088402, 36.9692589 ] ], [ [ -86.4088402, 36.9692589 ], [ -86.4087785, 36.969179 ] ], [ [ -86.4087785, 36.969179 ], [ -86.4087338, 36.9690803 ] ], [ [ -86.4087338, 36.9690803 ], [ -86.4087083, 36.9689885 ] ], [ [ -86.4087083, 36.9689885 ], [ -86.4086595, 36.9686618 ] ], [ [ -86.4086595, 36.9686618 ], [ -86.4086163, 36.9683911 ] ], [ [ -86.4086163, 36.9683911 ], [ -86.4085855, 36.9682852 ] ], [ [ -86.4085855, 36.9682852 ], [ -86.4085393, 36.9681941 ] ], [ [ -86.4085393, 36.9681941 ], [ -86.4084839, 36.968135099999984 ] ], [ [ -86.4084839, 36.968135099999984 ], [ -86.40838530000002, 36.9680341 ] ], [ [ -86.40838530000002, 36.9680341 ], [ -86.4082805, 36.967948 ] ], [ [ -86.4082805, 36.967948 ], [ -86.4077958, 36.96762480000001 ] ], [ [ -86.4077958, 36.96762480000001 ], [ -86.4070034, 36.9670903 ] ], [ [ -86.4070034, 36.9670903 ], [ -86.4061828, 36.9665349 ] ], [ [ -86.4061828, 36.9665349 ], [ -86.4059872, 36.966401799999979 ] ], [ [ -86.4059872, 36.966401799999979 ], [ -86.4056073, 36.9661523 ] ], [ [ -86.4056073, 36.9661523 ], [ -86.4048652, 36.9656565 ] ], [ [ -86.4048652, 36.9656565 ], [ -86.4042685, 36.96526979999998 ] ], [ [ -86.4042685, 36.96526979999998 ], [ -86.4041504, 36.965181 ] ], [ [ -86.4041504, 36.965181 ], [ -86.4041078, 36.9651266 ] ], [ [ -86.4041078, 36.9651266 ], [ -86.4040973, 36.9651035 ] ], [ [ -86.4040973, 36.9651035 ], [ -86.4040631, 36.965028 ] ], [ [ -86.4040631, 36.965028 ], [ -86.4040482, 36.965007 ] ] ] } },
{ "type": "Feature", "properties": { "name": null, "highway": "residential", "length": 916.0, "risk_tier": "low", "zone_type": "sinkhole" }, "geometry": { "type": "MultiLineString", "coordinates": [ [ [ -86.4121618, 36.9403518 ], [ -86.4120839, 36.9403224 ] ], [ [ -86.4120839, 36.9403224 ], [ -86.4119554, 36.9402754 ] ], [ [ -86.4119554, 36.9402754 ], [ -86.411854, 36.9402283 ] ], [ [ -86.411854, 36.9402283 ], [ -86.4118116, 36.9401727 ] ], [ [ -86.4118116, 36.9401727 ], [ -86.4117462, 36.9400821 ] ], [ [ -86.4117462, 36.9400821 ], [ -86.4116983, 36.9400003 ] ], [ [ -86.4116983, 36.9400003 ], [ -86.4116416, 36.9398662 ] ], [ [ -86.4116416, 36.9398662 ], [ -86.4116026, 36.9397992 ] ], [ [ -86.4116026, 36.9397992 ], [ -86.4115131, 36.9397426 ] ], [ [ -86.4115131, 36.9397426 ], [ -86.4113955, 36.9396868 ] ], [ [ -86.4113955, 36.9396868 ], [ -86.4112124, 36.9396137 ] ], [ [ -86.4112124, 36.9396137 ], [ -86.4110229, 36.9395441 ] ], [ [ -86.4110229, 36.9395441 ], [ -86.41086390000001, 36.9394936 ] ], [ [ -86.41086390000001, 36.9394936 ], [ -86.410750600000014, 36.9394761 ] ], [ [ -86.410750600000014, 36.9394761 ], [ -86.410600300000013, 36.9394936 ] ], [ [ -86.410600300000013, 36.9394936 ], [ -86.4104477, 36.9395388 ] ], [ [ -86.4104477, 36.9395388 ], [ -86.4102996, 36.939612 ] ], [ [ -86.4102996, 36.939612 ], [ -86.4102016, 36.9397286 ] ], [ [ -86.4102016, 36.9397286 ], [ -86.4101384, 36.93986970000001 ] ], [ [ -86.4101384, 36.93986970000001 ], [ -86.4101013, 36.9399898 ] ], [ [ -86.4101013, 36.9399898 ], [ -86.4099723, 36.9404013 ] ], [ [ -86.4099723, 36.9404013 ], [ -86.4096112, 36.9403625 ] ], [ [ -86.4096112, 36.9403625 ], [ -86.4088669, 36.9402913 ] ], [ [ -86.4088669, 36.9402913 ], [ -86.4088439, 36.940458199999988 ] ], [ [ -86.4088439, 36.940458199999988 ], [ -86.4087836, 36.9408506 ] ], [ [ -86.4087836, 36.9408506 ], [ -86.4087165, 36.9413351 ] ], [ [ -86.4087165, 36.9413351 ], [ -86.4086351, 36.9417877 ] ], [ [ -86.4086351, 36.9417877 ], [ -86.4086209, 36.9418938 ] ], [ [ -86.4086209, 36.9418938 ], [ -86.4086209, 36.941973 ] ], [ [ -86.4086209, 36.941973 ], [ -86.4086333, 36.9420281 ] ], [ [ -86.4086333, 36.9420281 ], [ -86.4086811, 36.9420918 ] ], [ [ -86.4086811, 36.9420918 ], [ -86.4087324, 36.9421526 ] ], [ [ -86.4087324, 36.9421526 ], [ -86.4087908, 36.942195 ] ], [ [ -86.4087908, 36.942195 ], [ -86.4088421, 36.942223299999988 ] ], [ [ -86.4088421, 36.942223299999988 ], [ -86.4089112, 36.9422403 ] ], [ [ -86.4089112, 36.9422403 ], [ -86.4090775, 36.9422601 ] ], [ [ -86.4090775, 36.9422601 ], [ -86.4094987, 36.9423053 ] ], [ [ -86.4094987, 36.9423053 ], [ -86.4095641, 36.9422969 ] ], [ [ -86.4095641, 36.9422969 ], [ -86.4096579, 36.9422544 ] ], [ [ -86.4096579, 36.9422544 ], [ -86.4097641, 36.9421894 ] ], [ [ -86.4097641, 36.9421894 ], [ -86.409819, 36.942139899999987 ] ], [ [ -86.409819, 36.942139899999987 ], [ -86.4098402, 36.9420805 ] ], [ [ -86.4098402, 36.9420805 ], [ -86.4098968, 36.9417014 ] ], [ [ -86.4098968, 36.9417014 ], [ -86.409948, 36.941370100000015 ] ], [ [ -86.409948, 36.941370100000015 ], [ -86.4100083, 36.9409801 ] ], [ [ -86.4100083, 36.9409801 ], [ -86.4100065, 36.9409065 ] ], [ [ -86.4100065, 36.9409065 ], [ -86.4099941, 36.9408231 ] ], [ [ -86.4099941, 36.9408231 ], [ -86.4099835, 36.9407453 ] ], [ [ -86.4099835, 36.9407453 ], [ -86.4099605, 36.9406223 ] ], [ [ -86.4099605, 36.9406223 ], [ -86.4099552, 36.9405586 ] ], [ [ -86.4099552, 36.9405586 ], [ -86.4099723, 36.9404013 ] ] ] } },
{ "type": "Feature", "properties": { "name": null, "highway": "residential", "length": 916.0, "risk_tier": "low", "zone_type": "sinkhole" }, "geometry": { "type": "MultiLineString", "coordinates": [ [ [ -86.4121618, 36.9403518 ], [ -86.4120839, 36.9403224 ] ], [ [ -86.4120839, 36.9403224 ], [ -86.4119554, 36.9402754 ] ], [ [ -86.4119554, 36.9402754 ], [ -86.411854, 36.9402283 ] ], [ [ -86.411854, 36.9402283 ], [ -86.4118116, 36.9401727 ] ], [ [ -86.4118116, 36.9401727 ], [ -86.4117462, 36.9400821 ] ], [ [ -86.4117462, 36.9400821 ], [ -86.4116983, 36.9400003 ] ], [ [ -86.4116983, 36.9400003 ], [ -86.4116416, 36.9398662 ] ], [ [ -86.4116416, 36.9398662 ], [ -86.4116026, 36.9397992 ] ], [ [ -86.4116026, 36.9397992 ], [ -86.4115131, 36.9397426 ] ], [ [ -86.4115131, 36.9397426 ], [ -86.4113955, 36.9396868 ] ], [ [ -86.4113955, 36.9396868 ], [ -86.4112124, 36.9396137 ] ], [ [ -86.4112124, 36.9396137 ], [ -86.4110229, 36.9395441 ] ], [ [ -86.4110229, 36.9395441 ], [ -86.41086390000001, 36.9394936 ] ], [ [ -86.41086390000001, 36.9394936 ], [ -86.410750600000014, 36.9394761 ] ], [ [ -86.410750600000014, 36.9394761 ], [ -86.410600300000013, 36.9394936 ] ], [ [ -86.410600300000013, 36.9394936 ], [ -86.4104477, 36.9395388 ] ], [ [ -86.4104477, 36.9395388 ], [ -86.4102996, 36.939612 ] ], [ [ -86.4102996, 36.939612 ], [ -86.4102016, 36.9397286 ] ], [ [ -86.4102016, 36.9397286 ], [ -86.4101384, 36.93986970000001 ] ], [ [ -86.4101384, 36.93986970000001 ], [ -86.4101013, 36.9399898 ] ], [ [ -86.4101013, 36.9399898 ], [ -86.4099723, 36.9404013 ] ], [ [ -86.4099723, 36.9404013 ], [ -86.4096112, 36.9403625 ] ], [ [ -86.4096112, 36.9403625 ], [ -86.4088669, 36.9402913 ] ], [ [ -86.4088669, 36.9402913 ], [ -86.4088439, 36.940458199999988 ] ], [ [ -86.4088439, 36.940458199999988 ], [ -86.4087836, 36.9408506 ] ], [ [ -86.4087836, 36.9408506 ], [ -86.4087165, 36.9413351 ] ], [ [ -86.4087165, 36.9413351 ], [ -86.4086351, 36.9417877 ] ], [ [ -86.4086351, 36.9417877 ], [ -86.4086209, 36.9418938 ] ], [ [ -86.4086209, 36.9418938 ], [ -86.4086209, 36.941973 ] ], [ [ -86.4086209, 36.941973 ], [ -86.4086333, 36.9420281 ] ], [ [ -86.4086333, 36.9420281 ], [ -86.4086811, 36.9420918 ] ], [ [ -86.4086811, 36.9420918 ], [ -86.4087324, 36.9421526 ] ], [ [ -86.4087324, 36.9421526 ], [ -86.4087908, 36.942195 ] ], [ [ -86.4087908, 36.942195 ], [ -86.4088421, 36.942223299999988 ] ], [ [ -86.4088421, 36.942223299999988 ], [ -86.4089112, 36.9422403 ] ], [ [ -86.4089112, 36.9422403 ], [ -86.4090775, 36.9422601 ] ], [ [ -86.4090775, 36.9422601 ], [ -86.4094987, 36.9423053 ] ], [ [ -86.4094987, 36.9423053 ], [ -86.4095641, 36.9422969 ] ], [ [ -86.4095641, 36.9422969 ], [ -86.4096579, 36.9422544 ] ], [ [ -86.4096579, 36.9422544 ], [ -86.4097641, 36.9421894 ] ], [ [ -86.4097641, 36.9421894 ], [ -86.409819, 36.942139899999987 ] ], [ [ -86.409819, 36.942139899999987 ], [ -86.4098402, 36.9420805 ] ], [ [ -86.4098402, 36.9420805 ], [ -86.4098968, 36.9417014 ] ], [ [ -86.4098968, 36.9417014 ], [ -86.409948, 36.941370100000015 ] ], [ [ -86.409948, 36.941370100000015 ], [ -86.4100083, 36.9409801 ] ], [ [ -86.4100083, 36.9409801 ], [ -86.4100065, 36.9409065 ] ], [ [ -86.4100065, 36.9409065 ], [ -86.4099941, 36.9408231 ] ], [ [ -86.4099941, 36.9408231 ], [ -86.4099835, 36.9407453 ] ], [ [ -86.4099835, 36.9407453 ], [ -86.4099605, 36.9406223 ] ], [ [ -86.4099605, 36.9406223 ], [ -86.4099552, 36.9405586 ] ], [ [ -86.4099552, 36.9405586 ], [ -86.4099723, 36.9404013 ] ] ] } },
{ "type": "Feature", "properties": { "name": null, "highway": "residential", "length": 916.0, "risk_tier": "low", "zone_type": "sinkhole" }, "geometry": { "type": "MultiLineString", "coordinates": [ [ [ -86.4121618, 36.9403518 ], [ -86.4120839, 36.9403224 ] ], [ [ -86.4120839, 36.9403224 ], [ -86.4119554, 36.9402754 ] ], [ [ -86.4119554, 36.9402754 ], [ -86.411854, 36.9402283 ] ], [ [ -86.411854, 36.9402283 ], [ -86.4118116, 36.9401727 ] ], [ [ -86.4118116, 36.9401727 ], [ -86.4117462, 36.9400821 ] ], [ [ -86.4117462, 36.9400821 ], [ -86.4116983, 36.9400003 ] ], [ [ -86.4116983, 36.9400003 ], [ -86.4116416, 36.9398662 ] ], [ [ -86.4116416, 36.9398662 ], [ -86.4116026, 36.9397992 ] ], [ [ -86.4116026, 36.9397992 ], [ -86.4115131, 36.9397426 ] ], [ [ -86.4115131, 36.9397426 ], [ -86.4113955, 36.9396868 ] ], [ [ -86.4113955, 36.9396868 ], [ -86.4112124, 36.9396137 ] ], [ [ -86.4112124, 36.9396137 ], [ -86.4110229, 36.9395441 ] ], [ [ -86.4110229, 36.9395441 ], [ -86.41086390000001, 36.9394936 ] ], [ [ -86.41086390000001, 36.9394936 ], [ -86.410750600000014, 36.9394761 ] ], [ [ -86.410750600000014, 36.9394761 ], [ -86.410600300000013, 36.9394936 ] ], [ [ -86.410600300000013, 36.9394936 ], [ -86.4104477, 36.9395388 ] ], [ [ -86.4104477, 36.9395388 ], [ -86.4102996, 36.939612 ] ], [ [ -86.4102996, 36.939612 ], [ -86.4102016, 36.9397286 ] ], [ [ -86.4102016, 36.9397286 ], [ -86.4101384, 36.93986970000001 ] ], [ [ -86.4101384, 36.93986970000001 ], [ -86.4101013, 36.9399898 ] ], [ [ -86.4101013, 36.9399898 ], [ -86.4099723, 36.9404013 ] ], [ [ -86.4099723, 36.9404013 ], [ -86.4096112, 36.9403625 ] ], [ [ -86.4096112, 36.9403625 ], [ -86.4088669, 36.9402913 ] ], [ [ -86.4088669, 36.9402913 ], [ -86.4088439, 36.940458199999988 ] ], [ [ -86.4088439, 36.940458199999988 ], [ -86.4087836, 36.9408506 ] ], [ [ -86.4087836, 36.9408506 ], [ -86.4087165, 36.9413351 ] ], [ [ -86.4087165, 36.9413351 ], [ -86.4086351, 36.9417877 ] ], [ [ -86.4086351, 36.9417877 ], [ -86.4086209, 36.9418938 ] ], [ [ -86.4086209, 36.9418938 ], [ -86.4086209, 36.941973 ] ], [ [ -86.4086209, 36.941973 ], [ -86.4086333, 36.9420281 ] ], [ [ -86.4086333, 36.9420281 ], [ -86.4086811, 36.9420918 ] ], [ [ -86.4086811, 36.9420918 ], [ -86.4087324, 36.9421526 ] ], [ [ -86.4087324, 36.9421526 ], [ -86.4087908, 36.942195 ] ], [ [ -86.4087908, 36.942195 ], [ -86.4088421, 36.942223299999988 ] ], [ [ -86.4088421, 36.942223299999988 ], [ -86.4089112, 36.9422403 ] ], [ [ -86.4089112, 36.9422403 ], [ -86.4090775, 36.9422601 ] ], [ [ -86.4090775, 36.9422601 ], [ -86.4094987, 36.9423053 ] ], [ [ -86.4094987, 36.9423053 ], [ -86.4095641, 36.9422969 ] ], [ [ -86.4095641, 36.9422969 ], [ -86.4096579, 36.9422544 ] ], [ [ -86.4096579, 36.9422544 ], [ -86.4097641, 36.9421894 ] ], [ [ -86.4097641, 36.9421894 ], [ -86.409819, 36.942139899999987 ] ], [ [ -86.409819, 36.942139899999987 ], [ -86.4098402, 36.9420805 ] ], [ [ -86.4098402, 36.9420805 ], [ -86.4098968, 36.9417014 ] ], [ [ -86.4098968, 36.9417014 ], [ -86.409948, 36.941370100000015 ] ], [ [ -86.409948, 36.941370100000015 ], [ -86.4100083, 36.9409801 ] ], [ [ -86.4100083, 36.9409801 ], [ -86.4100065, 36.9409065 ] ], [ [ -86.4100065, 36.9409065 ], [ -86.4099941, 36.9408231 ] ], [ [ -86.4099941, 36.9408231 ], [ -86.4099835, 36.9407453 ] ], [ [ -86.4099835, 36.9407453 ], [ -86.4099605, 36.9406223 ] ], [ [ -86.4099605, 36.9406223 ], [ -86.4099552, 36.9405586 ] ], [ [ -86.4099552, 36.9405586 ], [ -86.4099723, 36.9404013 ] ] ] } },
{ "type": "Feature", "properties": { "name": null, "highway": "residential", "length": 916.0, "risk_tier": "low", "zone_type": "sinkhole" }, "geometry": { "type": "MultiLineString", "coordinates": [ [ [ -86.4121618, 36.9403518 ], [ -86.4120839, 36.9403224 ] ], [ [ -86.4120839, 36.9403224 ], [ -86.4119554, 36.9402754 ] ], [ [ -86.4119554, 36.9402754 ], [ -86.411854, 36.9402283 ] ], [ [ -86.411854, 36.9402283 ], [ -86.4118116, 36.9401727 ] ], [ [ -86.4118116, 36.9401727 ], [ -86.4117462, 36.9400821 ] ], [ [ -86.4117462, 36.9400821 ], [ -86.4116983, 36.9400003 ] ], [ [ -86.4116983, 36.9400003 ], [ -86.4116416, 36.9398662 ] ], [ [ -86.4116416, 36.9398662 ], [ -86.4116026, 36.9397992 ] ], [ [ -86.4116026, 36.9397992 ], [ -86.4115131, 36.9397426 ] ], [ [ -86.4115131, 36.9397426 ], [ -86.4113955, 36.9396868 ] ], [ [ -86.4113955, 36.9396868 ], [ -86.4112124, 36.9396137 ] ], [ [ -86.4112124, 36.9396137 ], [ -86.4110229, 36.9395441 ] ], [ [ -86.4110229, 36.9395441 ], [ -86.41086390000001, 36.9394936 ] ], [ [ -86.41086390000001, 36.9394936 ], [ -86.410750600000014, 36.9394761 ] ], [ [ -86.410750600000014, 36.9394761 ], [ -86.410600300000013, 36.9394936 ] ], [ [ -86.410600300000013, 36.9394936 ], [ -86.4104477, 36.9395388 ] ], [ [ -86.4104477, 36.9395388 ], [ -86.4102996, 36.939612 ] ], [ [ -86.4102996, 36.939612 ], [ -86.4102016, 36.9397286 ] ], [ [ -86.4102016, 36.9397286 ], [ -86.4101384, 36.93986970000001 ] ], [ [ -86.4101384, 36.93986970000001 ], [ -86.4101013, 36.9399898 ] ], [ [ -86.4101013, 36.9399898 ], [ -86.4099723, 36.9404013 ] ], [ [ -86.4099723, 36.9404013 ], [ -86.4096112, 36.9403625 ] ], [ [ -86.4096112, 36.9403625 ], [ -86.4088669, 36.9402913 ] ], [ [ -86.4088669, 36.9402913 ], [ -86.4088439, 36.940458199999988 ] ], [ [ -86.4088439, 36.940458199999988 ], [ -86.4087836, 36.9408506 ] ], [ [ -86.4087836, 36.9408506 ], [ -86.4087165, 36.9413351 ] ], [ [ -86.4087165, 36.9413351 ], [ -86.4086351, 36.9417877 ] ], [ [ -86.4086351, 36.9417877 ], [ -86.4086209, 36.9418938 ] ], [ [ -86.4086209, 36.9418938 ], [ -86.4086209, 36.941973 ] ], [ [ -86.4086209, 36.941973 ], [ -86.4086333, 36.9420281 ] ], [ [ -86.4086333, 36.9420281 ], [ -86.4086811, 36.9420918 ] ], [ [ -86.4086811, 36.9420918 ], [ -86.4087324, 36.9421526 ] ], [ [ -86.4087324, 36.9421526 ], [ -86.4087908, 36.942195 ] ], [ [ -86.4087908, 36.942195 ], [ -86.4088421, 36.942223299999988 ] ], [ [ -86.4088421, 36.942223299999988 ], [ -86.4089112, 36.9422403 ] ], [ [ -86.4089112, 36.9422403 ], [ -86.4090775, 36.9422601 ] ], [ [ -86.4090775, 36.9422601 ], [ -86.4094987, 36.9423053 ] ], [ [ -86.4094987, 36.9423053 ], [ -86.4095641, 36.9422969 ] ], [ [ -86.4095641, 36.9422969 ], [ -86.4096579, 36.9422544 ] ], [ [ -86.4096579, 36.9422544 ], [ -86.4097641, 36.9421894 ] ], [ [ -86.4097641, 36.9421894 ], [ -86.409819, 36.942139899999987 ] ], [ [ -86.409819, 36.942139899999987 ], [ -86.4098402, 36.9420805 ] ], [ [ -86.4098402, 36.9420805 ], [ -86.4098968, 36.9417014 ] ], [ [ -86.4098968, 36.9417014 ], [ -86.409948, 36.941370100000015 ] ], [ [ -86.409948, 36.941370100000015 ], [ -86.4100083, 36.9409801 ] ], [ [ -86.4100083, 36.9409801 ], [ -86.4100065, 36.9409065 ] ], [ [ -86.4100065, 36.9409065 ], [ -86.4099941, 36.9408231 ] ], [ [ -86.4099941, 36.9408231 ], [ -86.4099835, 36.9407453 ] ], [ [ -86.4099835, 36.9407453 ], [ -86.4099605, 36.9406223 ] ], [ [ -86.4099605, 36.9406223 ], [ -86.4099552, 36.9405586 ] ], [ [ -86.4099552, 36.9405586 ], [ -86.4099723, 36.9404013 ] ] ] } },
{ "type": "Feature", "properties": { "name": null, "highway": "residential", "length": 916.0, "risk_tier": "low", "zone_type": "sinkhole" }, "geometry": { "type": "MultiLineString", "coordinates": [ [ [ -86.4121618, 36.9403518 ], [ -86.4120839, 36.9403224 ] ], [ [ -86.4120839, 36.9403224 ], [ -86.4119554, 36.9402754 ] ], [ [ -86.4119554, 36.9402754 ], [ -86.411854, 36.9402283 ] ], [ [ -86.411854, 36.9402283 ], [ -86.4118116, 36.9401727 ] ], [ [ -86.4118116, 36.9401727 ], [ -86.4117462, 36.9400821 ] ], [ [ -86.4117462, 36.9400821 ], [ -86.4116983, 36.9400003 ] ], [ [ -86.4116983, 36.9400003 ], [ -86.4116416, 36.9398662 ] ], [ [ -86.4116416, 36.9398662 ], [ -86.4116026, 36.9397992 ] ], [ [ -86.4116026, 36.9397992 ], [ -86.4115131, 36.9397426 ] ], [ [ -86.4115131, 36.9397426 ], [ -86.4113955, 36.9396868 ] ], [ [ -86.4113955, 36.9396868 ], [ -86.4112124, 36.9396137 ] ], [ [ -86.4112124, 36.9396137 ], [ -86.4110229, 36.9395441 ] ], [ [ -86.4110229, 36.9395441 ], [ -86.41086390000001, 36.9394936 ] ], [ [ -86.41086390000001, 36.9394936 ], [ -86.410750600000014, 36.9394761 ] ], [ [ -86.410750600000014, 36.9394761 ], [ -86.410600300000013, 36.9394936 ] ], [ [ -86.410600300000013, 36.9394936 ], [ -86.4104477, 36.9395388 ] ], [ [ -86.4104477, 36.9395388 ], [ -86.4102996, 36.939612 ] ], [ [ -86.4102996, 36.939612 ], [ -86.4102016, 36.9397286 ] ], [ [ -86.4102016, 36.9397286 ], [ -86.4101384, 36.93986970000001 ] ], [ [ -86.4101384, 36.93986970000001 ], [ -86.4101013, 36.9399898 ] ], [ [ -86.4101013, 36.9399898 ], [ -86.4099723, 36.9404013 ] ], [ [ -86.4099723, 36.9404013 ], [ -86.4096112, 36.9403625 ] ], [ [ -86.4096112, 36.9403625 ], [ -86.4088669, 36.9402913 ] ], [ [ -86.4088669, 36.9402913 ], [ -86.4088439, 36.940458199999988 ] ], [ [ -86.4088439, 36.940458199999988 ], [ -86.4087836, 36.9408506 ] ], [ [ -86.4087836, 36.9408506 ], [ -86.4087165, 36.9413351 ] ], [ [ -86.4087165, 36.9413351 ], [ -86.4086351, 36.9417877 ] ], [ [ -86.4086351, 36.9417877 ], [ -86.4086209, 36.9418938 ] ], [ [ -86.4086209, 36.9418938 ], [ -86.4086209, 36.941973 ] ], [ [ -86.4086209, 36.941973 ], [ -86.4086333, 36.9420281 ] ], [ [ -86.4086333, 36.9420281 ], [ -86.4086811, 36.9420918 ] ], [ [ -86.4086811, 36.9420918 ], [ -86.4087324, 36.9421526 ] ], [ [ -86.4087324, 36.9421526 ], [ -86.4087908, 36.942195 ] ], [ [ -86.4087908, 36.942195 ], [ -86.4088421, 36.942223299999988 ] ], [ [ -86.4088421, 36.942223299999988 ], [ -86.4089112, 36.9422403 ] ], [ [ -86.4089112, 36.9422403 ], [ -86.4090775, 36.9422601 ] ], [ [ -86.4090775, 36.9422601 ], [ -86.4094987, 36.9423053 ] ], [ [ -86.4094987, 36.9423053 ], [ -86.4095641, 36.9422969 ] ], [ [ -86.4095641, 36.9422969 ], [ -86.4096579, 36.9422544 ] ], [ [ -86.4096579, 36.9422544 ], [ -86.4097641, 36.9421894 ] ], [ [ -86.4097641, 36.9421894 ], [ -86.409819, 36.942139899999987 ] ], [ [ -86.409819, 36.942139899999987 ], [ -86.4098402, 36.9420805 ] ], [ [ -86.4098402, 36.9420805 ], [ -86.4098968, 36.9417014 ] ], [ [ -86.4098968, 36.9417014 ], [ -86.409948, 36.941370100000015 ] ], [ [ -86.409948, 36.941370100000015 ], [ -86.4100083, 36.9409801 ] ], [ [ -86.4100083, 36.9409801 ], [ -86.4100065, 36.9409065 ] ], [ [ -86.4100065, 36.9409065 ], [ -86.4099941, 36.9408231 ] ], [ [ -86.4099941, 36.9408231 ], [ -86.4099835, 36.9407453 ] ], [ [ -86.4099835, 36.9407453 ], [ -86.4099605, 36.9406223 ] ], [ [ -86.4099605, 36.9406223 ], [ -86.4099552, 36.9405586 ] ], [ [ -86.4099552, 36.9405586 ], [ -86.4099723, 36.9404013 ] ] ] } },
{ "type": "Feature", "properties": { "name": null, "highway": "residential", "length": 916.0, "risk_tier": "low", "zone_type": "sinkhole" }, "geometry": { "type": "MultiLineString", "coordinates": [ [ [ -86.4121618, 36.9403518 ], [ -86.4120839, 36.9403224 ] ], [ [ -86.4120839, 36.9403224 ], [ -86.4119554, 36.9402754 ] ], [ [ -86.4119554, 36.9402754 ], [ -86.411854, 36.9402283 ] ], [ [ -86.411854, 36.9402283 ], [ -86.4118116, 36.9401727 ] ], [ [ -86.4118116, 36.9401727 ], [ -86.4117462, 36.9400821 ] ], [ [ -86.4117462, 36.9400821 ], [ -86.4116983, 36.9400003 ] ], [ [ -86.4116983, 36.9400003 ], [ -86.4116416, 36.9398662 ] ], [ [ -86.4116416, 36.9398662 ], [ -86.4116026, 36.9397992 ] ], [ [ -86.4116026, 36.9397992 ], [ -86.4115131, 36.9397426 ] ], [ [ -86.4115131, 36.9397426 ], [ -86.4113955, 36.9396868 ] ], [ [ -86.4113955, 36.9396868 ], [ -86.4112124, 36.9396137 ] ], [ [ -86.4112124, 36.9396137 ], [ -86.4110229, 36.9395441 ] ], [ [ -86.4110229, 36.9395441 ], [ -86.41086390000001, 36.9394936 ] ], [ [ -86.41086390000001, 36.9394936 ], [ -86.410750600000014, 36.9394761 ] ], [ [ -86.410750600000014, 36.9394761 ], [ -86.410600300000013, 36.9394936 ] ], [ [ -86.410600300000013, 36.9394936 ], [ -86.4104477, 36.9395388 ] ], [ [ -86.4104477, 36.9395388 ], [ -86.4102996, 36.939612 ] ], [ [ -86.4102996, 36.939612 ], [ -86.4102016, 36.9397286 ] ], [ [ -86.4102016, 36.9397286 ], [ -86.4101384, 36.93986970000001 ] ], [ [ -86.4101384, 36.93986970000001 ], [ -86.4101013, 36.9399898 ] ], [ [ -86.4101013, 36.9399898 ], [ -86.4099723, 36.9404013 ] ], [ [ -86.4099723, 36.9404013 ], [ -86.4096112, 36.9403625 ] ], [ [ -86.4096112, 36.9403625 ], [ -86.4088669, 36.9402913 ] ], [ [ -86.4088669, 36.9402913 ], [ -86.4088439, 36.940458199999988 ] ], [ [ -86.4088439, 36.940458199999988 ], [ -86.4087836, 36.9408506 ] ], [ [ -86.4087836, 36.9408506 ], [ -86.4087165, 36.9413351 ] ], [ [ -86.4087165, 36.9413351 ], [ -86.4086351, 36.9417877 ] ], [ [ -86.4086351, 36.9417877 ], [ -86.4086209, 36.9418938 ] ], [ [ -86.4086209, 36.9418938 ], [ -86.4086209, 36.941973 ] ], [ [ -86.4086209, 36.941973 ], [ -86.4086333, 36.9420281 ] ], [ [ -86.4086333, 36.9420281 ], [ -86.4086811, 36.9420918 ] ], [ [ -86.4086811, 36.9420918 ], [ -86.4087324, 36.9421526 ] ], [ [ -86.4087324, 36.9421526 ], [ -86.4087908, 36.942195 ] ], [ [ -86.4087908, 36.942195 ], [ -86.4088421, 36.942223299999988 ] ], [ [ -86.4088421, 36.942223299999988 ], [ -86.4089112, 36.9422403 ] ], [ [ -86.4089112, 36.9422403 ], [ -86.4090775, 36.9422601 ] ], [ [ -86.4090775, 36.9422601 ], [ -86.4094987, 36.9423053 ] ], [ [ -86.4094987, 36.9423053 ], [ -86.4095641, 36.9422969 ] ], [ [ -86.4095641, 36.9422969 ], [ -86.4096579, 36.9422544 ] ], [ [ -86.4096579, 36.9422544 ], [ -86.4097641, 36.9421894 ] ], [ [ -86.4097641, 36.9421894 ], [ -86.409819, 36.942139899999987 ] ], [ [ -86.409819, 36.942139899999987 ], [ -86.4098402, 36.9420805 ] ], [ [ -86.4098402, 36.9420805 ], [ -86.4098968, 36.9417014 ] ], [ [ -86.4098968, 36.9417014 ], [ -86.409948, 36.941370100000015 ] ], [ [ -86.409948, 36.941370100000015 ], [ -86.4100083, 36.9409801 ] ], [ [ -86.4100083, 36.9409801 ], [ -86.4100065, 36.9409065 ] ], [ [ -86.4100065, 36.9409065 ], [ -86.4099941, 36.9408231 ] ], [ [ -86.4099941, 36.9408231 ], [ -86.4099835, 36.9407453 ] ], [ [ -86.4099835, 36.9407453 ], [ -86.4099605, 36.9406223 ] ], [ [ -86.4099605, 36.9406223 ], [ -86.4099552, 36.9405586 ] ], [ [ -86.4099552, 36.9405586 ], [ -86.4099723, 36.9404013 ] ] ] } },
{ "type": "Feature", "properties": { "name": null, "highway": "residential", "length": 916.0, "risk_tier": "low", "zone_type": "sinkhole" }, "geometry": { "type": "MultiLineString", "coordinates": [ [ [ -86.4121618, 36.9403518 ], [ -86.4120839, 36.9403224 ] ], [ [ -86.4120839, 36.9403224 ], [ -86.4119554, 36.9402754 ] ], [ [ -86.4119554, 36.9402754 ], [ -86.411854, 36.9402283 ] ], [ [ -86.411854, 36.9402283 ], [ -86.4118116, 36.9401727 ] ], [ [ -86.4118116, 36.9401727 ], [ -86.4117462, 36.9400821 ] ], [ [ -86.4117462, 36.9400821 ], [ -86.4116983, 36.9400003 ] ], [ [ -86.4116983, 36.9400003 ], [ -86.4116416, 36.9398662 ] ], [ [ -86.4116416, 36.9398662 ], [ -86.4116026, 36.9397992 ] ], [ [ -86.4116026, 36.9397992 ], [ -86.4115131, 36.9397426 ] ], [ [ -86.4115131, 36.9397426 ], [ -86.4113955, 36.9396868 ] ], [ [ -86.4113955, 36.9396868 ], [ -86.4112124, 36.9396137 ] ], [ [ -86.4112124, 36.9396137 ], [ -86.4110229, 36.9395441 ] ], [ [ -86.4110229, 36.9395441 ], [ -86.41086390000001, 36.9394936 ] ], [ [ -86.41086390000001, 36.9394936 ], [ -86.410750600000014, 36.9394761 ] ], [ [ -86.410750600000014, 36.9394761 ], [ -86.410600300000013, 36.9394936 ] ], [ [ -86.410600300000013, 36.9394936 ], [ -86.4104477, 36.9395388 ] ], [ [ -86.4104477, 36.9395388 ], [ -86.4102996, 36.939612 ] ], [ [ -86.4102996, 36.939612 ], [ -86.4102016, 36.9397286 ] ], [ [ -86.4102016, 36.9397286 ], [ -86.4101384, 36.93986970000001 ] ], [ [ -86.4101384, 36.93986970000001 ], [ -86.4101013, 36.9399898 ] ], [ [ -86.4101013, 36.9399898 ], [ -86.4099723, 36.9404013 ] ], [ [ -86.4099723, 36.9404013 ], [ -86.4096112, 36.9403625 ] ], [ [ -86.4096112, 36.9403625 ], [ -86.4088669, 36.9402913 ] ], [ [ -86.4088669, 36.9402913 ], [ -86.4088439, 36.940458199999988 ] ], [ [ -86.4088439, 36.940458199999988 ], [ -86.4087836, 36.9408506 ] ], [ [ -86.4087836, 36.9408506 ], [ -86.4087165, 36.9413351 ] ], [ [ -86.4087165, 36.9413351 ], [ -86.4086351, 36.9417877 ] ], [ [ -86.4086351, 36.9417877 ], [ -86.4086209, 36.9418938 ] ], [ [ -86.4086209, 36.9418938 ], [ -86.4086209, 36.941973 ] ], [ [ -86.4086209, 36.941973 ], [ -86.4086333, 36.9420281 ] ], [ [ -86.4086333, 36.9420281 ], [ -86.4086811, 36.9420918 ] ], [ [ -86.4086811, 36.9420918 ], [ -86.4087324, 36.9421526 ] ], [ [ -86.4087324, 36.9421526 ], [ -86.4087908, 36.942195 ] ], [ [ -86.4087908, 36.942195 ], [ -86.4088421, 36.942223299999988 ] ], [ [ -86.4088421, 36.942223299999988 ], [ -86.4089112, 36.9422403 ] ], [ [ -86.4089112, 36.9422403 ], [ -86.4090775, 36.9422601 ] ], [ [ -86.4090775, 36.9422601 ], [ -86.4094987, 36.9423053 ] ], [ [ -86.4094987, 36.9423053 ], [ -86.4095641, 36.9422969 ] ], [ [ -86.4095641, 36.9422969 ], [ -86.4096579, 36.9422544 ] ], [ [ -86.4096579, 36.9422544 ], [ -86.4097641, 36.9421894 ] ], [ [ -86.4097641, 36.9421894 ], [ -86.409819, 36.942139899999987 ] ], [ [ -86.409819, 36.942139899999987 ], [ -86.4098402, 36.9420805 ] ], [ [ -86.4098402, 36.9420805 ], [ -86.4098968, 36.9417014 ] ], [ [ -86.4098968, 36.9417014 ], [ -86.409948, 36.941370100000015 ] ], [ [ -86.409948, 36.941370100000015 ], [ -86.4100083, 36.9409801 ] ], [ [ -86.4100083, 36.9409801 ], [ -86.4100065, 36.9409065 ] ], [ [ -86.4100065, 36.9409065 ], [ -86.4099941, 36.9408231 ] ], [ [ -86.4099941, 36.9408231 ], [ -86.4099835, 36.9407453 ] ], [ [ -86.4099835, 36.9407453 ], [ -86.4099605, 36.9406223 ] ], [ [ -86.4099605, 36.9406223 ], [ -86.4099552, 36.9405586 ] ], [ [ -86.4099552, 36.9405586 ], [ -86.4099723, 36.9404013 ] ] ] } },
{ "type": "Feature", "properties": { "name": "Bryant Way", "highway": "tertiary", "length": 330.0, "risk_tier": "low", "zone_type": "sinkhole" }, "geometry": { "type": "MultiLineString", "coordinates": [ [ [ -86.4214321, 36.9495775 ], [ -86.42065, 36.949792 ] ], [ [ -86.42065, 36.949792 ], [ -86.42037, 36.949869 ] ], [ [ -86.42037, 36.949869 ], [ -86.419469, 36.95011 ] ], [ [ -86.419469, 36.95011 ], [ -86.418939200000011, 36.9502614 ] ], [ [ -86.418939200000011, 36.9502614 ], [ -86.418517, 36.950382 ] ], [ [ -86.418517, 36.950382 ], [ -86.417919, 36.950551099999984 ] ] ] } },
{ "type": "Feature", "properties": { "name": "Boone Court", "highway": "residential", "length": 108.0, "risk_tier": "low", "zone_type": "sinkhole" }, "geometry": { "type": "MultiLineString", "coordinates": [ [ [ -86.4554051, 36.9638837 ], [ -86.4551327, 36.964274 ] ], [ [ -86.4551327, 36.964274 ], [ -86.454949, 36.964525 ] ], [ [ -86.454949, 36.964525 ], [ -86.454895, 36.964576 ] ], [ [ -86.454895, 36.964576 ], [ -86.454833, 36.964617 ] ], [ [ -86.454833, 36.964617 ], [ -86.454763, 36.964646 ] ], [ [ -86.454763, 36.964646 ], [ -86.454714, 36.964656 ] ] ] } },
{ "type": "Feature", "properties": { "name": "Cheyenne Drive", "highway": "residential", "length": 1043.0, "risk_tier": "low", "zone_type": "sinkhole" }, "geometry": { "type": "MultiLineString", "coordinates": [ [ [ -86.4588951, 36.945802 ], [ -86.458837, 36.946161 ] ], [ [ -86.458837, 36.946161 ], [ -86.458671, 36.947561 ] ], [ [ -86.458671, 36.947561 ], [ -86.458614, 36.948093 ] ], [ [ -86.458614, 36.948093 ], [ -86.458589, 36.948507 ] ], [ [ -86.458589, 36.948507 ], [ -86.458584, 36.948645 ] ], [ [ -86.458584, 36.948645 ], [ -86.458575, 36.948771 ] ], [ [ -86.458575, 36.948771 ], [ -86.458571, 36.94883 ] ], [ [ -86.458571, 36.94883 ], [ -86.458553, 36.948978 ] ], [ [ -86.458553, 36.948978 ], [ -86.458511, 36.949316 ] ], [ [ -86.458511, 36.949316 ], [ -86.458484, 36.949472 ] ], [ [ -86.458484, 36.949472 ], [ -86.458365, 36.950116 ] ], [ [ -86.458365, 36.950116 ], [ -86.458281, 36.950716 ] ], [ [ -86.458281, 36.950716 ], [ -86.458202, 36.951206 ] ], [ [ -86.458202, 36.951206 ], [ -86.458097, 36.951782 ] ], [ [ -86.458097, 36.951782 ], [ -86.45806, 36.952052 ] ], [ [ -86.45806, 36.952052 ], [ -86.457937, 36.95276 ] ], [ [ -86.457937, 36.95276 ], [ -86.457909, 36.952904 ] ], [ [ -86.457909, 36.952904 ], [ -86.457721, 36.954145 ] ], [ [ -86.457721, 36.954145 ], [ -86.457658, 36.954454 ] ], [ [ -86.457658, 36.954454 ], [ -86.457609, 36.954813 ] ], [ [ -86.457609, 36.954813 ], [ -86.457573, 36.954995 ] ], [ [ -86.457573, 36.954995 ], [ -86.457633, 36.95511 ] ] ] } },
{ "type": "Feature", "properties": { "name": "Cheyenne Drive", "highway": "residential", "length": 1043.0, "risk_tier": "low", "zone_type": "sinkhole" }, "geometry": { "type": "MultiLineString", "coordinates": [ [ [ -86.4588951, 36.945802 ], [ -86.458837, 36.946161 ] ], [ [ -86.458837, 36.946161 ], [ -86.458671, 36.947561 ] ], [ [ -86.458671, 36.947561 ], [ -86.458614, 36.948093 ] ], [ [ -86.458614, 36.948093 ], [ -86.458589, 36.948507 ] ], [ [ -86.458589, 36.948507 ], [ -86.458584, 36.948645 ] ], [ [ -86.458584, 36.948645 ], [ -86.458575, 36.948771 ] ], [ [ -86.458575, 36.948771 ], [ -86.458571, 36.94883 ] ], [ [ -86.458571, 36.94883 ], [ -86.458553, 36.948978 ] ], [ [ -86.458553, 36.948978 ], [ -86.458511, 36.949316 ] ], [ [ -86.458511, 36.949316 ], [ -86.458484, 36.949472 ] ], [ [ -86.458484, 36.949472 ], [ -86.458365, 36.950116 ] ], [ [ -86.458365, 36.950116 ], [ -86.458281, 36.950716 ] ], [ [ -86.458281, 36.950716 ], [ -86.458202, 36.951206 ] ], [ [ -86.458202, 36.951206 ], [ -86.458097, 36.951782 ] ], [ [ -86.458097, 36.951782 ], [ -86.45806, 36.952052 ] ], [ [ -86.45806, 36.952052 ], [ -86.457937, 36.95276 ] ], [ [ -86.457937, 36.95276 ], [ -86.457909, 36.952904 ] ], [ [ -86.457909, 36.952904 ], [ -86.457721, 36.954145 ] ], [ [ -86.457721, 36.954145 ], [ -86.457658, 36.954454 ] ], [ [ -86.457658, 36.954454 ], [ -86.457609, 36.954813 ] ], [ [ -86.457609, 36.954813 ], [ -86.457573, 36.954995 ] ], [ [ -86.457573, 36.954995 ], [ -86.457633, 36.95511 ] ] ] } },
{ "type": "Feature", "properties": { "name": "Lost Circle", "highway": "residential", "length": 581.0, "risk_tier": "low", "zone_type": "sinkhole" }, "geometry": { "type": "MultiLineString", "coordinates": [ [ [ -86.473474, 36.957985 ], [ -86.47333, 36.958178 ] ], [ [ -86.47333, 36.958178 ], [ -86.473289, 36.95824 ] ], [ [ -86.473289, 36.95824 ], [ -86.473259, 36.958306 ] ], [ [ -86.473259, 36.958306 ], [ -86.473249, 36.958371 ] ], [ [ -86.473249, 36.958371 ], [ -86.4732527, 36.9583887 ] ], [ [ -86.4732527, 36.9583887 ], [ -86.473261, 36.958429 ] ], [ [ -86.473261, 36.958429 ], [ -86.4732681, 36.9584383 ] ], [ [ -86.4732681, 36.9584383 ], [ -86.473295, 36.958474 ] ], [ [ -86.473295, 36.958474 ], [ -86.473348, 36.958504 ] ], [ [ -86.473348, 36.958504 ], [ -86.473418, 36.958522 ] ], [ [ -86.473418, 36.958522 ], [ -86.4735, 36.958536 ] ], [ [ -86.4735, 36.958536 ], [ -86.474902, 36.958746 ] ], [ [ -86.474902, 36.958746 ], [ -86.4750914, 36.9587779 ] ], [ [ -86.4750914, 36.9587779 ], [ -86.4752205, 36.9587993 ] ], [ [ -86.4752205, 36.9587993 ], [ -86.47528, 36.958806 ] ], [ [ -86.47528, 36.958806 ], [ -86.475354, 36.958799 ] ], [ [ -86.475354, 36.958799 ], [ -86.4753738, 36.9587898 ] ], [ [ -86.4753738, 36.9587898 ], [ -86.475419, 36.958769 ] ], [ [ -86.475419, 36.958769 ], [ -86.475475, 36.958723 ] ], [ [ -86.475475, 36.958723 ], [ -86.4756407, 36.9585527 ] ], [ [ -86.4756407, 36.9585527 ], [ -86.475693, 36.958499 ] ], [ [ -86.475693, 36.958499 ], [ -86.475734, 36.958448 ] ], [ [ -86.475734, 36.958448 ], [ -86.475761, 36.958399 ] ], [ [ -86.475761, 36.958399 ], [ -86.475766, 36.958346 ] ], [ [ -86.475766, 36.958346 ], [ -86.475742, 36.958297 ] ], [ [ -86.475742, 36.958297 ], [ -86.475696, 36.95826 ] ], [ [ -86.475696, 36.95826 ], [ -86.475633, 36.958227 ] ], [ [ -86.475633, 36.958227 ], [ -86.475478, 36.958151 ] ], [ [ -86.475478, 36.958151 ], [ -86.4753008, 36.9580599 ] ], [ [ -86.4753008, 36.9580599 ], [ -86.475068, 36.9579401 ] ], [ [ -86.475068, 36.9579401 ], [ -86.475021, 36.957916 ] ], [ [ -86.475021, 36.957916 ], [ -86.474236, 36.957528 ] ], [ [ -86.474236, 36.957528 ], [ -86.474057, 36.957445 ] ], [ [ -86.474057, 36.957445 ], [ -86.473977, 36.957414 ] ], [ [ -86.473977, 36.957414 ], [ -86.473964, 36.957414 ] ], [ [ -86.473964, 36.957414 ], [ -86.473876, 36.957477 ] ], [ [ -86.473876, 36.957477 ], [ -86.473774, 36.957587 ] ], [ [ -86.473774, 36.957587 ], [ -86.473717, 36.957659 ] ], [ [ -86.473717, 36.957659 ], [ -86.473474, 36.957985 ] ] ] } },
{ "type": "Feature", "properties": { "name": "Lost Circle", "highway": "residential", "length": 581.0, "risk_tier": "low", "zone_type": "sinkhole" }, "geometry": { "type": "MultiLineString", "coordinates": [ [ [ -86.473474, 36.957985 ], [ -86.47333, 36.958178 ] ], [ [ -86.47333, 36.958178 ], [ -86.473289, 36.95824 ] ], [ [ -86.473289, 36.95824 ], [ -86.473259, 36.958306 ] ], [ [ -86.473259, 36.958306 ], [ -86.473249, 36.958371 ] ], [ [ -86.473249, 36.958371 ], [ -86.4732527, 36.9583887 ] ], [ [ -86.4732527, 36.9583887 ], [ -86.473261, 36.958429 ] ], [ [ -86.473261, 36.958429 ], [ -86.4732681, 36.9584383 ] ], [ [ -86.4732681, 36.9584383 ], [ -86.473295, 36.958474 ] ], [ [ -86.473295, 36.958474 ], [ -86.473348, 36.958504 ] ], [ [ -86.473348, 36.958504 ], [ -86.473418, 36.958522 ] ], [ [ -86.473418, 36.958522 ], [ -86.4735, 36.958536 ] ], [ [ -86.4735, 36.958536 ], [ -86.474902, 36.958746 ] ], [ [ -86.474902, 36.958746 ], [ -86.4750914, 36.9587779 ] ], [ [ -86.4750914, 36.9587779 ], [ -86.4752205, 36.9587993 ] ], [ [ -86.4752205, 36.9587993 ], [ -86.47528, 36.958806 ] ], [ [ -86.47528, 36.958806 ], [ -86.475354, 36.958799 ] ], [ [ -86.475354, 36.958799 ], [ -86.4753738, 36.9587898 ] ], [ [ -86.4753738, 36.9587898 ], [ -86.475419, 36.958769 ] ], [ [ -86.475419, 36.958769 ], [ -86.475475, 36.958723 ] ], [ [ -86.475475, 36.958723 ], [ -86.4756407, 36.9585527 ] ], [ [ -86.4756407, 36.9585527 ], [ -86.475693, 36.958499 ] ], [ [ -86.475693, 36.958499 ], [ -86.475734, 36.958448 ] ], [ [ -86.475734, 36.958448 ], [ -86.475761, 36.958399 ] ], [ [ -86.475761, 36.958399 ], [ -86.475766, 36.958346 ] ], [ [ -86.475766, 36.958346 ], [ -86.475742, 36.958297 ] ], [ [ -86.475742, 36.958297 ], [ -86.475696, 36.95826 ] ], [ [ -86.475696, 36.95826 ], [ -86.475633, 36.958227 ] ], [ [ -86.475633, 36.958227 ], [ -86.475478, 36.958151 ] ], [ [ -86.475478, 36.958151 ], [ -86.4753008, 36.9580599 ] ], [ [ -86.4753008, 36.9580599 ], [ -86.475068, 36.9579401 ] ], [ [ -86.475068, 36.9579401 ], [ -86.475021, 36.957916 ] ], [ [ -86.475021, 36.957916 ], [ -86.474236, 36.957528 ] ], [ [ -86.474236, 36.957528 ], [ -86.474057, 36.957445 ] ], [ [ -86.474057, 36.957445 ], [ -86.473977, 36.957414 ] ], [ [ -86.473977, 36.957414 ], [ -86.473964, 36.957414 ] ], [ [ -86.473964, 36.957414 ], [ -86.473876, 36.957477 ] ], [ [ -86.473876, 36.957477 ], [ -86.473774, 36.957587 ] ], [ [ -86.473774, 36.957587 ], [ -86.473717, 36.957659 ] ], [ [ -86.473717, 36.957659 ], [ -86.473474, 36.957985 ] ] ] } },
{ "type": "Feature", "properties": { "name": "Nashville Road", "highway": "primary", "length": 1035.0, "risk_tier": "low", "zone_type": "sinkhole" }, "geometry": { "type": "MultiLineString", "coordinates": [ [ [ -86.4922908, 36.93112779999997 ], [ -86.4902293, 36.93217060000002 ] ], [ [ -86.4902293, 36.93217060000002 ], [ -86.4901902, 36.9321962 ] ], [ [ -86.4901902, 36.9321962 ], [ -86.4897313, 36.932497 ] ], [ [ -86.4897313, 36.932497 ], [ -86.4894002, 36.932739800000022 ] ], [ [ -86.4894002, 36.932739800000022 ], [ -86.4892836, 36.932849 ] ], [ [ -86.4892836, 36.932849 ], [ -86.4890068, 36.933108 ] ], [ [ -86.4890068, 36.933108 ], [ -86.4886103, 36.933520399999985 ] ], [ [ -86.4886103, 36.933520399999985 ], [ -86.4885834, 36.933548400000014 ] ], [ [ -86.4885834, 36.933548400000014 ], [ -86.4885437, 36.933589599999983 ] ], [ [ -86.4885437, 36.933589599999983 ], [ -86.488071, 36.934272 ] ], [ [ -86.488071, 36.934272 ], [ -86.487392, 36.935171 ] ], [ [ -86.487392, 36.935171 ], [ -86.485393, 36.937984 ] ], [ [ -86.485393, 36.937984 ], [ -86.485194, 36.938266 ] ] ] } },
{ "type": "Feature", "properties": { "name": "Nashville Road", "highway": "primary", "length": 1035.0, "risk_tier": "low", "zone_type": "sinkhole" }, "geometry": { "type": "MultiLineString", "coordinates": [ [ [ -86.4922908, 36.93112779999997 ], [ -86.4902293, 36.93217060000002 ] ], [ [ -86.4902293, 36.93217060000002 ], [ -86.4901902, 36.9321962 ] ], [ [ -86.4901902, 36.9321962 ], [ -86.4897313, 36.932497 ] ], [ [ -86.4897313, 36.932497 ], [ -86.4894002, 36.932739800000022 ] ], [ [ -86.4894002, 36.932739800000022 ], [ -86.4892836, 36.932849 ] ], [ [ -86.4892836, 36.932849 ], [ -86.4890068, 36.933108 ] ], [ [ -86.4890068, 36.933108 ], [ -86.4886103, 36.933520399999985 ] ], [ [ -86.4886103, 36.933520399999985 ], [ -86.4885834, 36.933548400000014 ] ], [ [ -86.4885834, 36.933548400000014 ], [ -86.4885437, 36.933589599999983 ] ], [ [ -86.4885437, 36.933589599999983 ], [ -86.488071, 36.934272 ] ], [ [ -86.488071, 36.934272 ], [ -86.487392, 36.935171 ] ], [ [ -86.487392, 36.935171 ], [ -86.485393, 36.937984 ] ], [ [ -86.485393, 36.937984 ], [ -86.485194, 36.938266 ] ] ] } },
{ "type": "Feature", "properties": { "name": "Flex Park Lane", "highway": "unclassified", "length": 551.0, "risk_tier": "low", "zone_type": "sinkhole" }, "geometry": { "type": "MultiLineString", "coordinates": [ [ [ -86.4980372, 36.9300427 ], [ -86.4984081, 36.9297463 ] ], [ [ -86.4984081, 36.9297463 ], [ -86.4986312, 36.929568 ] ], [ [ -86.4986312, 36.929568 ], [ -86.4987033, 36.9294915 ] ], [ [ -86.4987033, 36.9294915 ], [ -86.4988496, 36.9293365 ] ], [ [ -86.4988496, 36.9293365 ], [ -86.4989656, 36.9291492 ] ], [ [ -86.4989656, 36.9291492 ], [ -86.4989782, 36.9291288 ] ], [ [ -86.4989782, 36.9291288 ], [ -86.4990792, 36.928976 ] ], [ [ -86.4990792, 36.928976 ], [ -86.4996935, 36.9280473 ] ], [ [ -86.4996935, 36.9280473 ], [ -86.4997506, 36.9279587 ] ], [ [ -86.4997506, 36.9279587 ], [ -86.4998811, 36.9277564 ] ], [ [ -86.4998811, 36.9277564 ], [ -86.4999238, 36.927690300000023 ] ], [ [ -86.4999238, 36.927690300000023 ], [ -86.4999404, 36.9276645 ] ], [ [ -86.4999404, 36.9276645 ], [ -86.5000928, 36.9274282 ] ], [ [ -86.5000928, 36.9274282 ], [ -86.5004121, 36.9269239 ] ], [ [ -86.5004121, 36.9269239 ], [ -86.5006756, 36.926566499999986 ] ], [ [ -86.5006756, 36.926566499999986 ], [ -86.5008752, 36.926362199999986 ] ], [ [ -86.5008752, 36.926362199999986 ], [ -86.5009275, 36.926324 ] ], [ [ -86.5009275, 36.926324 ], [ -86.5014293, 36.9259573 ] ] ] } },
{ "type": "Feature", "properties": { "name": null, "highway": "residential", "length": 203.0, "risk_tier": "low", "zone_type": "sinkhole" }, "geometry": { "type": "MultiLineString", "coordinates": [ [ [ -86.4689467, 36.9466651 ], [ -86.4690772, 36.9464962 ] ], [ [ -86.4690772, 36.9464962 ], [ -86.4684931, 36.946215899999984 ] ], [ [ -86.4684931, 36.946215899999984 ], [ -86.4682971, 36.9464868 ] ], [ [ -86.4682971, 36.9464868 ], [ -86.4679244, 36.9463233 ] ], [ [ -86.4679244, 36.9463233 ], [ -86.4675262, 36.9461442 ] ], [ [ -86.4675262, 36.9461442 ], [ -86.4674586, 36.9461158 ] ] ] } },
{ "type": "Feature", "properties": { "name": null, "highway": "residential", "length": 203.0, "risk_tier": "low", "zone_type": "sinkhole" }, "geometry": { "type": "MultiLineString", "coordinates": [ [ [ -86.4689467, 36.9466651 ], [ -86.4690772, 36.9464962 ] ], [ [ -86.4690772, 36.9464962 ], [ -86.4684931, 36.946215899999984 ] ], [ [ -86.4684931, 36.946215899999984 ], [ -86.4682971, 36.9464868 ] ], [ [ -86.4682971, 36.9464868 ], [ -86.4679244, 36.9463233 ] ], [ [ -86.4679244, 36.9463233 ], [ -86.4675262, 36.9461442 ] ], [ [ -86.4675262, 36.9461442 ], [ -86.4674586, 36.9461158 ] ] ] } },
{ "type": "Feature", "properties": { "name": null, "highway": "residential", "length": 70.0, "risk_tier": "low", "zone_type": "sinkhole" }, "geometry": { "type": "LineString", "coordinates": [ [ -86.4024275, 36.9126349 ], [ -86.4017274, 36.912926500000012 ] ] } },
{ "type": "Feature", "properties": { "name": "Rugby Drive", "highway": "residential", "length": 70.0, "risk_tier": "low", "zone_type": "sinkhole" }, "geometry": { "type": "LineString", "coordinates": [ [ -86.4024275, 36.9126349 ], [ -86.4017274, 36.912926500000012 ] ] } },
{ "type": "Feature", "properties": { "name": "Rugby Drive", "highway": "residential", "length": 122.0, "risk_tier": "low", "zone_type": "sinkhole" }, "geometry": { "type": "MultiLineString", "coordinates": [ [ [ -86.4121886, 36.930429 ], [ -86.4123277, 36.9305936 ] ], [ [ -86.4123277, 36.9305936 ], [ -86.4126792, 36.9310094 ] ], [ [ -86.4126792, 36.9310094 ], [ -86.4127401, 36.9310815 ] ], [ [ -86.4127401, 36.9310815 ], [ -86.4127757, 36.9311235 ] ], [ [ -86.4127757, 36.9311235 ], [ -86.4129117, 36.9313561 ] ] ] } },
{ "type": "Feature", "properties": { "name": "Rugby Drive", "highway": "residential", "length": 122.0, "risk_tier": "low", "zone_type": "sinkhole" }, "geometry": { "type": "MultiLineString", "coordinates": [ [ [ -86.4121886, 36.930429 ], [ -86.4123277, 36.9305936 ] ], [ [ -86.4123277, 36.9305936 ], [ -86.4126792, 36.9310094 ] ], [ [ -86.4126792, 36.9310094 ], [ -86.4127401, 36.9310815 ] ], [ [ -86.4127401, 36.9310815 ], [ -86.4127757, 36.9311235 ] ], [ [ -86.4127757, 36.9311235 ], [ -86.4129117, 36.9313561 ] ] ] } },
{ "type": "Feature", "properties": { "name": "Rugby Drive", "highway": "residential", "length": 122.0, "risk_tier": "low", "zone_type": "sinkhole" }, "geometry": { "type": "MultiLineString", "coordinates": [ [ [ -86.4121886, 36.930429 ], [ -86.4123277, 36.9305936 ] ], [ [ -86.4123277, 36.9305936 ], [ -86.4126792, 36.9310094 ] ], [ [ -86.4126792, 36.9310094 ], [ -86.4127401, 36.9310815 ] ], [ [ -86.4127401, 36.9310815 ], [ -86.4127757, 36.9311235 ] ], [ [ -86.4127757, 36.9311235 ], [ -86.4129117, 36.9313561 ] ] ] } },
{ "type": "Feature", "properties": { "name": "Rugby Drive", "highway": "residential", "length": 122.0, "risk_tier": "low", "zone_type": "sinkhole" }, "geometry": { "type": "MultiLineString", "coordinates": [ [ [ -86.4121886, 36.930429 ], [ -86.4123277, 36.9305936 ] ], [ [ -86.4123277, 36.9305936 ], [ -86.4126792, 36.9310094 ] ], [ [ -86.4126792, 36.9310094 ], [ -86.4127401, 36.9310815 ] ], [ [ -86.4127401, 36.9310815 ], [ -86.4127757, 36.9311235 ] ], [ [ -86.4127757, 36.9311235 ], [ -86.4129117, 36.9313561 ] ] ] } },
{ "type": "Feature", "properties": { "name": "No 1 Fruit of the Loom Drive", "highway": "unclassified", "length": 803.0, "risk_tier": "low", "zone_type": "sinkhole" }, "geometry": { "type": "MultiLineString", "coordinates": [ [ [ -86.410879, 36.957051 ], [ -86.410903, 36.956906 ] ], [ [ -86.410903, 36.956906 ], [ -86.410992900000011, 36.9563395 ] ], [ [ -86.410992900000011, 36.9563395 ], [ -86.411021, 36.956162 ] ], [ [ -86.411021, 36.956162 ], [ -86.411046, 36.956026 ] ], [ [ -86.411046, 36.956026 ], [ -86.4110915, 36.9557515 ] ], [ [ -86.4110915, 36.9557515 ], [ -86.4113456, 36.9542195 ] ], [ [ -86.4113456, 36.9542195 ], [ -86.411465, 36.953483 ] ], [ [ -86.411465, 36.953483 ], [ -86.411472, 36.953379 ] ], [ [ -86.411472, 36.953379 ], [ -86.411471, 36.953272 ] ], [ [ -86.411471, 36.953272 ], [ -86.411448, 36.953079 ] ], [ [ -86.411448, 36.953079 ], [ -86.4114516, 36.9530311 ] ], [ [ -86.4114516, 36.9530311 ], [ -86.411465, 36.952853 ] ], [ [ -86.411465, 36.952853 ], [ -86.411534, 36.952707 ] ], [ [ -86.411534, 36.952707 ], [ -86.411577, 36.952626 ] ], [ [ -86.411577, 36.952626 ], [ -86.411614, 36.952538 ] ], [ [ -86.411614, 36.952538 ], [ -86.411638, 36.95244 ] ], [ [ -86.411638, 36.95244 ], [ -86.411692, 36.951851 ] ], [ [ -86.411692, 36.951851 ], [ -86.411705, 36.951745 ] ], [ [ -86.411705, 36.951745 ], [ -86.411734, 36.951633 ] ], [ [ -86.411734, 36.951633 ], [ -86.4117992, 36.9513446 ] ], [ [ -86.4117992, 36.9513446 ], [ -86.411859, 36.95108 ] ], [ [ -86.411859, 36.95108 ], [ -86.411951, 36.950574 ] ], [ [ -86.411951, 36.950574 ], [ -86.411972, 36.950483 ] ], [ [ -86.411972, 36.950483 ], [ -86.41199, 36.950372 ] ], [ [ -86.41199, 36.950372 ], [ -86.4119998, 36.9502103 ] ], [ [ -86.4119998, 36.9502103 ], [ -86.4120706, 36.9499116 ] ] ] } },
{ "type": "Feature", "properties": { "name": "No 1 Fruit of the Loom Drive", "highway": "unclassified", "length": 803.0, "risk_tier": "low", "zone_type": "sinkhole" }, "geometry": { "type": "MultiLineString", "coordinates": [ [ [ -86.410879, 36.957051 ], [ -86.410903, 36.956906 ] ], [ [ -86.410903, 36.956906 ], [ -86.410992900000011, 36.9563395 ] ], [ [ -86.410992900000011, 36.9563395 ], [ -86.411021, 36.956162 ] ], [ [ -86.411021, 36.956162 ], [ -86.411046, 36.956026 ] ], [ [ -86.411046, 36.956026 ], [ -86.4110915, 36.9557515 ] ], [ [ -86.4110915, 36.9557515 ], [ -86.4113456, 36.9542195 ] ], [ [ -86.4113456, 36.9542195 ], [ -86.411465, 36.953483 ] ], [ [ -86.411465, 36.953483 ], [ -86.411472, 36.953379 ] ], [ [ -86.411472, 36.953379 ], [ -86.411471, 36.953272 ] ], [ [ -86.411471, 36.953272 ], [ -86.411448, 36.953079 ] ], [ [ -86.411448, 36.953079 ], [ -86.4114516, 36.9530311 ] ], [ [ -86.4114516, 36.9530311 ], [ -86.411465, 36.952853 ] ], [ [ -86.411465, 36.952853 ], [ -86.411534, 36.952707 ] ], [ [ -86.411534, 36.952707 ], [ -86.411577, 36.952626 ] ], [ [ -86.411577, 36.952626 ], [ -86.411614, 36.952538 ] ], [ [ -86.411614, 36.952538 ], [ -86.411638, 36.95244 ] ], [ [ -86.411638, 36.95244 ], [ -86.411692, 36.951851 ] ], [ [ -86.411692, 36.951851 ], [ -86.411705, 36.951745 ] ], [ [ -86.411705, 36.951745 ], [ -86.411734, 36.951633 ] ], [ [ -86.411734, 36.951633 ], [ -86.4117992, 36.9513446 ] ], [ [ -86.4117992, 36.9513446 ], [ -86.411859, 36.95108 ] ], [ [ -86.411859, 36.95108 ], [ -86.411951, 36.950574 ] ], [ [ -86.411951, 36.950574 ], [ -86.411972, 36.950483 ] ], [ [ -86.411972, 36.950483 ], [ -86.41199, 36.950372 ] ], [ [ -86.41199, 36.950372 ], [ -86.4119998, 36.9502103 ] ], [ [ -86.4119998, 36.9502103 ], [ -86.4120706, 36.9499116 ] ] ] } },
{ "type": "Feature", "properties": { "name": "No 1 Fruit of the Loom Drive", "highway": "unclassified", "length": 803.0, "risk_tier": "low", "zone_type": "sinkhole" }, "geometry": { "type": "MultiLineString", "coordinates": [ [ [ -86.410879, 36.957051 ], [ -86.410903, 36.956906 ] ], [ [ -86.410903, 36.956906 ], [ -86.410992900000011, 36.9563395 ] ], [ [ -86.410992900000011, 36.9563395 ], [ -86.411021, 36.956162 ] ], [ [ -86.411021, 36.956162 ], [ -86.411046, 36.956026 ] ], [ [ -86.411046, 36.956026 ], [ -86.4110915, 36.9557515 ] ], [ [ -86.4110915, 36.9557515 ], [ -86.4113456, 36.9542195 ] ], [ [ -86.4113456, 36.9542195 ], [ -86.411465, 36.953483 ] ], [ [ -86.411465, 36.953483 ], [ -86.411472, 36.953379 ] ], [ [ -86.411472, 36.953379 ], [ -86.411471, 36.953272 ] ], [ [ -86.411471, 36.953272 ], [ -86.411448, 36.953079 ] ], [ [ -86.411448, 36.953079 ], [ -86.4114516, 36.9530311 ] ], [ [ -86.4114516, 36.9530311 ], [ -86.411465, 36.952853 ] ], [ [ -86.411465, 36.952853 ], [ -86.411534, 36.952707 ] ], [ [ -86.411534, 36.952707 ], [ -86.411577, 36.952626 ] ], [ [ -86.411577, 36.952626 ], [ -86.411614, 36.952538 ] ], [ [ -86.411614, 36.952538 ], [ -86.411638, 36.95244 ] ], [ [ -86.411638, 36.95244 ], [ -86.411692, 36.951851 ] ], [ [ -86.411692, 36.951851 ], [ -86.411705, 36.951745 ] ], [ [ -86.411705, 36.951745 ], [ -86.411734, 36.951633 ] ], [ [ -86.411734, 36.951633 ], [ -86.4117992, 36.9513446 ] ], [ [ -86.4117992, 36.9513446 ], [ -86.411859, 36.95108 ] ], [ [ -86.411859, 36.95108 ], [ -86.411951, 36.950574 ] ], [ [ -86.411951, 36.950574 ], [ -86.411972, 36.950483 ] ], [ [ -86.411972, 36.950483 ], [ -86.41199, 36.950372 ] ], [ [ -86.41199, 36.950372 ], [ -86.4119998, 36.9502103 ] ], [ [ -86.4119998, 36.9502103 ], [ -86.4120706, 36.9499116 ] ] ] } },
{ "type": "Feature", "properties": { "name": "No 1 Fruit of the Loom Drive", "highway": "unclassified", "length": 803.0, "risk_tier": "low", "zone_type": "sinkhole" }, "geometry": { "type": "MultiLineString", "coordinates": [ [ [ -86.410879, 36.957051 ], [ -86.410903, 36.956906 ] ], [ [ -86.410903, 36.956906 ], [ -86.410992900000011, 36.9563395 ] ], [ [ -86.410992900000011, 36.9563395 ], [ -86.411021, 36.956162 ] ], [ [ -86.411021, 36.956162 ], [ -86.411046, 36.956026 ] ], [ [ -86.411046, 36.956026 ], [ -86.4110915, 36.9557515 ] ], [ [ -86.4110915, 36.9557515 ], [ -86.4113456, 36.9542195 ] ], [ [ -86.4113456, 36.9542195 ], [ -86.411465, 36.953483 ] ], [ [ -86.411465, 36.953483 ], [ -86.411472, 36.953379 ] ], [ [ -86.411472, 36.953379 ], [ -86.411471, 36.953272 ] ], [ [ -86.411471, 36.953272 ], [ -86.411448, 36.953079 ] ], [ [ -86.411448, 36.953079 ], [ -86.4114516, 36.9530311 ] ], [ [ -86.4114516, 36.9530311 ], [ -86.411465, 36.952853 ] ], [ [ -86.411465, 36.952853 ], [ -86.411534, 36.952707 ] ], [ [ -86.411534, 36.952707 ], [ -86.411577, 36.952626 ] ], [ [ -86.411577, 36.952626 ], [ -86.411614, 36.952538 ] ], [ [ -86.411614, 36.952538 ], [ -86.411638, 36.95244 ] ], [ [ -86.411638, 36.95244 ], [ -86.411692, 36.951851 ] ], [ [ -86.411692, 36.951851 ], [ -86.411705, 36.951745 ] ], [ [ -86.411705, 36.951745 ], [ -86.411734, 36.951633 ] ], [ [ -86.411734, 36.951633 ], [ -86.4117992, 36.9513446 ] ], [ [ -86.4117992, 36.9513446 ], [ -86.411859, 36.95108 ] ], [ [ -86.411859, 36.95108 ], [ -86.411951, 36.950574 ] ], [ [ -86.411951, 36.950574 ], [ -86.411972, 36.950483 ] ], [ [ -86.411972, 36.950483 ], [ -86.41199, 36.950372 ] ], [ [ -86.41199, 36.950372 ], [ -86.4119998, 36.9502103 ] ], [ [ -86.4119998, 36.9502103 ], [ -86.4120706, 36.9499116 ] ] ] } },
{ "type": "Feature", "properties": { "name": "No 1 Fruit of the Loom Drive", "highway": "unclassified", "length": 803.0, "risk_tier": "low", "zone_type": "sinkhole" }, "geometry": { "type": "MultiLineString", "coordinates": [ [ [ -86.410879, 36.957051 ], [ -86.410903, 36.956906 ] ], [ [ -86.410903, 36.956906 ], [ -86.410992900000011, 36.9563395 ] ], [ [ -86.410992900000011, 36.9563395 ], [ -86.411021, 36.956162 ] ], [ [ -86.411021, 36.956162 ], [ -86.411046, 36.956026 ] ], [ [ -86.411046, 36.956026 ], [ -86.4110915, 36.9557515 ] ], [ [ -86.4110915, 36.9557515 ], [ -86.4113456, 36.9542195 ] ], [ [ -86.4113456, 36.9542195 ], [ -86.411465, 36.953483 ] ], [ [ -86.411465, 36.953483 ], [ -86.411472, 36.953379 ] ], [ [ -86.411472, 36.953379 ], [ -86.411471, 36.953272 ] ], [ [ -86.411471, 36.953272 ], [ -86.411448, 36.953079 ] ], [ [ -86.411448, 36.953079 ], [ -86.4114516, 36.9530311 ] ], [ [ -86.4114516, 36.9530311 ], [ -86.411465, 36.952853 ] ], [ [ -86.411465, 36.952853 ], [ -86.411534, 36.952707 ] ], [ [ -86.411534, 36.952707 ], [ -86.411577, 36.952626 ] ], [ [ -86.411577, 36.952626 ], [ -86.411614, 36.952538 ] ], [ [ -86.411614, 36.952538 ], [ -86.411638, 36.95244 ] ], [ [ -86.411638, 36.95244 ], [ -86.411692, 36.951851 ] ], [ [ -86.411692, 36.951851 ], [ -86.411705, 36.951745 ] ], [ [ -86.411705, 36.951745 ], [ -86.411734, 36.951633 ] ], [ [ -86.411734, 36.951633 ], [ -86.4117992, 36.9513446 ] ], [ [ -86.4117992, 36.9513446 ], [ -86.411859, 36.95108 ] ], [ [ -86.411859, 36.95108 ], [ -86.411951, 36.950574 ] ], [ [ -86.411951, 36.950574 ], [ -86.411972, 36.950483 ] ], [ [ -86.411972, 36.950483 ], [ -86.41199, 36.950372 ] ], [ [ -86.41199, 36.950372 ], [ -86.4119998, 36.9502103 ] ], [ [ -86.4119998, 36.9502103 ], [ -86.4120706, 36.9499116 ] ] ] } },
{ "type": "Feature", "properties": { "name": "No 1 Fruit of the Loom Drive", "highway": "residential", "length": 269.0, "risk_tier": "low", "zone_type": "sinkhole" }, "geometry": { "type": "MultiLineString", "coordinates": [ [ [ -86.4138667, 36.9574454 ], [ -86.4137246, 36.9574012 ] ], [ [ -86.4137246, 36.9574012 ], [ -86.4135825, 36.9573771 ] ], [ [ -86.4135825, 36.9573771 ], [ -86.4134278, 36.957355 ] ], [ [ -86.4134278, 36.957355 ], [ -86.4126698, 36.9572727 ] ], [ [ -86.4126698, 36.9572727 ], [ -86.410879, 36.957051 ] ] ] } },
{ "type": "Feature", "properties": { "name": "No 1 Fruit of the Loom Drive", "highway": "residential", "length": 269.0, "risk_tier": "low", "zone_type": "sinkhole" }, "geometry": { "type": "MultiLineString", "coordinates": [ [ [ -86.4138667, 36.9574454 ], [ -86.4137246, 36.9574012 ] ], [ [ -86.4137246, 36.9574012 ], [ -86.4135825, 36.9573771 ] ], [ [ -86.4135825, 36.9573771 ], [ -86.4134278, 36.957355 ] ], [ [ -86.4134278, 36.957355 ], [ -86.4126698, 36.9572727 ] ], [ [ -86.4126698, 36.9572727 ], [ -86.410879, 36.957051 ] ] ] } },
{ "type": "Feature", "properties": { "name": "No 1 Fruit of the Loom Drive", "highway": "residential", "length": 269.0, "risk_tier": "low", "zone_type": "sinkhole" }, "geometry": { "type": "MultiLineString", "coordinates": [ [ [ -86.4138667, 36.9574454 ], [ -86.4137246, 36.9574012 ] ], [ [ -86.4137246, 36.9574012 ], [ -86.4135825, 36.9573771 ] ], [ [ -86.4135825, 36.9573771 ], [ -86.4134278, 36.957355 ] ], [ [ -86.4134278, 36.957355 ], [ -86.4126698, 36.9572727 ] ], [ [ -86.4126698, 36.9572727 ], [ -86.410879, 36.957051 ] ] ] } },
{ "type": "Feature", "properties": { "name": "No 1 Fruit of the Loom Drive", "highway": "residential", "length": 269.0, "risk_tier": "low", "zone_type": "sinkhole" }, "geometry": { "type": "MultiLineString", "coordinates": [ [ [ -86.4138667, 36.9574454 ], [ -86.4137246, 36.9574012 ] ], [ [ -86.4137246, 36.9574012 ], [ -86.4135825, 36.9573771 ] ], [ [ -86.4135825, 36.9573771 ], [ -86.4134278, 36.957355 ] ], [ [ -86.4134278, 36.957355 ], [ -86.4126698, 36.9572727 ] ], [ [ -86.4126698, 36.9572727 ], [ -86.410879, 36.957051 ] ] ] } },
{ "type": "Feature", "properties": { "name": "No 1 Fruit of the Loom Drive", "highway": "residential", "length": 269.0, "risk_tier": "low", "zone_type": "sinkhole" }, "geometry": { "type": "MultiLineString", "coordinates": [ [ [ -86.4138667, 36.9574454 ], [ -86.4137246, 36.9574012 ] ], [ [ -86.4137246, 36.9574012 ], [ -86.4135825, 36.9573771 ] ], [ [ -86.4135825, 36.9573771 ], [ -86.4134278, 36.957355 ] ], [ [ -86.4134278, 36.957355 ], [ -86.4126698, 36.9572727 ] ], [ [ -86.4126698, 36.9572727 ], [ -86.410879, 36.957051 ] ] ] } },
{ "type": "Feature", "properties": { "name": "Wall Street", "highway": "residential", "length": 379.0, "risk_tier": "low", "zone_type": "sinkhole" }, "geometry": { "type": "MultiLineString", "coordinates": [ [ [ -86.4210281, 36.9417382 ], [ -86.4200493, 36.9420055 ] ], [ [ -86.4200493, 36.9420055 ], [ -86.4197747, 36.9420797 ] ], [ [ -86.4197747, 36.9420797 ], [ -86.419426, 36.9421782 ] ], [ [ -86.419426, 36.9421782 ], [ -86.4190905, 36.9422699 ] ], [ [ -86.4190905, 36.9422699 ], [ -86.4183837, 36.9424799 ] ], [ [ -86.4183837, 36.9424799 ], [ -86.4182109, 36.941323 ] ] ] } },
{ "type": "Feature", "properties": { "name": "Wall Street", "highway": "residential", "length": 379.0, "risk_tier": "low", "zone_type": "sinkhole" }, "geometry": { "type": "MultiLineString", "coordinates": [ [ [ -86.4210281, 36.9417382 ], [ -86.4200493, 36.9420055 ] ], [ [ -86.4200493, 36.9420055 ], [ -86.4197747, 36.9420797 ] ], [ [ -86.4197747, 36.9420797 ], [ -86.419426, 36.9421782 ] ], [ [ -86.419426, 36.9421782 ], [ -86.4190905, 36.9422699 ] ], [ [ -86.4190905, 36.9422699 ], [ -86.4183837, 36.9424799 ] ], [ [ -86.4183837, 36.9424799 ], [ -86.4182109, 36.941323 ] ] ] } },
{ "type": "Feature", "properties": { "name": "Wall Street", "highway": "residential", "length": 379.0, "risk_tier": "low", "zone_type": "sinkhole" }, "geometry": { "type": "MultiLineString", "coordinates": [ [ [ -86.4210281, 36.9417382 ], [ -86.4200493, 36.9420055 ] ], [ [ -86.4200493, 36.9420055 ], [ -86.4197747, 36.9420797 ] ], [ [ -86.4197747, 36.9420797 ], [ -86.419426, 36.9421782 ] ], [ [ -86.419426, 36.9421782 ], [ -86.4190905, 36.9422699 ] ], [ [ -86.4190905, 36.9422699 ], [ -86.4183837, 36.9424799 ] ], [ [ -86.4183837, 36.9424799 ], [ -86.4182109, 36.941323 ] ] ] } },
{ "type": "Feature", "properties": { "name": "Georgia Avenue", "highway": "residential", "length": 264.0, "risk_tier": "low", "zone_type": "sinkhole" }, "geometry": { "type": "MultiLineString", "coordinates": [ [ [ -86.403086, 36.923195 ], [ -86.40307, 36.92315 ] ], [ [ -86.40307, 36.92315 ], [ -86.402943, 36.922825 ] ], [ [ -86.402943, 36.922825 ], [ -86.402842, 36.922586 ] ], [ [ -86.402842, 36.922586 ], [ -86.402689, 36.922208 ] ], [ [ -86.402689, 36.922208 ], [ -86.402473, 36.9217 ] ], [ [ -86.402473, 36.9217 ], [ -86.402443, 36.921636 ] ], [ [ -86.402443, 36.921636 ], [ -86.402413, 36.921584 ] ], [ [ -86.402413, 36.921584 ], [ -86.402397, 36.921566 ] ], [ [ -86.402397, 36.921566 ], [ -86.402379, 36.921551 ] ], [ [ -86.402379, 36.921551 ], [ -86.402333, 36.921533 ] ], [ [ -86.402333, 36.921533 ], [ -86.40228, 36.921535 ] ], [ [ -86.40228, 36.921535 ], [ -86.401628500000015, 36.9216994 ] ] ] } },
{ "type": "Feature", "properties": { "name": "Lyda Avenue", "highway": "residential", "length": 630.0, "risk_tier": "low", "zone_type": "sinkhole" }, "geometry": { "type": "MultiLineString", "coordinates": [ [ [ -86.431892, 36.960005 ], [ -86.432215, 36.96069 ] ], [ [ -86.432215, 36.96069 ], [ -86.4322583, 36.9607965 ] ], [ [ -86.4322583, 36.9607965 ], [ -86.4324158, 36.961148599999987 ] ], [ [ -86.4324158, 36.961148599999987 ], [ -86.4327217, 36.961803 ] ], [ [ -86.4327217, 36.961803 ], [ -86.4329648, 36.962336299999976 ] ], [ [ -86.4329648, 36.962336299999976 ], [ -86.433084, 36.962578 ] ], [ [ -86.433084, 36.962578 ], [ -86.4331408, 36.9627034 ] ], [ [ -86.4331408, 36.9627034 ], [ -86.433403, 36.963282 ] ], [ [ -86.433403, 36.963282 ], [ -86.433502, 36.963516 ] ], [ [ -86.433502, 36.963516 ], [ -86.4337598, 36.9640358 ] ], [ [ -86.4337598, 36.9640358 ], [ -86.433811, 36.964139 ] ], [ [ -86.433811, 36.964139 ], [ -86.433856, 36.96422 ] ], [ [ -86.433856, 36.96422 ], [ -86.433907, 36.964299 ] ], [ [ -86.433907, 36.964299 ], [ -86.433965, 36.964374 ] ], [ [ -86.433965, 36.964374 ], [ -86.434018, 36.964426 ] ], [ [ -86.434018, 36.964426 ], [ -86.434079, 36.964475 ] ], [ [ -86.434079, 36.964475 ], [ -86.434136, 36.964513 ] ], [ [ -86.434136, 36.964513 ], [ -86.434196, 36.964544 ] ], [ [ -86.434196, 36.964544 ], [ -86.434282, 36.964582 ] ], [ [ -86.434282, 36.964582 ], [ -86.434366, 36.964609 ] ], [ [ -86.434366, 36.964609 ], [ -86.434453, 36.964629 ] ], [ [ -86.434453, 36.964629 ], [ -86.434544, 36.964642 ] ], [ [ -86.434544, 36.964642 ], [ -86.4348684, 36.9646743 ] ], [ [ -86.4348684, 36.9646743 ], [ -86.435097, 36.9646962 ] ] ] } },
{ "type": "Feature", "properties": { "name": "Lyda Avenue", "highway": "residential", "length": 630.0, "risk_tier": "low", "zone_type": "sinkhole" }, "geometry": { "type": "MultiLineString", "coordinates": [ [ [ -86.431892, 36.960005 ], [ -86.432215, 36.96069 ] ], [ [ -86.432215, 36.96069 ], [ -86.4322583, 36.9607965 ] ], [ [ -86.4322583, 36.9607965 ], [ -86.4324158, 36.961148599999987 ] ], [ [ -86.4324158, 36.961148599999987 ], [ -86.4327217, 36.961803 ] ], [ [ -86.4327217, 36.961803 ], [ -86.4329648, 36.962336299999976 ] ], [ [ -86.4329648, 36.962336299999976 ], [ -86.433084, 36.962578 ] ], [ [ -86.433084, 36.962578 ], [ -86.4331408, 36.9627034 ] ], [ [ -86.4331408, 36.9627034 ], [ -86.433403, 36.963282 ] ], [ [ -86.433403, 36.963282 ], [ -86.433502, 36.963516 ] ], [ [ -86.433502, 36.963516 ], [ -86.4337598, 36.9640358 ] ], [ [ -86.4337598, 36.9640358 ], [ -86.433811, 36.964139 ] ], [ [ -86.433811, 36.964139 ], [ -86.433856, 36.96422 ] ], [ [ -86.433856, 36.96422 ], [ -86.433907, 36.964299 ] ], [ [ -86.433907, 36.964299 ], [ -86.433965, 36.964374 ] ], [ [ -86.433965, 36.964374 ], [ -86.434018, 36.964426 ] ], [ [ -86.434018, 36.964426 ], [ -86.434079, 36.964475 ] ], [ [ -86.434079, 36.964475 ], [ -86.434136, 36.964513 ] ], [ [ -86.434136, 36.964513 ], [ -86.434196, 36.964544 ] ], [ [ -86.434196, 36.964544 ], [ -86.434282, 36.964582 ] ], [ [ -86.434282, 36.964582 ], [ -86.434366, 36.964609 ] ], [ [ -86.434366, 36.964609 ], [ -86.434453, 36.964629 ] ], [ [ -86.434453, 36.964629 ], [ -86.434544, 36.964642 ] ], [ [ -86.434544, 36.964642 ], [ -86.4348684, 36.9646743 ] ], [ [ -86.4348684, 36.9646743 ], [ -86.435097, 36.9646962 ] ] ] } },
{ "type": "Feature", "properties": { "name": "Elrod Road", "highway": "tertiary", "length": 4936.0, "risk_tier": "low", "zone_type": "sinkhole" }, "geometry": { "type": "MultiLineString", "coordinates": [ [ [ -86.487392, 36.935171 ], [ -86.487295, 36.935117 ] ], [ [ -86.487295, 36.935117 ], [ -86.48721, 36.93505 ] ], [ [ -86.48721, 36.93505 ], [ -86.487059, 36.934912 ] ], [ [ -86.487059, 36.934912 ], [ -86.486797, 36.934651 ] ], [ [ -86.486797, 36.934651 ], [ -86.486502, 36.934341 ] ], [ [ -86.486502, 36.934341 ], [ -86.486292, 36.934114 ] ], [ [ -86.486292, 36.934114 ], [ -86.485959, 36.933766 ] ], [ [ -86.485959, 36.933766 ], [ -86.4857325, 36.9335203 ] ], [ [ -86.4857325, 36.9335203 ], [ -86.4853752, 36.9331246 ] ], [ [ -86.4853752, 36.9331246 ], [ -86.4853, 36.933041 ] ], [ [ -86.4853, 36.933041 ], [ -86.484828, 36.932558 ] ], [ [ -86.484828, 36.932558 ], [ -86.484166, 36.931857 ] ], [ [ -86.484166, 36.931857 ], [ -86.48395, 36.931636 ] ], [ [ -86.48395, 36.931636 ], [ -86.48383, 36.931513 ] ], [ [ -86.48383, 36.931513 ], [ -86.483712, 36.931388 ] ], [ [ -86.483712, 36.931388 ], [ -86.483594, 36.931267 ] ], [ [ -86.483594, 36.931267 ], [ -86.483354, 36.931012 ] ], [ [ -86.483354, 36.931012 ], [ -86.4831785, 36.9308331 ] ], [ [ -86.4831785, 36.9308331 ], [ -86.483093, 36.930746 ] ], [ [ -86.483093, 36.930746 ], [ -86.482826, 36.93047 ] ], [ [ -86.482826, 36.93047 ], [ -86.48244, 36.93006 ] ], [ [ -86.48244, 36.93006 ], [ -86.482189, 36.929788 ] ], [ [ -86.482189, 36.929788 ], [ -86.482062, 36.929655 ] ], [ [ -86.482062, 36.929655 ], [ -86.48181, 36.929394 ] ], [ [ -86.48181, 36.929394 ], [ -86.481563, 36.929136 ] ], [ [ -86.481563, 36.929136 ], [ -86.481445, 36.929015 ] ], [ [ -86.481445, 36.929015 ], [ -86.481341, 36.928907 ] ], [ [ -86.481341, 36.928907 ], [ -86.481225, 36.928784 ] ], [ [ -86.481225, 36.928784 ], [ -86.481116, 36.928666 ] ], [ [ -86.481116, 36.928666 ], [ -86.481004, 36.928547 ] ], [ [ -86.481004, 36.928547 ], [ -86.480887, 36.928428 ] ], [ [ -86.480887, 36.928428 ], [ -86.480766, 36.928307 ] ], [ [ -86.480766, 36.928307 ], [ -86.480521, 36.928057 ] ], [ [ -86.480521, 36.928057 ], [ -86.480273, 36.927794 ] ], [ [ -86.480273, 36.927794 ], [ -86.47976, 36.927257 ] ], [ [ -86.47976, 36.927257 ], [ -86.479629, 36.927123 ] ], [ [ -86.479629, 36.927123 ], [ -86.479499, 36.926988 ] ], [ [ -86.479499, 36.926988 ], [ -86.4793802, 36.9268627 ] ], [ [ -86.4793802, 36.9268627 ], [ -86.479371, 36.926853 ] ], [ [ -86.479371, 36.926853 ], [ -86.479115, 36.926586 ] ], [ [ -86.479115, 36.926586 ], [ -86.478917, 36.926378 ] ], [ [ -86.478917, 36.926378 ], [ -86.478619, 36.926063 ] ], [ [ -86.478619, 36.926063 ], [ -86.478493, 36.925932 ] ], [ [ -86.478493, 36.925932 ], [ -86.478369, 36.925799 ] ], [ [ -86.478369, 36.925799 ], [ -86.477766, 36.925164 ] ], [ [ -86.477766, 36.925164 ], [ -86.477656, 36.92505 ] ], [ [ -86.477656, 36.92505 ], [ -86.477361, 36.924739 ] ], [ [ -86.477361, 36.924739 ], [ -86.47727, 36.924646 ] ], [ [ -86.47727, 36.924646 ], [ -86.477173, 36.924557 ] ], [ [ -86.477173, 36.924557 ], [ -86.477066, 36.924477 ] ], [ [ -86.477066, 36.924477 ], [ -86.476947, 36.92441 ] ], [ [ -86.476947, 36.92441 ], [ -86.476815, 36.924357 ] ], [ [ -86.476815, 36.924357 ], [ -86.476675, 36.924318 ] ], [ [ -86.476675, 36.924318 ], [ -86.476526, 36.924289 ] ], [ [ -86.476526, 36.924289 ], [ -86.476217, 36.924241 ] ], [ [ -86.476217, 36.924241 ], [ -86.4760866, 36.9242224 ] ], [ [ -86.4760866, 36.9242224 ], [ -86.476056, 36.924218 ] ], [ [ -86.476056, 36.924218 ], [ -86.475829, 36.924191 ] ], [ [ -86.475829, 36.924191 ], [ -86.475725, 36.92418 ] ], [ [ -86.475725, 36.92418 ], [ -86.475555, 36.924165 ] ], [ [ -86.475555, 36.924165 ], [ -86.475381, 36.924148 ] ], [ [ -86.475381, 36.924148 ], [ -86.475203, 36.924132 ] ], [ [ -86.475203, 36.924132 ], [ -86.474509, 36.924064 ] ], [ [ -86.474509, 36.924064 ], [ -86.474346, 36.924046 ] ], [ [ -86.474346, 36.924046 ], [ -86.474188, 36.924025 ] ], [ [ -86.474188, 36.924025 ], [ -86.474043, 36.924003 ] ], [ [ -86.474043, 36.924003 ], [ -86.473978, 36.923992 ] ], [ [ -86.473978, 36.923992 ], [ -86.473849, 36.923954 ] ], [ [ -86.473849, 36.923954 ], [ -86.473795, 36.92393 ] ], [ [ -86.473795, 36.92393 ], [ -86.473744, 36.923905 ] ], [ [ -86.473744, 36.923905 ], [ -86.473692, 36.923872 ] ], [ [ -86.473692, 36.923872 ], [ -86.473649, 36.92384 ] ], [ [ -86.473649, 36.92384 ], [ -86.473614, 36.923801 ] ], [ [ -86.473614, 36.923801 ], [ -86.473594, 36.923775 ] ], [ [ -86.473594, 36.923775 ], [ -86.473564, 36.92372 ] ], [ [ -86.473564, 36.92372 ], [ -86.473557, 36.92367 ] ], [ [ -86.473557, 36.92367 ], [ -86.4735651, 36.9235584 ] ], [ [ -86.4735651, 36.9235584 ], [ -86.473598, 36.923313 ] ], [ [ -86.473598, 36.923313 ], [ -86.473668, 36.922947 ] ], [ [ -86.473668, 36.922947 ], [ -86.473775, 36.922303 ] ], [ [ -86.473775, 36.922303 ], [ -86.4737945, 36.92221 ] ], [ [ -86.4737945, 36.92221 ], [ -86.4738476, 36.9219153 ] ], [ [ -86.4738476, 36.9219153 ], [ -86.473921, 36.9215014 ] ], [ [ -86.473921, 36.9215014 ], [ -86.474186, 36.920011 ] ], [ [ -86.474186, 36.920011 ], [ -86.4744257, 36.9186117 ] ], [ [ -86.4744257, 36.9186117 ], [ -86.474507, 36.91813 ] ], [ [ -86.474507, 36.91813 ], [ -86.474518, 36.91804 ] ], [ [ -86.474518, 36.91804 ], [ -86.474513, 36.917944 ] ], [ [ -86.474513, 36.917944 ], [ -86.474492, 36.917851 ] ], [ [ -86.474492, 36.917851 ], [ -86.474452, 36.917768 ] ], [ [ -86.474452, 36.917768 ], [ -86.474389, 36.917699 ] ], [ [ -86.474389, 36.917699 ], [ -86.474338, 36.917663 ] ], [ [ -86.474338, 36.917663 ], [ -86.474312, 36.917644 ] ], [ [ -86.474312, 36.917644 ], [ -86.474218, 36.917605 ] ], [ [ -86.474218, 36.917605 ], [ -86.474108, 36.917578 ] ], [ [ -86.474108, 36.917578 ], [ -86.4734819, 36.9174884 ] ], [ [ -86.4734819, 36.9174884 ], [ -86.4726925, 36.917385700000011 ] ], [ [ -86.4726925, 36.917385700000011 ], [ -86.4722114, 36.9173231 ] ], [ [ -86.4722114, 36.9173231 ], [ -86.4702263, 36.917064 ] ], [ [ -86.4702263, 36.917064 ], [ -86.4688595, 36.9169128 ] ], [ [ -86.4688595, 36.9169128 ], [ -86.4669837, 36.9167028 ] ], [ [ -86.4669837, 36.9167028 ], [ -86.464384600000017, 36.916428 ] ], [ [ -86.464384600000017, 36.916428 ], [ -86.463914, 36.916384 ] ], [ [ -86.463914, 36.916384 ], [ -86.463802, 36.916388 ] ], [ [ -86.463802, 36.916388 ], [ -86.463696, 36.916406 ] ], [ [ -86.463696, 36.916406 ], [ -86.463599, 36.916439 ] ], [ [ -86.463599, 36.916439 ], [ -86.463558, 36.91646 ] ], [ [ -86.463558, 36.91646 ], [ -86.463517, 36.916487 ] ], [ [ -86.463517, 36.916487 ], [ -86.46345, 36.916551 ] ], [ [ -86.46345, 36.916551 ], [ -86.463409700000014, 36.916633 ] ], [ [ -86.463409700000014, 36.916633 ], [ -86.4633964, 36.916676 ] ], [ [ -86.4633964, 36.916676 ], [ -86.4631588, 36.9179607 ] ], [ [ -86.4631588, 36.9179607 ], [ -86.4631555, 36.9180162 ] ], [ [ -86.4631555, 36.9180162 ], [ -86.4631507, 36.918053799999988 ] ], [ [ -86.4631507, 36.918053799999988 ], [ -86.4630536, 36.918694 ] ], [ [ -86.4630536, 36.918694 ], [ -86.4630206, 36.91881 ] ], [ [ -86.4630206, 36.91881 ], [ -86.4629786, 36.918921 ] ], [ [ -86.4629786, 36.918921 ], [ -86.4629146, 36.91902 ] ], [ [ -86.4629146, 36.91902 ], [ -86.4628506, 36.91911 ] ], [ [ -86.4628506, 36.91911 ], [ -86.4627766, 36.919193 ] ], [ [ -86.4627766, 36.919193 ], [ -86.4626926, 36.919266 ] ], [ [ -86.4626926, 36.919266 ], [ -86.4626006, 36.919336 ] ], [ [ -86.4626006, 36.919336 ], [ -86.4622976, 36.919541 ] ], [ [ -86.4622976, 36.919541 ], [ -86.4619656, 36.919759499999977 ] ], [ [ -86.4619656, 36.919759499999977 ], [ -86.4608891, 36.92046830000001 ] ], [ [ -86.4608891, 36.92046830000001 ], [ -86.460529600000015, 36.920705 ] ], [ [ -86.460529600000015, 36.920705 ], [ -86.4599948, 36.9210571 ] ], [ [ -86.4599948, 36.9210571 ], [ -86.4596515, 36.9212971 ] ], [ [ -86.4596515, 36.9212971 ], [ -86.4595481, 36.921373399999986 ] ], [ [ -86.4595481, 36.921373399999986 ], [ -86.459215, 36.921623 ] ], [ [ -86.459215, 36.921623 ], [ -86.4589808, 36.9218173 ] ], [ [ -86.4589808, 36.9218173 ], [ -86.458954, 36.92184 ] ], [ [ -86.458954, 36.92184 ], [ -86.4583181, 36.9224501 ] ], [ [ -86.4583181, 36.9224501 ], [ -86.4581466, 36.9226341 ] ], [ [ -86.4581466, 36.9226341 ], [ -86.45774, 36.923012 ] ], [ [ -86.45774, 36.923012 ], [ -86.457474, 36.923241 ] ], [ [ -86.457474, 36.923241 ], [ -86.457333, 36.923357 ] ], [ [ -86.457333, 36.923357 ], [ -86.457039, 36.923587 ] ], [ [ -86.457039, 36.923587 ], [ -86.456665, 36.9238539 ] ], [ [ -86.456665, 36.9238539 ], [ -86.4566165, 36.9238879 ] ], [ [ -86.4566165, 36.9238879 ], [ -86.4560904, 36.9242562 ] ], [ [ -86.4560904, 36.9242562 ], [ -86.454812, 36.92515 ] ], [ [ -86.454812, 36.92515 ], [ -86.454721, 36.925215 ] ], [ [ -86.454721, 36.925215 ], [ -86.454657, 36.925258 ] ], [ [ -86.454657, 36.925258 ], [ -86.4545045, 36.9253636 ] ], [ [ -86.4545045, 36.9253636 ], [ -86.454355, 36.925467 ] ], [ [ -86.454355, 36.925467 ], [ -86.4534818, 36.9260755 ] ] ] } },
{ "type": "Feature", "properties": { "name": "Elrod Road", "highway": "tertiary", "length": 4936.0, "risk_tier": "low", "zone_type": "sinkhole" }, "geometry": { "type": "MultiLineString", "coordinates": [ [ [ -86.487392, 36.935171 ], [ -86.487295, 36.935117 ] ], [ [ -86.487295, 36.935117 ], [ -86.48721, 36.93505 ] ], [ [ -86.48721, 36.93505 ], [ -86.487059, 36.934912 ] ], [ [ -86.487059, 36.934912 ], [ -86.486797, 36.934651 ] ], [ [ -86.486797, 36.934651 ], [ -86.486502, 36.934341 ] ], [ [ -86.486502, 36.934341 ], [ -86.486292, 36.934114 ] ], [ [ -86.486292, 36.934114 ], [ -86.485959, 36.933766 ] ], [ [ -86.485959, 36.933766 ], [ -86.4857325, 36.9335203 ] ], [ [ -86.4857325, 36.9335203 ], [ -86.4853752, 36.9331246 ] ], [ [ -86.4853752, 36.9331246 ], [ -86.4853, 36.933041 ] ], [ [ -86.4853, 36.933041 ], [ -86.484828, 36.932558 ] ], [ [ -86.484828, 36.932558 ], [ -86.484166, 36.931857 ] ], [ [ -86.484166, 36.931857 ], [ -86.48395, 36.931636 ] ], [ [ -86.48395, 36.931636 ], [ -86.48383, 36.931513 ] ], [ [ -86.48383, 36.931513 ], [ -86.483712, 36.931388 ] ], [ [ -86.483712, 36.931388 ], [ -86.483594, 36.931267 ] ], [ [ -86.483594, 36.931267 ], [ -86.483354, 36.931012 ] ], [ [ -86.483354, 36.931012 ], [ -86.4831785, 36.9308331 ] ], [ [ -86.4831785, 36.9308331 ], [ -86.483093, 36.930746 ] ], [ [ -86.483093, 36.930746 ], [ -86.482826, 36.93047 ] ], [ [ -86.482826, 36.93047 ], [ -86.48244, 36.93006 ] ], [ [ -86.48244, 36.93006 ], [ -86.482189, 36.929788 ] ], [ [ -86.482189, 36.929788 ], [ -86.482062, 36.929655 ] ], [ [ -86.482062, 36.929655 ], [ -86.48181, 36.929394 ] ], [ [ -86.48181, 36.929394 ], [ -86.481563, 36.929136 ] ], [ [ -86.481563, 36.929136 ], [ -86.481445, 36.929015 ] ], [ [ -86.481445, 36.929015 ], [ -86.481341, 36.928907 ] ], [ [ -86.481341, 36.928907 ], [ -86.481225, 36.928784 ] ], [ [ -86.481225, 36.928784 ], [ -86.481116, 36.928666 ] ], [ [ -86.481116, 36.928666 ], [ -86.481004, 36.928547 ] ], [ [ -86.481004, 36.928547 ], [ -86.480887, 36.928428 ] ], [ [ -86.480887, 36.928428 ], [ -86.480766, 36.928307 ] ], [ [ -86.480766, 36.928307 ], [ -86.480521, 36.928057 ] ], [ [ -86.480521, 36.928057 ], [ -86.480273, 36.927794 ] ], [ [ -86.480273, 36.927794 ], [ -86.47976, 36.927257 ] ], [ [ -86.47976, 36.927257 ], [ -86.479629, 36.927123 ] ], [ [ -86.479629, 36.927123 ], [ -86.479499, 36.926988 ] ], [ [ -86.479499, 36.926988 ], [ -86.4793802, 36.9268627 ] ], [ [ -86.4793802, 36.9268627 ], [ -86.479371, 36.926853 ] ], [ [ -86.479371, 36.926853 ], [ -86.479115, 36.926586 ] ], [ [ -86.479115, 36.926586 ], [ -86.478917, 36.926378 ] ], [ [ -86.478917, 36.926378 ], [ -86.478619, 36.926063 ] ], [ [ -86.478619, 36.926063 ], [ -86.478493, 36.925932 ] ], [ [ -86.478493, 36.925932 ], [ -86.478369, 36.925799 ] ], [ [ -86.478369, 36.925799 ], [ -86.477766, 36.925164 ] ], [ [ -86.477766, 36.925164 ], [ -86.477656, 36.92505 ] ], [ [ -86.477656, 36.92505 ], [ -86.477361, 36.924739 ] ], [ [ -86.477361, 36.924739 ], [ -86.47727, 36.924646 ] ], [ [ -86.47727, 36.924646 ], [ -86.477173, 36.924557 ] ], [ [ -86.477173, 36.924557 ], [ -86.477066, 36.924477 ] ], [ [ -86.477066, 36.924477 ], [ -86.476947, 36.92441 ] ], [ [ -86.476947, 36.92441 ], [ -86.476815, 36.924357 ] ], [ [ -86.476815, 36.924357 ], [ -86.476675, 36.924318 ] ], [ [ -86.476675, 36.924318 ], [ -86.476526, 36.924289 ] ], [ [ -86.476526, 36.924289 ], [ -86.476217, 36.924241 ] ], [ [ -86.476217, 36.924241 ], [ -86.4760866, 36.9242224 ] ], [ [ -86.4760866, 36.9242224 ], [ -86.476056, 36.924218 ] ], [ [ -86.476056, 36.924218 ], [ -86.475829, 36.924191 ] ], [ [ -86.475829, 36.924191 ], [ -86.475725, 36.92418 ] ], [ [ -86.475725, 36.92418 ], [ -86.475555, 36.924165 ] ], [ [ -86.475555, 36.924165 ], [ -86.475381, 36.924148 ] ], [ [ -86.475381, 36.924148 ], [ -86.475203, 36.924132 ] ], [ [ -86.475203, 36.924132 ], [ -86.474509, 36.924064 ] ], [ [ -86.474509, 36.924064 ], [ -86.474346, 36.924046 ] ], [ [ -86.474346, 36.924046 ], [ -86.474188, 36.924025 ] ], [ [ -86.474188, 36.924025 ], [ -86.474043, 36.924003 ] ], [ [ -86.474043, 36.924003 ], [ -86.473978, 36.923992 ] ], [ [ -86.473978, 36.923992 ], [ -86.473849, 36.923954 ] ], [ [ -86.473849, 36.923954 ], [ -86.473795, 36.92393 ] ], [ [ -86.473795, 36.92393 ], [ -86.473744, 36.923905 ] ], [ [ -86.473744, 36.923905 ], [ -86.473692, 36.923872 ] ], [ [ -86.473692, 36.923872 ], [ -86.473649, 36.92384 ] ], [ [ -86.473649, 36.92384 ], [ -86.473614, 36.923801 ] ], [ [ -86.473614, 36.923801 ], [ -86.473594, 36.923775 ] ], [ [ -86.473594, 36.923775 ], [ -86.473564, 36.92372 ] ], [ [ -86.473564, 36.92372 ], [ -86.473557, 36.92367 ] ], [ [ -86.473557, 36.92367 ], [ -86.4735651, 36.9235584 ] ], [ [ -86.4735651, 36.9235584 ], [ -86.473598, 36.923313 ] ], [ [ -86.473598, 36.923313 ], [ -86.473668, 36.922947 ] ], [ [ -86.473668, 36.922947 ], [ -86.473775, 36.922303 ] ], [ [ -86.473775, 36.922303 ], [ -86.4737945, 36.92221 ] ], [ [ -86.4737945, 36.92221 ], [ -86.4738476, 36.9219153 ] ], [ [ -86.4738476, 36.9219153 ], [ -86.473921, 36.9215014 ] ], [ [ -86.473921, 36.9215014 ], [ -86.474186, 36.920011 ] ], [ [ -86.474186, 36.920011 ], [ -86.4744257, 36.9186117 ] ], [ [ -86.4744257, 36.9186117 ], [ -86.474507, 36.91813 ] ], [ [ -86.474507, 36.91813 ], [ -86.474518, 36.91804 ] ], [ [ -86.474518, 36.91804 ], [ -86.474513, 36.917944 ] ], [ [ -86.474513, 36.917944 ], [ -86.474492, 36.917851 ] ], [ [ -86.474492, 36.917851 ], [ -86.474452, 36.917768 ] ], [ [ -86.474452, 36.917768 ], [ -86.474389, 36.917699 ] ], [ [ -86.474389, 36.917699 ], [ -86.474338, 36.917663 ] ], [ [ -86.474338, 36.917663 ], [ -86.474312, 36.917644 ] ], [ [ -86.474312, 36.917644 ], [ -86.474218, 36.917605 ] ], [ [ -86.474218, 36.917605 ], [ -86.474108, 36.917578 ] ], [ [ -86.474108, 36.917578 ], [ -86.4734819, 36.9174884 ] ], [ [ -86.4734819, 36.9174884 ], [ -86.4726925, 36.917385700000011 ] ], [ [ -86.4726925, 36.917385700000011 ], [ -86.4722114, 36.9173231 ] ], [ [ -86.4722114, 36.9173231 ], [ -86.4702263, 36.917064 ] ], [ [ -86.4702263, 36.917064 ], [ -86.4688595, 36.9169128 ] ], [ [ -86.4688595, 36.9169128 ], [ -86.4669837, 36.9167028 ] ], [ [ -86.4669837, 36.9167028 ], [ -86.464384600000017, 36.916428 ] ], [ [ -86.464384600000017, 36.916428 ], [ -86.463914, 36.916384 ] ], [ [ -86.463914, 36.916384 ], [ -86.463802, 36.916388 ] ], [ [ -86.463802, 36.916388 ], [ -86.463696, 36.916406 ] ], [ [ -86.463696, 36.916406 ], [ -86.463599, 36.916439 ] ], [ [ -86.463599, 36.916439 ], [ -86.463558, 36.91646 ] ], [ [ -86.463558, 36.91646 ], [ -86.463517, 36.916487 ] ], [ [ -86.463517, 36.916487 ], [ -86.46345, 36.916551 ] ], [ [ -86.46345, 36.916551 ], [ -86.463409700000014, 36.916633 ] ], [ [ -86.463409700000014, 36.916633 ], [ -86.4633964, 36.916676 ] ], [ [ -86.4633964, 36.916676 ], [ -86.4631588, 36.9179607 ] ], [ [ -86.4631588, 36.9179607 ], [ -86.4631555, 36.9180162 ] ], [ [ -86.4631555, 36.9180162 ], [ -86.4631507, 36.918053799999988 ] ], [ [ -86.4631507, 36.918053799999988 ], [ -86.4630536, 36.918694 ] ], [ [ -86.4630536, 36.918694 ], [ -86.4630206, 36.91881 ] ], [ [ -86.4630206, 36.91881 ], [ -86.4629786, 36.918921 ] ], [ [ -86.4629786, 36.918921 ], [ -86.4629146, 36.91902 ] ], [ [ -86.4629146, 36.91902 ], [ -86.4628506, 36.91911 ] ], [ [ -86.4628506, 36.91911 ], [ -86.4627766, 36.919193 ] ], [ [ -86.4627766, 36.919193 ], [ -86.4626926, 36.919266 ] ], [ [ -86.4626926, 36.919266 ], [ -86.4626006, 36.919336 ] ], [ [ -86.4626006, 36.919336 ], [ -86.4622976, 36.919541 ] ], [ [ -86.4622976, 36.919541 ], [ -86.4619656, 36.919759499999977 ] ], [ [ -86.4619656, 36.919759499999977 ], [ -86.4608891, 36.92046830000001 ] ], [ [ -86.4608891, 36.92046830000001 ], [ -86.460529600000015, 36.920705 ] ], [ [ -86.460529600000015, 36.920705 ], [ -86.4599948, 36.9210571 ] ], [ [ -86.4599948, 36.9210571 ], [ -86.4596515, 36.9212971 ] ], [ [ -86.4596515, 36.9212971 ], [ -86.4595481, 36.921373399999986 ] ], [ [ -86.4595481, 36.921373399999986 ], [ -86.459215, 36.921623 ] ], [ [ -86.459215, 36.921623 ], [ -86.4589808, 36.9218173 ] ], [ [ -86.4589808, 36.9218173 ], [ -86.458954, 36.92184 ] ], [ [ -86.458954, 36.92184 ], [ -86.4583181, 36.9224501 ] ], [ [ -86.4583181, 36.9224501 ], [ -86.4581466, 36.9226341 ] ], [ [ -86.4581466, 36.9226341 ], [ -86.45774, 36.923012 ] ], [ [ -86.45774, 36.923012 ], [ -86.457474, 36.923241 ] ], [ [ -86.457474, 36.923241 ], [ -86.457333, 36.923357 ] ], [ [ -86.457333, 36.923357 ], [ -86.457039, 36.923587 ] ], [ [ -86.457039, 36.923587 ], [ -86.456665, 36.9238539 ] ], [ [ -86.456665, 36.9238539 ], [ -86.4566165, 36.9238879 ] ], [ [ -86.4566165, 36.9238879 ], [ -86.4560904, 36.9242562 ] ], [ [ -86.4560904, 36.9242562 ], [ -86.454812, 36.92515 ] ], [ [ -86.454812, 36.92515 ], [ -86.454721, 36.925215 ] ], [ [ -86.454721, 36.925215 ], [ -86.454657, 36.925258 ] ], [ [ -86.454657, 36.925258 ], [ -86.4545045, 36.9253636 ] ], [ [ -86.4545045, 36.9253636 ], [ -86.454355, 36.925467 ] ], [ [ -86.454355, 36.925467 ], [ -86.4534818, 36.9260755 ] ] ] } },
{ "type": "Feature", "properties": { "name": "Shawnee Way", "highway": "residential", "length": 1146.0, "risk_tier": "low", "zone_type": "sinkhole" }, "geometry": { "type": "MultiLineString", "coordinates": [ [ [ -86.454923, 36.954285 ], [ -86.454952, 36.954253 ] ], [ [ -86.454952, 36.954253 ], [ -86.455019, 36.954183 ] ], [ [ -86.455019, 36.954183 ], [ -86.455063, 36.954124 ] ], [ [ -86.455063, 36.954124 ], [ -86.455101, 36.954054 ] ], [ [ -86.455101, 36.954054 ], [ -86.455136, 36.95398 ] ], [ [ -86.455136, 36.95398 ], [ -86.455166, 36.953897 ] ], [ [ -86.455166, 36.953897 ], [ -86.455214, 36.953712 ] ], [ [ -86.455214, 36.953712 ], [ -86.455266, 36.953411 ] ], [ [ -86.455266, 36.953411 ], [ -86.455288, 36.953309 ] ], [ [ -86.455288, 36.953309 ], [ -86.455324, 36.953209 ] ], [ [ -86.455324, 36.953209 ], [ -86.455373, 36.953115 ] ], [ [ -86.455373, 36.953115 ], [ -86.455442, 36.953019 ] ], [ [ -86.455442, 36.953019 ], [ -86.455522, 36.952934 ] ], [ [ -86.455522, 36.952934 ], [ -86.455616, 36.952859 ] ], [ [ -86.455616, 36.952859 ], [ -86.455642, 36.952844 ] ], [ [ -86.455642, 36.952844 ], [ -86.455724, 36.952794 ] ], [ [ -86.455724, 36.952794 ], [ -86.455845, 36.952739 ] ], [ [ -86.455845, 36.952739 ], [ -86.455974, 36.952697 ] ], [ [ -86.455974, 36.952697 ], [ -86.456108, 36.952669 ] ], [ [ -86.456108, 36.952669 ], [ -86.45625, 36.952653 ] ], [ [ -86.45625, 36.952653 ], [ -86.456393, 36.952651 ] ], [ [ -86.456393, 36.952651 ], [ -86.456651, 36.952663 ] ], [ [ -86.456651, 36.952663 ], [ -86.457937, 36.95276 ] ], [ [ -86.457937, 36.95276 ], [ -86.459221, 36.952859 ] ], [ [ -86.459221, 36.952859 ], [ -86.46048, 36.952964 ] ], [ [ -86.46048, 36.952964 ], [ -86.461552, 36.953045 ] ], [ [ -86.461552, 36.953045 ], [ -86.461747, 36.953068 ] ], [ [ -86.461747, 36.953068 ], [ -86.46184, 36.953083 ] ], [ [ -86.46184, 36.953083 ], [ -86.461986, 36.953116 ] ], [ [ -86.461986, 36.953116 ], [ -86.462135, 36.953161 ] ], [ [ -86.462135, 36.953161 ], [ -86.462284, 36.953217 ] ], [ [ -86.462284, 36.953217 ], [ -86.462589, 36.953341 ] ], [ [ -86.462589, 36.953341 ], [ -86.46323, 36.953616 ] ], [ [ -86.46323, 36.953616 ], [ -86.463562, 36.953755 ] ], [ [ -86.463562, 36.953755 ], [ -86.463687, 36.953804 ] ], [ [ -86.463687, 36.953804 ], [ -86.463815, 36.953846 ] ], [ [ -86.463815, 36.953846 ], [ -86.463949, 36.953879 ] ], [ [ -86.463949, 36.953879 ], [ -86.464219, 36.953924 ] ], [ [ -86.464219, 36.953924 ], [ -86.464753, 36.953986 ] ], [ [ -86.464753, 36.953986 ], [ -86.465091, 36.954029 ] ], [ [ -86.465091, 36.954029 ], [ -86.4662125, 36.954159 ] ] ] } },
{ "type": "Feature", "properties": { "name": "Coporate Court", "highway": "residential", "length": 429.0, "risk_tier": "low", "zone_type": "sinkhole" }, "geometry": { "type": "MultiLineString", "coordinates": [ [ [ -86.4075942, 36.9286333 ], [ -86.4076053, 36.9285321 ] ], [ [ -86.4076053, 36.9285321 ], [ -86.407625, 36.928353 ] ], [ [ -86.407625, 36.928353 ], [ -86.4073803, 36.927738699999985 ] ], [ [ -86.4073803, 36.927738699999985 ], [ -86.4071989, 36.9272958 ] ], [ [ -86.4071989, 36.9272958 ], [ -86.406981, 36.926764 ] ], [ [ -86.406981, 36.926764 ], [ -86.406951, 36.926665 ] ], [ [ -86.406951, 36.926665 ], [ -86.4063675, 36.925303 ] ], [ [ -86.4063675, 36.925303 ], [ -86.406336, 36.925229 ] ], [ [ -86.406336, 36.925229 ], [ -86.4063156, 36.9251619 ] ], [ [ -86.4063156, 36.9251619 ], [ -86.4062669, 36.925036 ] ], [ [ -86.4062669, 36.925036 ], [ -86.406249800000012, 36.9249918 ] ], [ [ -86.406249800000012, 36.9249918 ], [ -86.4062339, 36.924951 ] ] ] } },
{ "type": "Feature", "properties": { "name": "Blue Level Road", "highway": "tertiary", "length": 4494.0, "risk_tier": "low", "zone_type": "sinkhole" }, "geometry": { "type": "MultiLineString", "coordinates": [ [ [ -86.508233, 36.953165 ], [ -86.508305, 36.953304 ] ], [ [ -86.508305, 36.953304 ], [ -86.5086388, 36.9539591 ] ], [ [ -86.5086388, 36.9539591 ], [ -86.5087646, 36.9542022 ] ], [ [ -86.5087646, 36.9542022 ], [ -86.5089152, 36.9545017 ] ], [ [ -86.5089152, 36.9545017 ], [ -86.509275, 36.95522 ] ], [ [ -86.509275, 36.95522 ], [ -86.509552, 36.955588 ] ], [ [ -86.509552, 36.955588 ], [ -86.509818, 36.955661 ] ], [ [ -86.509818, 36.955661 ], [ -86.5109505, 36.9556088 ] ], [ [ -86.5109505, 36.9556088 ], [ -86.511034, 36.955605 ] ], [ [ -86.511034, 36.955605 ], [ -86.5118832, 36.955689 ] ], [ [ -86.5118832, 36.955689 ], [ -86.5145476, 36.9561302 ] ], [ [ -86.5145476, 36.9561302 ], [ -86.5154135, 36.9562736 ] ], [ [ -86.5154135, 36.9562736 ], [ -86.5157735, 36.956347899999983 ] ], [ [ -86.5157735, 36.956347899999983 ], [ -86.5158975, 36.9563735 ] ], [ [ -86.5158975, 36.9563735 ], [ -86.5163824, 36.956434 ] ], [ [ -86.5163824, 36.956434 ], [ -86.5166443, 36.956497499999983 ] ], [ [ -86.5166443, 36.956497499999983 ], [ -86.5167523, 36.956531699999971 ] ], [ [ -86.5167523, 36.956531699999971 ], [ -86.5168398, 36.956564399999976 ] ], [ [ -86.5168398, 36.956564399999976 ], [ -86.5170714, 36.956672800000014 ] ], [ [ -86.5170714, 36.956672800000014 ], [ -86.5171291, 36.9567051 ] ], [ [ -86.5171291, 36.9567051 ], [ -86.5184955, 36.9574559 ] ], [ [ -86.5184955, 36.9574559 ], [ -86.5189759, 36.9577197 ] ], [ [ -86.5189759, 36.9577197 ], [ -86.5213245, 36.9590093 ] ], [ [ -86.5213245, 36.9590093 ], [ -86.5221575, 36.9594667 ] ], [ [ -86.5221575, 36.9594667 ], [ -86.523216, 36.960048 ] ], [ [ -86.523216, 36.960048 ], [ -86.523469, 36.960315 ] ], [ [ -86.523469, 36.960315 ], [ -86.523649, 36.960887 ] ], [ [ -86.523649, 36.960887 ], [ -86.524326, 36.962072 ] ], [ [ -86.524326, 36.962072 ], [ -86.524421, 36.962252 ] ], [ [ -86.524421, 36.962252 ], [ -86.525167, 36.9636679 ] ], [ [ -86.525167, 36.9636679 ], [ -86.526398, 36.966004 ] ], [ [ -86.526398, 36.966004 ], [ -86.52642, 36.966046 ] ], [ [ -86.52642, 36.966046 ], [ -86.527626, 36.96834 ] ], [ [ -86.527626, 36.96834 ], [ -86.5281137, 36.9692604 ] ], [ [ -86.5281137, 36.9692604 ], [ -86.5281538, 36.969336099999971 ] ], [ [ -86.5281538, 36.969336099999971 ], [ -86.528427, 36.9698511 ] ], [ [ -86.528427, 36.9698511 ], [ -86.529022, 36.970973 ] ], [ [ -86.529022, 36.970973 ], [ -86.5290695, 36.9710138 ] ], [ [ -86.5290695, 36.9710138 ], [ -86.529271, 36.971187 ] ], [ [ -86.529271, 36.971187 ], [ -86.529826, 36.971408 ] ], [ [ -86.529826, 36.971408 ], [ -86.530212, 36.971674 ] ], [ [ -86.530212, 36.971674 ], [ -86.530423, 36.971948 ] ], [ [ -86.530423, 36.971948 ], [ -86.530687, 36.972574 ] ], [ [ -86.530687, 36.972574 ], [ -86.530831, 36.97279 ] ], [ [ -86.530831, 36.97279 ], [ -86.531125, 36.972924 ] ], [ [ -86.531125, 36.972924 ], [ -86.532006, 36.972941 ] ], [ [ -86.532006, 36.972941 ], [ -86.5321852, 36.9729603 ] ], [ [ -86.5321852, 36.9729603 ], [ -86.532355, 36.973032 ] ], [ [ -86.532355, 36.973032 ], [ -86.532763, 36.973338 ] ], [ [ -86.532763, 36.973338 ], [ -86.533368, 36.973918 ] ], [ [ -86.533368, 36.973918 ], [ -86.533796, 36.974535 ] ], [ [ -86.533796, 36.974535 ], [ -86.5338796, 36.97463710000001 ] ], [ [ -86.5338796, 36.97463710000001 ], [ -86.533982, 36.974762 ] ], [ [ -86.533982, 36.974762 ], [ -86.534602, 36.975265 ] ], [ [ -86.534602, 36.975265 ], [ -86.534815, 36.975497 ] ], [ [ -86.534815, 36.975497 ], [ -86.534943, 36.975799 ] ], [ [ -86.534943, 36.975799 ], [ -86.535106, 36.976459 ] ], [ [ -86.535106, 36.976459 ], [ -86.535323, 36.976844 ] ], [ [ -86.535323, 36.976844 ], [ -86.537127, 36.977719 ] ], [ [ -86.537127, 36.977719 ], [ -86.5378054, 36.9779059 ] ], [ [ -86.5378054, 36.9779059 ], [ -86.537969, 36.977951 ] ], [ [ -86.537969, 36.977951 ], [ -86.538681, 36.978028 ] ], [ [ -86.538681, 36.978028 ], [ -86.53923, 36.977991 ] ], [ [ -86.53923, 36.977991 ], [ -86.5407774, 36.9777879 ] ], [ [ -86.5407774, 36.9777879 ], [ -86.541539, 36.977688 ] ], [ [ -86.541539, 36.977688 ], [ -86.54178, 36.977614 ] ] ] } },
{ "type": "Feature", "properties": { "name": "Vanderbilt Drive", "highway": "residential", "length": 648.0, "risk_tier": "low", "zone_type": "sinkhole" }, "geometry": { "type": "MultiLineString", "coordinates": [ [ [ -86.4044094, 36.92728360000001 ], [ -86.404477, 36.92727 ] ], [ [ -86.404477, 36.92727 ], [ -86.4049693, 36.9271692 ] ], [ [ -86.4049693, 36.9271692 ], [ -86.4057247, 36.9270198 ] ], [ [ -86.4057247, 36.9270198 ], [ -86.406981, 36.926764 ] ], [ [ -86.406981, 36.926764 ], [ -86.4086266, 36.9264277 ] ], [ [ -86.4086266, 36.9264277 ], [ -86.409022, 36.926348 ] ], [ [ -86.409022, 36.926348 ], [ -86.410059800000013, 36.926141299999983 ] ], [ [ -86.410059800000013, 36.926141299999983 ], [ -86.410809, 36.925995 ] ], [ [ -86.410809, 36.925995 ], [ -86.41099, 36.925957 ] ], [ [ -86.41099, 36.925957 ], [ -86.4111417, 36.9259309 ] ], [ [ -86.4111417, 36.9259309 ], [ -86.4112882, 36.9258676 ] ], [ [ -86.4112882, 36.9258676 ], [ -86.4111088, 36.9258347 ] ] ] } },
{ "type": "Feature", "properties": { "name": null, "highway": "residential", "length": 65.0, "risk_tier": "low", "zone_type": "sinkhole" }, "geometry": { "type": "MultiLineString", "coordinates": [ [ [ -86.4519021, 36.9678012 ], [ -86.4521375, 36.967882399999979 ] ], [ [ -86.4521375, 36.967882399999979 ], [ -86.4521604, 36.9678863 ] ], [ [ -86.4521604, 36.9678863 ], [ -86.4521837, 36.96788440000001 ] ], [ [ -86.4521837, 36.96788440000001 ], [ -86.452205, 36.9678768 ] ], [ [ -86.452205, 36.9678768 ], [ -86.4522224, 36.9678643 ] ], [ [ -86.4522224, 36.9678643 ], [ -86.452234100000013, 36.9678481 ] ], [ [ -86.452234100000013, 36.9678481 ], [ -86.452239, 36.967826399999979 ] ], [ [ -86.452239, 36.967826399999979 ], [ -86.4522337, 36.9678047 ] ], [ [ -86.4522337, 36.9678047 ], [ -86.4522188, 36.9677861 ] ], [ [ -86.4522188, 36.9677861 ], [ -86.4521965, 36.9677731 ] ], [ [ -86.4521965, 36.9677731 ], [ -86.4519764, 36.9676819 ] ] ] } },
{ "type": "Feature", "properties": { "name": "Fields Drive", "highway": "residential", "length": 386.0, "risk_tier": "low", "zone_type": "sinkhole" }, "geometry": { "type": "MultiLineString", "coordinates": [ [ [ -86.4637601, 36.9571921 ], [ -86.463695, 36.9572366 ] ], [ [ -86.463695, 36.9572366 ], [ -86.4636625, 36.957309 ] ], [ [ -86.4636625, 36.957309 ], [ -86.4636114, 36.9574612 ] ], [ [ -86.4636114, 36.9574612 ], [ -86.4634249, 36.958504 ] ], [ [ -86.4634249, 36.958504 ], [ -86.4632949, 36.959231 ] ], [ [ -86.4632949, 36.959231 ], [ -86.4633192, 36.9596321 ] ], [ [ -86.4633192, 36.9596321 ], [ -86.4633212, 36.9596642 ] ], [ [ -86.4633212, 36.9596642 ], [ -86.4632327, 36.96019159999998 ] ], [ [ -86.4632327, 36.96019159999998 ], [ -86.463164, 36.960601 ] ] ] } },
{ "type": "Feature", "properties": { "name": "Fields Drive", "highway": "residential", "length": 386.0, "risk_tier": "low", "zone_type": "sinkhole" }, "geometry": { "type": "MultiLineString", "coordinates": [ [ [ -86.4637601, 36.9571921 ], [ -86.463695, 36.9572366 ] ], [ [ -86.463695, 36.9572366 ], [ -86.4636625, 36.957309 ] ], [ [ -86.4636625, 36.957309 ], [ -86.4636114, 36.9574612 ] ], [ [ -86.4636114, 36.9574612 ], [ -86.4634249, 36.958504 ] ], [ [ -86.4634249, 36.958504 ], [ -86.4632949, 36.959231 ] ], [ [ -86.4632949, 36.959231 ], [ -86.4633192, 36.9596321 ] ], [ [ -86.4633192, 36.9596321 ], [ -86.4633212, 36.9596642 ] ], [ [ -86.4633212, 36.9596642 ], [ -86.4632327, 36.96019159999998 ] ], [ [ -86.4632327, 36.96019159999998 ], [ -86.463164, 36.960601 ] ] ] } },
{ "type": "Feature", "properties": { "name": "Fields Drive", "highway": "residential", "length": 386.0, "risk_tier": "low", "zone_type": "sinkhole" }, "geometry": { "type": "MultiLineString", "coordinates": [ [ [ -86.4637601, 36.9571921 ], [ -86.463695, 36.9572366 ] ], [ [ -86.463695, 36.9572366 ], [ -86.4636625, 36.957309 ] ], [ [ -86.4636625, 36.957309 ], [ -86.4636114, 36.9574612 ] ], [ [ -86.4636114, 36.9574612 ], [ -86.4634249, 36.958504 ] ], [ [ -86.4634249, 36.958504 ], [ -86.4632949, 36.959231 ] ], [ [ -86.4632949, 36.959231 ], [ -86.4633192, 36.9596321 ] ], [ [ -86.4633192, 36.9596321 ], [ -86.4633212, 36.9596642 ] ], [ [ -86.4633212, 36.9596642 ], [ -86.4632327, 36.96019159999998 ] ], [ [ -86.4632327, 36.96019159999998 ], [ -86.463164, 36.960601 ] ] ] } },
{ "type": "Feature", "properties": { "name": "Kenilwood Way", "highway": "residential", "length": 505.0, "risk_tier": "low", "zone_type": "sinkhole" }, "geometry": { "type": "MultiLineString", "coordinates": [ [ [ -86.424369, 36.938788 ], [ -86.425035, 36.938319 ] ], [ [ -86.425035, 36.938319 ], [ -86.425218, 36.938198 ] ], [ [ -86.425218, 36.938198 ], [ -86.426057, 36.937622 ] ], [ [ -86.426057, 36.937622 ], [ -86.426477, 36.937318 ] ], [ [ -86.426477, 36.937318 ], [ -86.427564, 36.936562 ] ], [ [ -86.427564, 36.936562 ], [ -86.428402, 36.935973 ] ], [ [ -86.428402, 36.935973 ], [ -86.428651, 36.935799 ] ] ] } },
{ "type": "Feature", "properties": { "name": "Peach Blossom Lane", "highway": "residential", "length": 654.0, "risk_tier": "low", "zone_type": "sinkhole" }, "geometry": { "type": "MultiLineString", "coordinates": [ [ [ -86.403102, 36.919299 ], [ -86.403147, 36.919417 ] ], [ [ -86.403147, 36.919417 ], [ -86.403233, 36.919656 ] ], [ [ -86.403233, 36.919656 ], [ -86.403406, 36.920106 ] ], [ [ -86.403406, 36.920106 ], [ -86.403514, 36.920398 ] ], [ [ -86.403514, 36.920398 ], [ -86.403605, 36.920683 ] ], [ [ -86.403605, 36.920683 ], [ -86.403612, 36.920774 ] ], [ [ -86.403612, 36.920774 ], [ -86.403608, 36.920862 ] ], [ [ -86.403608, 36.920862 ], [ -86.403577, 36.921115 ] ], [ [ -86.403577, 36.921115 ], [ -86.403577, 36.921197 ] ], [ [ -86.403577, 36.921197 ], [ -86.403585, 36.921278 ] ], [ [ -86.403585, 36.921278 ], [ -86.403602, 36.921358 ] ], [ [ -86.403602, 36.921358 ], [ -86.403655, 36.921514 ] ], [ [ -86.403655, 36.921514 ], [ -86.403935, 36.922175 ] ], [ [ -86.403935, 36.922175 ], [ -86.404018, 36.922397 ] ], [ [ -86.404018, 36.922397 ], [ -86.404036, 36.922476 ] ], [ [ -86.404036, 36.922476 ], [ -86.404042, 36.922551 ] ], [ [ -86.404042, 36.922551 ], [ -86.404032, 36.922628 ] ], [ [ -86.404032, 36.922628 ], [ -86.404012, 36.922702 ] ], [ [ -86.404012, 36.922702 ], [ -86.403979, 36.922771 ] ], [ [ -86.403979, 36.922771 ], [ -86.403932, 36.922837 ] ], [ [ -86.403932, 36.922837 ], [ -86.403875, 36.922897 ] ], [ [ -86.403875, 36.922897 ], [ -86.403803, 36.922951 ] ], [ [ -86.403803, 36.922951 ], [ -86.403718, 36.923 ] ], [ [ -86.403718, 36.923 ], [ -86.403623, 36.923042 ] ], [ [ -86.403623, 36.923042 ], [ -86.403517, 36.923078 ] ], [ [ -86.403517, 36.923078 ], [ -86.403403, 36.923111 ] ], [ [ -86.403403, 36.923111 ], [ -86.403086, 36.923195 ] ], [ [ -86.403086, 36.923195 ], [ -86.402563, 36.923336 ] ], [ [ -86.402563, 36.923336 ], [ -86.402455, 36.923362 ] ], [ [ -86.402455, 36.923362 ], [ -86.402401, 36.923373 ] ], [ [ -86.402401, 36.923373 ], [ -86.40229, 36.923388 ] ], [ [ -86.40229, 36.923388 ], [ -86.402238, 36.923391 ] ], [ [ -86.402238, 36.923391 ], [ -86.402137, 36.923389 ] ], [ [ -86.402137, 36.923389 ], [ -86.402042, 36.923378 ] ], [ [ -86.402042, 36.923378 ], [ -86.401909, 36.92335 ] ], [ [ -86.401909, 36.92335 ], [ -86.401828, 36.923325 ] ], [ [ -86.401828, 36.923325 ], [ -86.401761, 36.923297 ] ], [ [ -86.401761, 36.923297 ], [ -86.40168, 36.923248 ] ], [ [ -86.40168, 36.923248 ], [ -86.4014438, 36.9230844 ] ] ] } },
{ "type": "Feature", "properties": { "name": "Peach Blossom Lane", "highway": "residential", "length": 654.0, "risk_tier": "low", "zone_type": "sinkhole" }, "geometry": { "type": "MultiLineString", "coordinates": [ [ [ -86.403102, 36.919299 ], [ -86.403147, 36.919417 ] ], [ [ -86.403147, 36.919417 ], [ -86.403233, 36.919656 ] ], [ [ -86.403233, 36.919656 ], [ -86.403406, 36.920106 ] ], [ [ -86.403406, 36.920106 ], [ -86.403514, 36.920398 ] ], [ [ -86.403514, 36.920398 ], [ -86.403605, 36.920683 ] ], [ [ -86.403605, 36.920683 ], [ -86.403612, 36.920774 ] ], [ [ -86.403612, 36.920774 ], [ -86.403608, 36.920862 ] ], [ [ -86.403608, 36.920862 ], [ -86.403577, 36.921115 ] ], [ [ -86.403577, 36.921115 ], [ -86.403577, 36.921197 ] ], [ [ -86.403577, 36.921197 ], [ -86.403585, 36.921278 ] ], [ [ -86.403585, 36.921278 ], [ -86.403602, 36.921358 ] ], [ [ -86.403602, 36.921358 ], [ -86.403655, 36.921514 ] ], [ [ -86.403655, 36.921514 ], [ -86.403935, 36.922175 ] ], [ [ -86.403935, 36.922175 ], [ -86.404018, 36.922397 ] ], [ [ -86.404018, 36.922397 ], [ -86.404036, 36.922476 ] ], [ [ -86.404036, 36.922476 ], [ -86.404042, 36.922551 ] ], [ [ -86.404042, 36.922551 ], [ -86.404032, 36.922628 ] ], [ [ -86.404032, 36.922628 ], [ -86.404012, 36.922702 ] ], [ [ -86.404012, 36.922702 ], [ -86.403979, 36.922771 ] ], [ [ -86.403979, 36.922771 ], [ -86.403932, 36.922837 ] ], [ [ -86.403932, 36.922837 ], [ -86.403875, 36.922897 ] ], [ [ -86.403875, 36.922897 ], [ -86.403803, 36.922951 ] ], [ [ -86.403803, 36.922951 ], [ -86.403718, 36.923 ] ], [ [ -86.403718, 36.923 ], [ -86.403623, 36.923042 ] ], [ [ -86.403623, 36.923042 ], [ -86.403517, 36.923078 ] ], [ [ -86.403517, 36.923078 ], [ -86.403403, 36.923111 ] ], [ [ -86.403403, 36.923111 ], [ -86.403086, 36.923195 ] ], [ [ -86.403086, 36.923195 ], [ -86.402563, 36.923336 ] ], [ [ -86.402563, 36.923336 ], [ -86.402455, 36.923362 ] ], [ [ -86.402455, 36.923362 ], [ -86.402401, 36.923373 ] ], [ [ -86.402401, 36.923373 ], [ -86.40229, 36.923388 ] ], [ [ -86.40229, 36.923388 ], [ -86.402238, 36.923391 ] ], [ [ -86.402238, 36.923391 ], [ -86.402137, 36.923389 ] ], [ [ -86.402137, 36.923389 ], [ -86.402042, 36.923378 ] ], [ [ -86.402042, 36.923378 ], [ -86.401909, 36.92335 ] ], [ [ -86.401909, 36.92335 ], [ -86.401828, 36.923325 ] ], [ [ -86.401828, 36.923325 ], [ -86.401761, 36.923297 ] ], [ [ -86.401761, 36.923297 ], [ -86.40168, 36.923248 ] ], [ [ -86.40168, 36.923248 ], [ -86.4014438, 36.9230844 ] ] ] } },
{ "type": "Feature", "properties": { "name": "Peach Blossom Lane", "highway": "residential", "length": 654.0, "risk_tier": "low", "zone_type": "sinkhole" }, "geometry": { "type": "MultiLineString", "coordinates": [ [ [ -86.403102, 36.919299 ], [ -86.403147, 36.919417 ] ], [ [ -86.403147, 36.919417 ], [ -86.403233, 36.919656 ] ], [ [ -86.403233, 36.919656 ], [ -86.403406, 36.920106 ] ], [ [ -86.403406, 36.920106 ], [ -86.403514, 36.920398 ] ], [ [ -86.403514, 36.920398 ], [ -86.403605, 36.920683 ] ], [ [ -86.403605, 36.920683 ], [ -86.403612, 36.920774 ] ], [ [ -86.403612, 36.920774 ], [ -86.403608, 36.920862 ] ], [ [ -86.403608, 36.920862 ], [ -86.403577, 36.921115 ] ], [ [ -86.403577, 36.921115 ], [ -86.403577, 36.921197 ] ], [ [ -86.403577, 36.921197 ], [ -86.403585, 36.921278 ] ], [ [ -86.403585, 36.921278 ], [ -86.403602, 36.921358 ] ], [ [ -86.403602, 36.921358 ], [ -86.403655, 36.921514 ] ], [ [ -86.403655, 36.921514 ], [ -86.403935, 36.922175 ] ], [ [ -86.403935, 36.922175 ], [ -86.404018, 36.922397 ] ], [ [ -86.404018, 36.922397 ], [ -86.404036, 36.922476 ] ], [ [ -86.404036, 36.922476 ], [ -86.404042, 36.922551 ] ], [ [ -86.404042, 36.922551 ], [ -86.404032, 36.922628 ] ], [ [ -86.404032, 36.922628 ], [ -86.404012, 36.922702 ] ], [ [ -86.404012, 36.922702 ], [ -86.403979, 36.922771 ] ], [ [ -86.403979, 36.922771 ], [ -86.403932, 36.922837 ] ], [ [ -86.403932, 36.922837 ], [ -86.403875, 36.922897 ] ], [ [ -86.403875, 36.922897 ], [ -86.403803, 36.922951 ] ], [ [ -86.403803, 36.922951 ], [ -86.403718, 36.923 ] ], [ [ -86.403718, 36.923 ], [ -86.403623, 36.923042 ] ], [ [ -86.403623, 36.923042 ], [ -86.403517, 36.923078 ] ], [ [ -86.403517, 36.923078 ], [ -86.403403, 36.923111 ] ], [ [ -86.403403, 36.923111 ], [ -86.403086, 36.923195 ] ], [ [ -86.403086, 36.923195 ], [ -86.402563, 36.923336 ] ], [ [ -86.402563, 36.923336 ], [ -86.402455, 36.923362 ] ], [ [ -86.402455, 36.923362 ], [ -86.402401, 36.923373 ] ], [ [ -86.402401, 36.923373 ], [ -86.40229, 36.923388 ] ], [ [ -86.40229, 36.923388 ], [ -86.402238, 36.923391 ] ], [ [ -86.402238, 36.923391 ], [ -86.402137, 36.923389 ] ], [ [ -86.402137, 36.923389 ], [ -86.402042, 36.923378 ] ], [ [ -86.402042, 36.923378 ], [ -86.401909, 36.92335 ] ], [ [ -86.401909, 36.92335 ], [ -86.401828, 36.923325 ] ], [ [ -86.401828, 36.923325 ], [ -86.401761, 36.923297 ] ], [ [ -86.401761, 36.923297 ], [ -86.40168, 36.923248 ] ], [ [ -86.40168, 36.923248 ], [ -86.4014438, 36.9230844 ] ] ] } },
{ "type": "Feature", "properties": { "name": "Peach Blossom Lane", "highway": "residential", "length": 654.0, "risk_tier": "low", "zone_type": "sinkhole" }, "geometry": { "type": "MultiLineString", "coordinates": [ [ [ -86.403102, 36.919299 ], [ -86.403147, 36.919417 ] ], [ [ -86.403147, 36.919417 ], [ -86.403233, 36.919656 ] ], [ [ -86.403233, 36.919656 ], [ -86.403406, 36.920106 ] ], [ [ -86.403406, 36.920106 ], [ -86.403514, 36.920398 ] ], [ [ -86.403514, 36.920398 ], [ -86.403605, 36.920683 ] ], [ [ -86.403605, 36.920683 ], [ -86.403612, 36.920774 ] ], [ [ -86.403612, 36.920774 ], [ -86.403608, 36.920862 ] ], [ [ -86.403608, 36.920862 ], [ -86.403577, 36.921115 ] ], [ [ -86.403577, 36.921115 ], [ -86.403577, 36.921197 ] ], [ [ -86.403577, 36.921197 ], [ -86.403585, 36.921278 ] ], [ [ -86.403585, 36.921278 ], [ -86.403602, 36.921358 ] ], [ [ -86.403602, 36.921358 ], [ -86.403655, 36.921514 ] ], [ [ -86.403655, 36.921514 ], [ -86.403935, 36.922175 ] ], [ [ -86.403935, 36.922175 ], [ -86.404018, 36.922397 ] ], [ [ -86.404018, 36.922397 ], [ -86.404036, 36.922476 ] ], [ [ -86.404036, 36.922476 ], [ -86.404042, 36.922551 ] ], [ [ -86.404042, 36.922551 ], [ -86.404032, 36.922628 ] ], [ [ -86.404032, 36.922628 ], [ -86.404012, 36.922702 ] ], [ [ -86.404012, 36.922702 ], [ -86.403979, 36.922771 ] ], [ [ -86.403979, 36.922771 ], [ -86.403932, 36.922837 ] ], [ [ -86.403932, 36.922837 ], [ -86.403875, 36.922897 ] ], [ [ -86.403875, 36.922897 ], [ -86.403803, 36.922951 ] ], [ [ -86.403803, 36.922951 ], [ -86.403718, 36.923 ] ], [ [ -86.403718, 36.923 ], [ -86.403623, 36.923042 ] ], [ [ -86.403623, 36.923042 ], [ -86.403517, 36.923078 ] ], [ [ -86.403517, 36.923078 ], [ -86.403403, 36.923111 ] ], [ [ -86.403403, 36.923111 ], [ -86.403086, 36.923195 ] ], [ [ -86.403086, 36.923195 ], [ -86.402563, 36.923336 ] ], [ [ -86.402563, 36.923336 ], [ -86.402455, 36.923362 ] ], [ [ -86.402455, 36.923362 ], [ -86.402401, 36.923373 ] ], [ [ -86.402401, 36.923373 ], [ -86.40229, 36.923388 ] ], [ [ -86.40229, 36.923388 ], [ -86.402238, 36.923391 ] ], [ [ -86.402238, 36.923391 ], [ -86.402137, 36.923389 ] ], [ [ -86.402137, 36.923389 ], [ -86.402042, 36.923378 ] ], [ [ -86.402042, 36.923378 ], [ -86.401909, 36.92335 ] ], [ [ -86.401909, 36.92335 ], [ -86.401828, 36.923325 ] ], [ [ -86.401828, 36.923325 ], [ -86.401761, 36.923297 ] ], [ [ -86.401761, 36.923297 ], [ -86.40168, 36.923248 ] ], [ [ -86.40168, 36.923248 ], [ -86.4014438, 36.9230844 ] ] ] } },
{ "type": "Feature", "properties": { "name": "Peach Blossom Lane", "highway": "residential", "length": 654.0, "risk_tier": "low", "zone_type": "sinkhole" }, "geometry": { "type": "MultiLineString", "coordinates": [ [ [ -86.403102, 36.919299 ], [ -86.403147, 36.919417 ] ], [ [ -86.403147, 36.919417 ], [ -86.403233, 36.919656 ] ], [ [ -86.403233, 36.919656 ], [ -86.403406, 36.920106 ] ], [ [ -86.403406, 36.920106 ], [ -86.403514, 36.920398 ] ], [ [ -86.403514, 36.920398 ], [ -86.403605, 36.920683 ] ], [ [ -86.403605, 36.920683 ], [ -86.403612, 36.920774 ] ], [ [ -86.403612, 36.920774 ], [ -86.403608, 36.920862 ] ], [ [ -86.403608, 36.920862 ], [ -86.403577, 36.921115 ] ], [ [ -86.403577, 36.921115 ], [ -86.403577, 36.921197 ] ], [ [ -86.403577, 36.921197 ], [ -86.403585, 36.921278 ] ], [ [ -86.403585, 36.921278 ], [ -86.403602, 36.921358 ] ], [ [ -86.403602, 36.921358 ], [ -86.403655, 36.921514 ] ], [ [ -86.403655, 36.921514 ], [ -86.403935, 36.922175 ] ], [ [ -86.403935, 36.922175 ], [ -86.404018, 36.922397 ] ], [ [ -86.404018, 36.922397 ], [ -86.404036, 36.922476 ] ], [ [ -86.404036, 36.922476 ], [ -86.404042, 36.922551 ] ], [ [ -86.404042, 36.922551 ], [ -86.404032, 36.922628 ] ], [ [ -86.404032, 36.922628 ], [ -86.404012, 36.922702 ] ], [ [ -86.404012, 36.922702 ], [ -86.403979, 36.922771 ] ], [ [ -86.403979, 36.922771 ], [ -86.403932, 36.922837 ] ], [ [ -86.403932, 36.922837 ], [ -86.403875, 36.922897 ] ], [ [ -86.403875, 36.922897 ], [ -86.403803, 36.922951 ] ], [ [ -86.403803, 36.922951 ], [ -86.403718, 36.923 ] ], [ [ -86.403718, 36.923 ], [ -86.403623, 36.923042 ] ], [ [ -86.403623, 36.923042 ], [ -86.403517, 36.923078 ] ], [ [ -86.403517, 36.923078 ], [ -86.403403, 36.923111 ] ], [ [ -86.403403, 36.923111 ], [ -86.403086, 36.923195 ] ], [ [ -86.403086, 36.923195 ], [ -86.402563, 36.923336 ] ], [ [ -86.402563, 36.923336 ], [ -86.402455, 36.923362 ] ], [ [ -86.402455, 36.923362 ], [ -86.402401, 36.923373 ] ], [ [ -86.402401, 36.923373 ], [ -86.40229, 36.923388 ] ], [ [ -86.40229, 36.923388 ], [ -86.402238, 36.923391 ] ], [ [ -86.402238, 36.923391 ], [ -86.402137, 36.923389 ] ], [ [ -86.402137, 36.923389 ], [ -86.402042, 36.923378 ] ], [ [ -86.402042, 36.923378 ], [ -86.401909, 36.92335 ] ], [ [ -86.401909, 36.92335 ], [ -86.401828, 36.923325 ] ], [ [ -86.401828, 36.923325 ], [ -86.401761, 36.923297 ] ], [ [ -86.401761, 36.923297 ], [ -86.40168, 36.923248 ] ], [ [ -86.40168, 36.923248 ], [ -86.4014438, 36.9230844 ] ] ] } },
{ "type": "Feature", "properties": { "name": "Peach Blossom Lane", "highway": "residential", "length": 654.0, "risk_tier": "low", "zone_type": "sinkhole" }, "geometry": { "type": "MultiLineString", "coordinates": [ [ [ -86.403102, 36.919299 ], [ -86.403147, 36.919417 ] ], [ [ -86.403147, 36.919417 ], [ -86.403233, 36.919656 ] ], [ [ -86.403233, 36.919656 ], [ -86.403406, 36.920106 ] ], [ [ -86.403406, 36.920106 ], [ -86.403514, 36.920398 ] ], [ [ -86.403514, 36.920398 ], [ -86.403605, 36.920683 ] ], [ [ -86.403605, 36.920683 ], [ -86.403612, 36.920774 ] ], [ [ -86.403612, 36.920774 ], [ -86.403608, 36.920862 ] ], [ [ -86.403608, 36.920862 ], [ -86.403577, 36.921115 ] ], [ [ -86.403577, 36.921115 ], [ -86.403577, 36.921197 ] ], [ [ -86.403577, 36.921197 ], [ -86.403585, 36.921278 ] ], [ [ -86.403585, 36.921278 ], [ -86.403602, 36.921358 ] ], [ [ -86.403602, 36.921358 ], [ -86.403655, 36.921514 ] ], [ [ -86.403655, 36.921514 ], [ -86.403935, 36.922175 ] ], [ [ -86.403935, 36.922175 ], [ -86.404018, 36.922397 ] ], [ [ -86.404018, 36.922397 ], [ -86.404036, 36.922476 ] ], [ [ -86.404036, 36.922476 ], [ -86.404042, 36.922551 ] ], [ [ -86.404042, 36.922551 ], [ -86.404032, 36.922628 ] ], [ [ -86.404032, 36.922628 ], [ -86.404012, 36.922702 ] ], [ [ -86.404012, 36.922702 ], [ -86.403979, 36.922771 ] ], [ [ -86.403979, 36.922771 ], [ -86.403932, 36.922837 ] ], [ [ -86.403932, 36.922837 ], [ -86.403875, 36.922897 ] ], [ [ -86.403875, 36.922897 ], [ -86.403803, 36.922951 ] ], [ [ -86.403803, 36.922951 ], [ -86.403718, 36.923 ] ], [ [ -86.403718, 36.923 ], [ -86.403623, 36.923042 ] ], [ [ -86.403623, 36.923042 ], [ -86.403517, 36.923078 ] ], [ [ -86.403517, 36.923078 ], [ -86.403403, 36.923111 ] ], [ [ -86.403403, 36.923111 ], [ -86.403086, 36.923195 ] ], [ [ -86.403086, 36.923195 ], [ -86.402563, 36.923336 ] ], [ [ -86.402563, 36.923336 ], [ -86.402455, 36.923362 ] ], [ [ -86.402455, 36.923362 ], [ -86.402401, 36.923373 ] ], [ [ -86.402401, 36.923373 ], [ -86.40229, 36.923388 ] ], [ [ -86.40229, 36.923388 ], [ -86.402238, 36.923391 ] ], [ [ -86.402238, 36.923391 ], [ -86.402137, 36.923389 ] ], [ [ -86.402137, 36.923389 ], [ -86.402042, 36.923378 ] ], [ [ -86.402042, 36.923378 ], [ -86.401909, 36.92335 ] ], [ [ -86.401909, 36.92335 ], [ -86.401828, 36.923325 ] ], [ [ -86.401828, 36.923325 ], [ -86.401761, 36.923297 ] ], [ [ -86.401761, 36.923297 ], [ -86.40168, 36.923248 ] ], [ [ -86.40168, 36.923248 ], [ -86.4014438, 36.9230844 ] ] ] } },
{ "type": "Feature", "properties": { "name": "Sutherland Drive", "highway": "residential", "length": 181.0, "risk_tier": "low", "zone_type": "sinkhole" }, "geometry": { "type": "MultiLineString", "coordinates": [ [ [ -86.425149, 36.929139399999976 ], [ -86.4246368, 36.9288217 ] ], [ [ -86.4246368, 36.9288217 ], [ -86.4238771, 36.928350599999987 ] ], [ [ -86.4238771, 36.928350599999987 ], [ -86.4235358, 36.9281389 ] ] ] } },
{ "type": "Feature", "properties": { "name": "Sutherland Drive", "highway": "residential", "length": 181.0, "risk_tier": "low", "zone_type": "sinkhole" }, "geometry": { "type": "MultiLineString", "coordinates": [ [ [ -86.425149, 36.929139399999976 ], [ -86.4246368, 36.9288217 ] ], [ [ -86.4246368, 36.9288217 ], [ -86.4238771, 36.928350599999987 ] ], [ [ -86.4238771, 36.928350599999987 ], [ -86.4235358, 36.9281389 ] ] ] } },
{ "type": "Feature", "properties": { "name": "Lovers Lane", "highway": "residential", "length": 77.0, "risk_tier": "low", "zone_type": "sinkhole" }, "geometry": { "type": "MultiLineString", "coordinates": [ [ [ -86.5180465, 36.9421688 ], [ -86.5179008, 36.9420045 ] ], [ [ -86.5179008, 36.9420045 ], [ -86.5177579, 36.9417911 ] ], [ [ -86.5177579, 36.9417911 ], [ -86.5176399, 36.9415638 ] ] ] } },
{ "type": "Feature", "properties": { "name": "Lovers Lane", "highway": "primary", "length": 1288.0, "risk_tier": "low", "zone_type": "sinkhole" }, "geometry": { "type": "MultiLineString", "coordinates": [ [ [ -86.3967974, 36.9806406 ], [ -86.3978427, 36.9798014 ] ], [ [ -86.3978427, 36.9798014 ], [ -86.3986024, 36.9791251 ] ], [ [ -86.3986024, 36.9791251 ], [ -86.3987094, 36.9790044 ] ], [ [ -86.3987094, 36.9790044 ], [ -86.398966200000018, 36.978720799999984 ] ], [ [ -86.398966200000018, 36.978720799999984 ], [ -86.3992141, 36.9783611 ] ], [ [ -86.3992141, 36.9783611 ], [ -86.3994104, 36.9780026 ] ], [ [ -86.3994104, 36.9780026 ], [ -86.3995992, 36.9775769 ] ], [ [ -86.3995992, 36.9775769 ], [ -86.3997074, 36.9772195 ] ], [ [ -86.3997074, 36.9772195 ], [ -86.3997713, 36.976842499999982 ] ], [ [ -86.3997713, 36.976842499999982 ], [ -86.399786, 36.9766398 ] ], [ [ -86.399786, 36.9766398 ], [ -86.3998343, 36.9759765 ] ], [ [ -86.3998343, 36.9759765 ], [ -86.3998886, 36.975248899999983 ] ], [ [ -86.3998886, 36.975248899999983 ], [ -86.3999532, 36.9743546 ] ], [ [ -86.3999532, 36.9743546 ], [ -86.4000813, 36.972962699999982 ] ], [ [ -86.4000813, 36.972962699999982 ], [ -86.4000859, 36.9729239 ] ], [ [ -86.4000859, 36.9729239 ], [ -86.4001063, 36.9728793 ] ], [ [ -86.4001063, 36.9728793 ], [ -86.40044, 36.972146 ] ], [ [ -86.40044, 36.972146 ], [ -86.4008122, 36.9716641 ] ], [ [ -86.4008122, 36.9716641 ], [ -86.4008631, 36.971598299999989 ] ], [ [ -86.4008631, 36.971598299999989 ], [ -86.401034, 36.971377 ] ], [ [ -86.401034, 36.971377 ], [ -86.4020547, 36.9703201 ] ] ] } },
{ "type": "Feature", "properties": { "name": "Lovers Lane", "highway": "primary", "length": 1288.0, "risk_tier": "low", "zone_type": "sinkhole" }, "geometry": { "type": "MultiLineString", "coordinates": [ [ [ -86.3967974, 36.9806406 ], [ -86.3978427, 36.9798014 ] ], [ [ -86.3978427, 36.9798014 ], [ -86.3986024, 36.9791251 ] ], [ [ -86.3986024, 36.9791251 ], [ -86.3987094, 36.9790044 ] ], [ [ -86.3987094, 36.9790044 ], [ -86.398966200000018, 36.978720799999984 ] ], [ [ -86.398966200000018, 36.978720799999984 ], [ -86.3992141, 36.9783611 ] ], [ [ -86.3992141, 36.9783611 ], [ -86.3994104, 36.9780026 ] ], [ [ -86.3994104, 36.9780026 ], [ -86.3995992, 36.9775769 ] ], [ [ -86.3995992, 36.9775769 ], [ -86.3997074, 36.9772195 ] ], [ [ -86.3997074, 36.9772195 ], [ -86.3997713, 36.976842499999982 ] ], [ [ -86.3997713, 36.976842499999982 ], [ -86.399786, 36.9766398 ] ], [ [ -86.399786, 36.9766398 ], [ -86.3998343, 36.9759765 ] ], [ [ -86.3998343, 36.9759765 ], [ -86.3998886, 36.975248899999983 ] ], [ [ -86.3998886, 36.975248899999983 ], [ -86.3999532, 36.9743546 ] ], [ [ -86.3999532, 36.9743546 ], [ -86.4000813, 36.972962699999982 ] ], [ [ -86.4000813, 36.972962699999982 ], [ -86.4000859, 36.9729239 ] ], [ [ -86.4000859, 36.9729239 ], [ -86.4001063, 36.9728793 ] ], [ [ -86.4001063, 36.9728793 ], [ -86.40044, 36.972146 ] ], [ [ -86.40044, 36.972146 ], [ -86.4008122, 36.9716641 ] ], [ [ -86.4008122, 36.9716641 ], [ -86.4008631, 36.971598299999989 ] ], [ [ -86.4008631, 36.971598299999989 ], [ -86.401034, 36.971377 ] ], [ [ -86.401034, 36.971377 ], [ -86.4020547, 36.9703201 ] ] ] } },
{ "type": "Feature", "properties": { "name": "Elizabeth Street", "highway": "residential", "length": 389.0, "risk_tier": "low", "zone_type": "sinkhole" }, "geometry": { "type": "MultiLineString", "coordinates": [ [ [ -86.440829, 36.970452 ], [ -86.440453, 36.970624 ] ], [ [ -86.440453, 36.970624 ], [ -86.44002, 36.970835 ] ], [ [ -86.44002, 36.970835 ], [ -86.4389816, 36.9713323 ] ], [ [ -86.4389816, 36.9713323 ], [ -86.438053, 36.971758 ] ], [ [ -86.438053, 36.971758 ], [ -86.437399, 36.972049 ] ], [ [ -86.437399, 36.972049 ], [ -86.437254, 36.972126 ] ], [ [ -86.437254, 36.972126 ], [ -86.437202, 36.972167 ] ], [ [ -86.437202, 36.972167 ], [ -86.437098, 36.972269 ] ] ] } },
{ "type": "Feature", "properties": { "name": "Elizabeth Street", "highway": "residential", "length": 389.0, "risk_tier": "low", "zone_type": "sinkhole" }, "geometry": { "type": "MultiLineString", "coordinates": [ [ [ -86.440829, 36.970452 ], [ -86.440453, 36.970624 ] ], [ [ -86.440453, 36.970624 ], [ -86.44002, 36.970835 ] ], [ [ -86.44002, 36.970835 ], [ -86.4389816, 36.9713323 ] ], [ [ -86.4389816, 36.9713323 ], [ -86.438053, 36.971758 ] ], [ [ -86.438053, 36.971758 ], [ -86.437399, 36.972049 ] ], [ [ -86.437399, 36.972049 ], [ -86.437254, 36.972126 ] ], [ [ -86.437254, 36.972126 ], [ -86.437202, 36.972167 ] ], [ [ -86.437202, 36.972167 ], [ -86.437098, 36.972269 ] ] ] } },
{ "type": "Feature", "properties": { "name": "Kobe Way", "highway": "residential", "length": 1324.0, "risk_tier": "low", "zone_type": "sinkhole" }, "geometry": { "type": "MultiLineString", "coordinates": [ [ [ -86.5055597, 36.9375371 ], [ -86.5056704, 36.9376654 ] ], [ [ -86.5056704, 36.9376654 ], [ -86.5060542, 36.9380963 ] ], [ [ -86.5060542, 36.9380963 ], [ -86.5061569, 36.9381991 ] ], [ [ -86.5061569, 36.9381991 ], [ -86.5062783, 36.9383094 ] ], [ [ -86.5062783, 36.9383094 ], [ -86.5064231, 36.938417800000011 ] ], [ [ -86.5064231, 36.938417800000011 ], [ -86.5065772, 36.9385262 ] ], [ [ -86.5065772, 36.9385262 ], [ -86.5067804, 36.9386878 ] ], [ [ -86.5067804, 36.9386878 ], [ -86.5069812, 36.9388558 ] ], [ [ -86.5069812, 36.9388558 ], [ -86.5070597, 36.9389271 ] ], [ [ -86.5070597, 36.9389271 ], [ -86.5072333, 36.9390686 ] ], [ [ -86.5072333, 36.9390686 ], [ -86.5074295, 36.9392851 ] ], [ [ -86.5074295, 36.9392851 ], [ -86.5078498, 36.939785199999982 ] ], [ [ -86.5078498, 36.939785199999982 ], [ -86.508486, 36.940490200000021 ] ], [ [ -86.508486, 36.940490200000021 ], [ -86.5089665, 36.9409712 ] ], [ [ -86.5089665, 36.9409712 ], [ -86.5091951, 36.9411725 ] ], [ [ -86.5091951, 36.9411725 ], [ -86.5094517, 36.9413813 ] ], [ [ -86.5094517, 36.9413813 ], [ -86.5097316, 36.94157890000001 ] ], [ [ -86.5097316, 36.94157890000001 ], [ -86.5100535, 36.9417393 ] ], [ [ -86.5100535, 36.9417393 ], [ -86.5103334, 36.94185109999998 ] ], [ [ -86.5103334, 36.94185109999998 ], [ -86.5106553, 36.9419518 ] ], [ [ -86.5106553, 36.9419518 ], [ -86.5109072, 36.942004 ] ], [ [ -86.5109072, 36.942004 ], [ -86.5154604, 36.942600599999977 ] ], [ [ -86.5154604, 36.942600599999977 ], [ -86.5158102, 36.9426341 ] ], [ [ -86.5158102, 36.9426341 ], [ -86.5161408, 36.942653 ] ], [ [ -86.5161408, 36.942653 ], [ -86.51635610000001, 36.9426304 ] ], [ [ -86.51635610000001, 36.9426304 ], [ -86.5169325, 36.9425343 ] ], [ [ -86.5169325, 36.9425343 ], [ -86.517443, 36.9424016 ] ], [ [ -86.517443, 36.9424016 ], [ -86.5177636, 36.942232 ] ] ] } },
{ "type": "Feature", "properties": { "name": null, "highway": "residential", "length": 207.0, "risk_tier": "low", "zone_type": "sinkhole" }, "geometry": { "type": "MultiLineString", "coordinates": [ [ [ -86.413819, 36.9556587 ], [ -86.4128654, 36.9569489 ] ], [ [ -86.4128654, 36.9569489 ], [ -86.4126698, 36.9572727 ] ] ] } },
{ "type": "Feature", "properties": { "name": "Ken Bale Boulevard", "highway": "secondary", "length": 60.0, "risk_tier": "low", "zone_type": "sinkhole" }, "geometry": { "type": "MultiLineString", "coordinates": [ [ [ -86.4151638, 36.9524953 ], [ -86.4152226, 36.952433 ] ], [ [ -86.4152226, 36.952433 ], [ -86.415348200000011, 36.9521462 ] ], [ [ -86.415348200000011, 36.9521462 ], [ -86.4153649, 36.9521202 ] ], [ [ -86.4153649, 36.9521202 ], [ -86.4153867, 36.9520937 ] ], [ [ -86.4153867, 36.9520937 ], [ -86.4154092, 36.9520694 ] ], [ [ -86.4154092, 36.9520694 ], [ -86.4154282, 36.952050299999989 ] ], [ [ -86.4154282, 36.952050299999989 ], [ -86.4154652, 36.952017799999972 ] ] ] } },
{ "type": "Feature", "properties": { "name": "Ken Bale Boulevard", "highway": "secondary", "length": 60.0, "risk_tier": "low", "zone_type": "sinkhole" }, "geometry": { "type": "MultiLineString", "coordinates": [ [ [ -86.4151638, 36.9524953 ], [ -86.4152226, 36.952433 ] ], [ [ -86.4152226, 36.952433 ], [ -86.415348200000011, 36.9521462 ] ], [ [ -86.415348200000011, 36.9521462 ], [ -86.4153649, 36.9521202 ] ], [ [ -86.4153649, 36.9521202 ], [ -86.4153867, 36.9520937 ] ], [ [ -86.4153867, 36.9520937 ], [ -86.4154092, 36.9520694 ] ], [ [ -86.4154092, 36.9520694 ], [ -86.4154282, 36.952050299999989 ] ], [ [ -86.4154282, 36.952050299999989 ], [ -86.4154652, 36.952017799999972 ] ] ] } },
{ "type": "Feature", "properties": { "name": "Ken Bale Boulevard", "highway": "secondary", "length": 63.0, "risk_tier": "low", "zone_type": "sinkhole" }, "geometry": { "type": "MultiLineString", "coordinates": [ [ [ -86.4152697, 36.9519446 ], [ -86.4152835, 36.9520104 ] ], [ [ -86.4152835, 36.9520104 ], [ -86.4152887, 36.9520471 ] ], [ [ -86.4152887, 36.9520471 ], [ -86.4152878, 36.9520815 ] ], [ [ -86.4152878, 36.9520815 ], [ -86.415278300000011, 36.9521297 ] ], [ [ -86.415278300000011, 36.9521297 ], [ -86.4151569, 36.9524137 ] ], [ [ -86.4151569, 36.9524137 ], [ -86.4151638, 36.9524953 ] ] ] } },
{ "type": "Feature", "properties": { "name": "Ken Bale Boulevard", "highway": "secondary", "length": 63.0, "risk_tier": "low", "zone_type": "sinkhole" }, "geometry": { "type": "MultiLineString", "coordinates": [ [ [ -86.4152697, 36.9519446 ], [ -86.4152835, 36.9520104 ] ], [ [ -86.4152835, 36.9520104 ], [ -86.4152887, 36.9520471 ] ], [ [ -86.4152887, 36.9520471 ], [ -86.4152878, 36.9520815 ] ], [ [ -86.4152878, 36.9520815 ], [ -86.415278300000011, 36.9521297 ] ], [ [ -86.415278300000011, 36.9521297 ], [ -86.4151569, 36.9524137 ] ], [ [ -86.4151569, 36.9524137 ], [ -86.4151638, 36.9524953 ] ] ] } },
{ "type": "Feature", "properties": { "name": "Ken Bale Boulevard", "highway": "secondary", "length": 513.0, "risk_tier": "low", "zone_type": "sinkhole" }, "geometry": { "type": "MultiLineString", "coordinates": [ [ [ -86.4151638, 36.9524953 ], [ -86.4151245, 36.9525768 ] ], [ [ -86.4151245, 36.9525768 ], [ -86.4150882, 36.9526528 ] ], [ [ -86.4150882, 36.9526528 ], [ -86.4150501, 36.9527255 ] ], [ [ -86.4150501, 36.9527255 ], [ -86.415009, 36.952796 ] ], [ [ -86.415009, 36.952796 ], [ -86.4149671, 36.952861400000018 ] ], [ [ -86.4149671, 36.952861400000018 ], [ -86.4149173, 36.95292809999998 ] ], [ [ -86.4149173, 36.95292809999998 ], [ -86.4148741, 36.952981099999988 ] ], [ [ -86.4148741, 36.952981099999988 ], [ -86.414833, 36.9530301 ] ], [ [ -86.414833, 36.9530301 ], [ -86.4145826, 36.9533177 ] ], [ [ -86.4145826, 36.9533177 ], [ -86.413681, 36.9543063 ] ], [ [ -86.413681, 36.9543063 ], [ -86.4135454, 36.9545181 ] ], [ [ -86.4135454, 36.9545181 ], [ -86.4134592, 36.9547593 ] ], [ [ -86.4134592, 36.9547593 ], [ -86.4134592, 36.9549711 ] ], [ [ -86.4134592, 36.9549711 ], [ -86.41349, 36.9551976 ] ], [ [ -86.41349, 36.9551976 ], [ -86.4135895, 36.9554071 ] ], [ [ -86.4135895, 36.9554071 ], [ -86.413733, 36.9555849 ] ], [ [ -86.413733, 36.9555849 ], [ -86.413819, 36.9556587 ] ], [ [ -86.413819, 36.9556587 ], [ -86.413876, 36.9557077 ] ], [ [ -86.413876, 36.9557077 ], [ -86.4139204, 36.955737 ] ], [ [ -86.4139204, 36.955737 ], [ -86.4140279, 36.9558081 ] ], [ [ -86.4140279, 36.9558081 ], [ -86.4143107, 36.955958 ] ], [ [ -86.4143107, 36.955958 ], [ -86.4148282, 36.9562116 ] ] ] } },
{ "type": "Feature", "properties": { "name": "Ken Bale Boulevard", "highway": "secondary", "length": 513.0, "risk_tier": "low", "zone_type": "sinkhole" }, "geometry": { "type": "MultiLineString", "coordinates": [ [ [ -86.4151638, 36.9524953 ], [ -86.4151245, 36.9525768 ] ], [ [ -86.4151245, 36.9525768 ], [ -86.4150882, 36.9526528 ] ], [ [ -86.4150882, 36.9526528 ], [ -86.4150501, 36.9527255 ] ], [ [ -86.4150501, 36.9527255 ], [ -86.415009, 36.952796 ] ], [ [ -86.415009, 36.952796 ], [ -86.4149671, 36.952861400000018 ] ], [ [ -86.4149671, 36.952861400000018 ], [ -86.4149173, 36.95292809999998 ] ], [ [ -86.4149173, 36.95292809999998 ], [ -86.4148741, 36.952981099999988 ] ], [ [ -86.4148741, 36.952981099999988 ], [ -86.414833, 36.9530301 ] ], [ [ -86.414833, 36.9530301 ], [ -86.4145826, 36.9533177 ] ], [ [ -86.4145826, 36.9533177 ], [ -86.413681, 36.9543063 ] ], [ [ -86.413681, 36.9543063 ], [ -86.4135454, 36.9545181 ] ], [ [ -86.4135454, 36.9545181 ], [ -86.4134592, 36.9547593 ] ], [ [ -86.4134592, 36.9547593 ], [ -86.4134592, 36.9549711 ] ], [ [ -86.4134592, 36.9549711 ], [ -86.41349, 36.9551976 ] ], [ [ -86.41349, 36.9551976 ], [ -86.4135895, 36.9554071 ] ], [ [ -86.4135895, 36.9554071 ], [ -86.413733, 36.9555849 ] ], [ [ -86.413733, 36.9555849 ], [ -86.413819, 36.9556587 ] ], [ [ -86.413819, 36.9556587 ], [ -86.413876, 36.9557077 ] ], [ [ -86.413876, 36.9557077 ], [ -86.4139204, 36.955737 ] ], [ [ -86.4139204, 36.955737 ], [ -86.4140279, 36.9558081 ] ], [ [ -86.4140279, 36.9558081 ], [ -86.4143107, 36.955958 ] ], [ [ -86.4143107, 36.955958 ], [ -86.4148282, 36.9562116 ] ] ] } },
{ "type": "Feature", "properties": { "name": "Ken Bale Boulevard", "highway": "secondary", "length": 513.0, "risk_tier": "low", "zone_type": "sinkhole" }, "geometry": { "type": "MultiLineString", "coordinates": [ [ [ -86.4151638, 36.9524953 ], [ -86.4151245, 36.9525768 ] ], [ [ -86.4151245, 36.9525768 ], [ -86.4150882, 36.9526528 ] ], [ [ -86.4150882, 36.9526528 ], [ -86.4150501, 36.9527255 ] ], [ [ -86.4150501, 36.9527255 ], [ -86.415009, 36.952796 ] ], [ [ -86.415009, 36.952796 ], [ -86.4149671, 36.952861400000018 ] ], [ [ -86.4149671, 36.952861400000018 ], [ -86.4149173, 36.95292809999998 ] ], [ [ -86.4149173, 36.95292809999998 ], [ -86.4148741, 36.952981099999988 ] ], [ [ -86.4148741, 36.952981099999988 ], [ -86.414833, 36.9530301 ] ], [ [ -86.414833, 36.9530301 ], [ -86.4145826, 36.9533177 ] ], [ [ -86.4145826, 36.9533177 ], [ -86.413681, 36.9543063 ] ], [ [ -86.413681, 36.9543063 ], [ -86.4135454, 36.9545181 ] ], [ [ -86.4135454, 36.9545181 ], [ -86.4134592, 36.9547593 ] ], [ [ -86.4134592, 36.9547593 ], [ -86.4134592, 36.9549711 ] ], [ [ -86.4134592, 36.9549711 ], [ -86.41349, 36.9551976 ] ], [ [ -86.41349, 36.9551976 ], [ -86.4135895, 36.9554071 ] ], [ [ -86.4135895, 36.9554071 ], [ -86.413733, 36.9555849 ] ], [ [ -86.413733, 36.9555849 ], [ -86.413819, 36.9556587 ] ], [ [ -86.413819, 36.9556587 ], [ -86.413876, 36.9557077 ] ], [ [ -86.413876, 36.9557077 ], [ -86.4139204, 36.955737 ] ], [ [ -86.4139204, 36.955737 ], [ -86.4140279, 36.9558081 ] ], [ [ -86.4140279, 36.9558081 ], [ -86.4143107, 36.955958 ] ], [ [ -86.4143107, 36.955958 ], [ -86.4148282, 36.9562116 ] ] ] } },
{ "type": "Feature", "properties": { "name": "Ken Bale Boulevard", "highway": "secondary", "length": 513.0, "risk_tier": "low", "zone_type": "sinkhole" }, "geometry": { "type": "MultiLineString", "coordinates": [ [ [ -86.4151638, 36.9524953 ], [ -86.4151245, 36.9525768 ] ], [ [ -86.4151245, 36.9525768 ], [ -86.4150882, 36.9526528 ] ], [ [ -86.4150882, 36.9526528 ], [ -86.4150501, 36.9527255 ] ], [ [ -86.4150501, 36.9527255 ], [ -86.415009, 36.952796 ] ], [ [ -86.415009, 36.952796 ], [ -86.4149671, 36.952861400000018 ] ], [ [ -86.4149671, 36.952861400000018 ], [ -86.4149173, 36.95292809999998 ] ], [ [ -86.4149173, 36.95292809999998 ], [ -86.4148741, 36.952981099999988 ] ], [ [ -86.4148741, 36.952981099999988 ], [ -86.414833, 36.9530301 ] ], [ [ -86.414833, 36.9530301 ], [ -86.4145826, 36.9533177 ] ], [ [ -86.4145826, 36.9533177 ], [ -86.413681, 36.9543063 ] ], [ [ -86.413681, 36.9543063 ], [ -86.4135454, 36.9545181 ] ], [ [ -86.4135454, 36.9545181 ], [ -86.4134592, 36.9547593 ] ], [ [ -86.4134592, 36.9547593 ], [ -86.4134592, 36.9549711 ] ], [ [ -86.4134592, 36.9549711 ], [ -86.41349, 36.9551976 ] ], [ [ -86.41349, 36.9551976 ], [ -86.4135895, 36.9554071 ] ], [ [ -86.4135895, 36.9554071 ], [ -86.413733, 36.9555849 ] ], [ [ -86.413733, 36.9555849 ], [ -86.413819, 36.9556587 ] ], [ [ -86.413819, 36.9556587 ], [ -86.413876, 36.9557077 ] ], [ [ -86.413876, 36.9557077 ], [ -86.4139204, 36.955737 ] ], [ [ -86.4139204, 36.955737 ], [ -86.4140279, 36.9558081 ] ], [ [ -86.4140279, 36.9558081 ], [ -86.4143107, 36.955958 ] ], [ [ -86.4143107, 36.955958 ], [ -86.4148282, 36.9562116 ] ] ] } },
{ "type": "Feature", "properties": { "name": "Ken Bale Boulevard", "highway": "secondary", "length": 513.0, "risk_tier": "low", "zone_type": "sinkhole" }, "geometry": { "type": "MultiLineString", "coordinates": [ [ [ -86.4151638, 36.9524953 ], [ -86.4151245, 36.9525768 ] ], [ [ -86.4151245, 36.9525768 ], [ -86.4150882, 36.9526528 ] ], [ [ -86.4150882, 36.9526528 ], [ -86.4150501, 36.9527255 ] ], [ [ -86.4150501, 36.9527255 ], [ -86.415009, 36.952796 ] ], [ [ -86.415009, 36.952796 ], [ -86.4149671, 36.952861400000018 ] ], [ [ -86.4149671, 36.952861400000018 ], [ -86.4149173, 36.95292809999998 ] ], [ [ -86.4149173, 36.95292809999998 ], [ -86.4148741, 36.952981099999988 ] ], [ [ -86.4148741, 36.952981099999988 ], [ -86.414833, 36.9530301 ] ], [ [ -86.414833, 36.9530301 ], [ -86.4145826, 36.9533177 ] ], [ [ -86.4145826, 36.9533177 ], [ -86.413681, 36.9543063 ] ], [ [ -86.413681, 36.9543063 ], [ -86.4135454, 36.9545181 ] ], [ [ -86.4135454, 36.9545181 ], [ -86.4134592, 36.9547593 ] ], [ [ -86.4134592, 36.9547593 ], [ -86.4134592, 36.9549711 ] ], [ [ -86.4134592, 36.9549711 ], [ -86.41349, 36.9551976 ] ], [ [ -86.41349, 36.9551976 ], [ -86.4135895, 36.9554071 ] ], [ [ -86.4135895, 36.9554071 ], [ -86.413733, 36.9555849 ] ], [ [ -86.413733, 36.9555849 ], [ -86.413819, 36.9556587 ] ], [ [ -86.413819, 36.9556587 ], [ -86.413876, 36.9557077 ] ], [ [ -86.413876, 36.9557077 ], [ -86.4139204, 36.955737 ] ], [ [ -86.4139204, 36.955737 ], [ -86.4140279, 36.9558081 ] ], [ [ -86.4140279, 36.9558081 ], [ -86.4143107, 36.955958 ] ], [ [ -86.4143107, 36.955958 ], [ -86.4148282, 36.9562116 ] ] ] } },
{ "type": "Feature", "properties": { "name": "Ken Bale Boulevard", "highway": "secondary", "length": 513.0, "risk_tier": "low", "zone_type": "sinkhole" }, "geometry": { "type": "MultiLineString", "coordinates": [ [ [ -86.4151638, 36.9524953 ], [ -86.4151245, 36.9525768 ] ], [ [ -86.4151245, 36.9525768 ], [ -86.4150882, 36.9526528 ] ], [ [ -86.4150882, 36.9526528 ], [ -86.4150501, 36.9527255 ] ], [ [ -86.4150501, 36.9527255 ], [ -86.415009, 36.952796 ] ], [ [ -86.415009, 36.952796 ], [ -86.4149671, 36.952861400000018 ] ], [ [ -86.4149671, 36.952861400000018 ], [ -86.4149173, 36.95292809999998 ] ], [ [ -86.4149173, 36.95292809999998 ], [ -86.4148741, 36.952981099999988 ] ], [ [ -86.4148741, 36.952981099999988 ], [ -86.414833, 36.9530301 ] ], [ [ -86.414833, 36.9530301 ], [ -86.4145826, 36.9533177 ] ], [ [ -86.4145826, 36.9533177 ], [ -86.413681, 36.9543063 ] ], [ [ -86.413681, 36.9543063 ], [ -86.4135454, 36.9545181 ] ], [ [ -86.4135454, 36.9545181 ], [ -86.4134592, 36.9547593 ] ], [ [ -86.4134592, 36.9547593 ], [ -86.4134592, 36.9549711 ] ], [ [ -86.4134592, 36.9549711 ], [ -86.41349, 36.9551976 ] ], [ [ -86.41349, 36.9551976 ], [ -86.4135895, 36.9554071 ] ], [ [ -86.4135895, 36.9554071 ], [ -86.413733, 36.9555849 ] ], [ [ -86.413733, 36.9555849 ], [ -86.413819, 36.9556587 ] ], [ [ -86.413819, 36.9556587 ], [ -86.413876, 36.9557077 ] ], [ [ -86.413876, 36.9557077 ], [ -86.4139204, 36.955737 ] ], [ [ -86.4139204, 36.955737 ], [ -86.4140279, 36.9558081 ] ], [ [ -86.4140279, 36.9558081 ], [ -86.4143107, 36.955958 ] ], [ [ -86.4143107, 36.955958 ], [ -86.4148282, 36.9562116 ] ] ] } },
{ "type": "Feature", "properties": { "name": "Greenwood Lane", "highway": "residential", "length": 1057.0, "risk_tier": "low", "zone_type": "sinkhole" }, "geometry": { "type": "MultiLineString", "coordinates": [ [ [ -86.4218437, 36.9238287 ], [ -86.421794, 36.92389 ] ], [ [ -86.421794, 36.92389 ], [ -86.4217454, 36.9239524 ] ], [ [ -86.4217454, 36.9239524 ], [ -86.421623, 36.924096 ] ], [ [ -86.421623, 36.924096 ], [ -86.421385, 36.924345 ] ], [ [ -86.421385, 36.924345 ], [ -86.4211244, 36.9246333 ] ], [ [ -86.4211244, 36.9246333 ], [ -86.420605, 36.925193 ] ], [ [ -86.420605, 36.925193 ], [ -86.420514, 36.925283 ] ], [ [ -86.420514, 36.925283 ], [ -86.4202771, 36.925498 ] ], [ [ -86.4202771, 36.925498 ], [ -86.420009, 36.925729 ] ], [ [ -86.420009, 36.925729 ], [ -86.419908, 36.925824 ] ], [ [ -86.419908, 36.925824 ], [ -86.41981, 36.925923 ] ], [ [ -86.41981, 36.925923 ], [ -86.4197671, 36.925969 ] ], [ [ -86.4197671, 36.925969 ], [ -86.419615, 36.926135 ] ], [ [ -86.419615, 36.926135 ], [ -86.419404, 36.926368 ] ], [ [ -86.419404, 36.926368 ], [ -86.41929, 36.92649 ] ], [ [ -86.41929, 36.92649 ], [ -86.4192401, 36.926547599999978 ] ], [ [ -86.4192401, 36.926547599999978 ], [ -86.418819, 36.9270109 ] ], [ [ -86.418819, 36.9270109 ], [ -86.418761, 36.92705010000001 ] ], [ [ -86.418761, 36.92705010000001 ], [ -86.4186956, 36.9270944 ] ], [ [ -86.4186956, 36.9270944 ], [ -86.4185648, 36.927172799999987 ] ], [ [ -86.4185648, 36.927172799999987 ], [ -86.4184014, 36.9272549 ] ], [ [ -86.4184014, 36.9272549 ], [ -86.4182379, 36.9273109 ] ], [ [ -86.4182379, 36.9273109 ], [ -86.4180184, 36.9273669 ] ], [ [ -86.4180184, 36.9273669 ], [ -86.4179157, 36.927389299999973 ] ], [ [ -86.4179157, 36.927389299999973 ], [ -86.4168086, 36.92754930000001 ] ], [ [ -86.4168086, 36.92754930000001 ], [ -86.4165619, 36.927635 ] ], [ [ -86.4165619, 36.927635 ], [ -86.4163527, 36.9277379 ] ], [ [ -86.4163527, 36.9277379 ], [ -86.4146532, 36.9287278 ] ], [ [ -86.4146532, 36.9287278 ], [ -86.4145022, 36.928845899999985 ] ], [ [ -86.4145022, 36.928845899999985 ], [ -86.4143836, 36.928954599999983 ] ], [ [ -86.4143836, 36.928954599999983 ], [ -86.4139973, 36.929386 ] ], [ [ -86.4139973, 36.929386 ], [ -86.413976700000021, 36.9294097 ] ], [ [ -86.413976700000021, 36.9294097 ], [ -86.4136665, 36.9297662 ] ], [ [ -86.4136665, 36.9297662 ], [ -86.4135821, 36.92986770000001 ] ], [ [ -86.4135821, 36.92986770000001 ], [ -86.4134884, 36.929953 ] ], [ [ -86.4134884, 36.929953 ], [ -86.4133217, 36.93001229999998 ] ] ] } },
{ "type": "Feature", "properties": { "name": "Greenwood Lane", "highway": "residential", "length": 1057.0, "risk_tier": "low", "zone_type": "sinkhole" }, "geometry": { "type": "MultiLineString", "coordinates": [ [ [ -86.4218437, 36.9238287 ], [ -86.421794, 36.92389 ] ], [ [ -86.421794, 36.92389 ], [ -86.4217454, 36.9239524 ] ], [ [ -86.4217454, 36.9239524 ], [ -86.421623, 36.924096 ] ], [ [ -86.421623, 36.924096 ], [ -86.421385, 36.924345 ] ], [ [ -86.421385, 36.924345 ], [ -86.4211244, 36.9246333 ] ], [ [ -86.4211244, 36.9246333 ], [ -86.420605, 36.925193 ] ], [ [ -86.420605, 36.925193 ], [ -86.420514, 36.925283 ] ], [ [ -86.420514, 36.925283 ], [ -86.4202771, 36.925498 ] ], [ [ -86.4202771, 36.925498 ], [ -86.420009, 36.925729 ] ], [ [ -86.420009, 36.925729 ], [ -86.419908, 36.925824 ] ], [ [ -86.419908, 36.925824 ], [ -86.41981, 36.925923 ] ], [ [ -86.41981, 36.925923 ], [ -86.4197671, 36.925969 ] ], [ [ -86.4197671, 36.925969 ], [ -86.419615, 36.926135 ] ], [ [ -86.419615, 36.926135 ], [ -86.419404, 36.926368 ] ], [ [ -86.419404, 36.926368 ], [ -86.41929, 36.92649 ] ], [ [ -86.41929, 36.92649 ], [ -86.4192401, 36.926547599999978 ] ], [ [ -86.4192401, 36.926547599999978 ], [ -86.418819, 36.9270109 ] ], [ [ -86.418819, 36.9270109 ], [ -86.418761, 36.92705010000001 ] ], [ [ -86.418761, 36.92705010000001 ], [ -86.4186956, 36.9270944 ] ], [ [ -86.4186956, 36.9270944 ], [ -86.4185648, 36.927172799999987 ] ], [ [ -86.4185648, 36.927172799999987 ], [ -86.4184014, 36.9272549 ] ], [ [ -86.4184014, 36.9272549 ], [ -86.4182379, 36.9273109 ] ], [ [ -86.4182379, 36.9273109 ], [ -86.4180184, 36.9273669 ] ], [ [ -86.4180184, 36.9273669 ], [ -86.4179157, 36.927389299999973 ] ], [ [ -86.4179157, 36.927389299999973 ], [ -86.4168086, 36.92754930000001 ] ], [ [ -86.4168086, 36.92754930000001 ], [ -86.4165619, 36.927635 ] ], [ [ -86.4165619, 36.927635 ], [ -86.4163527, 36.9277379 ] ], [ [ -86.4163527, 36.9277379 ], [ -86.4146532, 36.9287278 ] ], [ [ -86.4146532, 36.9287278 ], [ -86.4145022, 36.928845899999985 ] ], [ [ -86.4145022, 36.928845899999985 ], [ -86.4143836, 36.928954599999983 ] ], [ [ -86.4143836, 36.928954599999983 ], [ -86.4139973, 36.929386 ] ], [ [ -86.4139973, 36.929386 ], [ -86.413976700000021, 36.9294097 ] ], [ [ -86.413976700000021, 36.9294097 ], [ -86.4136665, 36.9297662 ] ], [ [ -86.4136665, 36.9297662 ], [ -86.4135821, 36.92986770000001 ] ], [ [ -86.4135821, 36.92986770000001 ], [ -86.4134884, 36.929953 ] ], [ [ -86.4134884, 36.929953 ], [ -86.4133217, 36.93001229999998 ] ] ] } },
{ "type": "Feature", "properties": { "name": "Greenwood Lane", "highway": "residential", "length": 1057.0, "risk_tier": "low", "zone_type": "sinkhole" }, "geometry": { "type": "MultiLineString", "coordinates": [ [ [ -86.4218437, 36.9238287 ], [ -86.421794, 36.92389 ] ], [ [ -86.421794, 36.92389 ], [ -86.4217454, 36.9239524 ] ], [ [ -86.4217454, 36.9239524 ], [ -86.421623, 36.924096 ] ], [ [ -86.421623, 36.924096 ], [ -86.421385, 36.924345 ] ], [ [ -86.421385, 36.924345 ], [ -86.4211244, 36.9246333 ] ], [ [ -86.4211244, 36.9246333 ], [ -86.420605, 36.925193 ] ], [ [ -86.420605, 36.925193 ], [ -86.420514, 36.925283 ] ], [ [ -86.420514, 36.925283 ], [ -86.4202771, 36.925498 ] ], [ [ -86.4202771, 36.925498 ], [ -86.420009, 36.925729 ] ], [ [ -86.420009, 36.925729 ], [ -86.419908, 36.925824 ] ], [ [ -86.419908, 36.925824 ], [ -86.41981, 36.925923 ] ], [ [ -86.41981, 36.925923 ], [ -86.4197671, 36.925969 ] ], [ [ -86.4197671, 36.925969 ], [ -86.419615, 36.926135 ] ], [ [ -86.419615, 36.926135 ], [ -86.419404, 36.926368 ] ], [ [ -86.419404, 36.926368 ], [ -86.41929, 36.92649 ] ], [ [ -86.41929, 36.92649 ], [ -86.4192401, 36.926547599999978 ] ], [ [ -86.4192401, 36.926547599999978 ], [ -86.418819, 36.9270109 ] ], [ [ -86.418819, 36.9270109 ], [ -86.418761, 36.92705010000001 ] ], [ [ -86.418761, 36.92705010000001 ], [ -86.4186956, 36.9270944 ] ], [ [ -86.4186956, 36.9270944 ], [ -86.4185648, 36.927172799999987 ] ], [ [ -86.4185648, 36.927172799999987 ], [ -86.4184014, 36.9272549 ] ], [ [ -86.4184014, 36.9272549 ], [ -86.4182379, 36.9273109 ] ], [ [ -86.4182379, 36.9273109 ], [ -86.4180184, 36.9273669 ] ], [ [ -86.4180184, 36.9273669 ], [ -86.4179157, 36.927389299999973 ] ], [ [ -86.4179157, 36.927389299999973 ], [ -86.4168086, 36.92754930000001 ] ], [ [ -86.4168086, 36.92754930000001 ], [ -86.4165619, 36.927635 ] ], [ [ -86.4165619, 36.927635 ], [ -86.4163527, 36.9277379 ] ], [ [ -86.4163527, 36.9277379 ], [ -86.4146532, 36.9287278 ] ], [ [ -86.4146532, 36.9287278 ], [ -86.4145022, 36.928845899999985 ] ], [ [ -86.4145022, 36.928845899999985 ], [ -86.4143836, 36.928954599999983 ] ], [ [ -86.4143836, 36.928954599999983 ], [ -86.4139973, 36.929386 ] ], [ [ -86.4139973, 36.929386 ], [ -86.413976700000021, 36.9294097 ] ], [ [ -86.413976700000021, 36.9294097 ], [ -86.4136665, 36.9297662 ] ], [ [ -86.4136665, 36.9297662 ], [ -86.4135821, 36.92986770000001 ] ], [ [ -86.4135821, 36.92986770000001 ], [ -86.4134884, 36.929953 ] ], [ [ -86.4134884, 36.929953 ], [ -86.4133217, 36.93001229999998 ] ] ] } },
{ "type": "Feature", "properties": { "name": "Greenwood Lane", "highway": "residential", "length": 1057.0, "risk_tier": "low", "zone_type": "sinkhole" }, "geometry": { "type": "MultiLineString", "coordinates": [ [ [ -86.4218437, 36.9238287 ], [ -86.421794, 36.92389 ] ], [ [ -86.421794, 36.92389 ], [ -86.4217454, 36.9239524 ] ], [ [ -86.4217454, 36.9239524 ], [ -86.421623, 36.924096 ] ], [ [ -86.421623, 36.924096 ], [ -86.421385, 36.924345 ] ], [ [ -86.421385, 36.924345 ], [ -86.4211244, 36.9246333 ] ], [ [ -86.4211244, 36.9246333 ], [ -86.420605, 36.925193 ] ], [ [ -86.420605, 36.925193 ], [ -86.420514, 36.925283 ] ], [ [ -86.420514, 36.925283 ], [ -86.4202771, 36.925498 ] ], [ [ -86.4202771, 36.925498 ], [ -86.420009, 36.925729 ] ], [ [ -86.420009, 36.925729 ], [ -86.419908, 36.925824 ] ], [ [ -86.419908, 36.925824 ], [ -86.41981, 36.925923 ] ], [ [ -86.41981, 36.925923 ], [ -86.4197671, 36.925969 ] ], [ [ -86.4197671, 36.925969 ], [ -86.419615, 36.926135 ] ], [ [ -86.419615, 36.926135 ], [ -86.419404, 36.926368 ] ], [ [ -86.419404, 36.926368 ], [ -86.41929, 36.92649 ] ], [ [ -86.41929, 36.92649 ], [ -86.4192401, 36.926547599999978 ] ], [ [ -86.4192401, 36.926547599999978 ], [ -86.418819, 36.9270109 ] ], [ [ -86.418819, 36.9270109 ], [ -86.418761, 36.92705010000001 ] ], [ [ -86.418761, 36.92705010000001 ], [ -86.4186956, 36.9270944 ] ], [ [ -86.4186956, 36.9270944 ], [ -86.4185648, 36.927172799999987 ] ], [ [ -86.4185648, 36.927172799999987 ], [ -86.4184014, 36.9272549 ] ], [ [ -86.4184014, 36.9272549 ], [ -86.4182379, 36.9273109 ] ], [ [ -86.4182379, 36.9273109 ], [ -86.4180184, 36.9273669 ] ], [ [ -86.4180184, 36.9273669 ], [ -86.4179157, 36.927389299999973 ] ], [ [ -86.4179157, 36.927389299999973 ], [ -86.4168086, 36.92754930000001 ] ], [ [ -86.4168086, 36.92754930000001 ], [ -86.4165619, 36.927635 ] ], [ [ -86.4165619, 36.927635 ], [ -86.4163527, 36.9277379 ] ], [ [ -86.4163527, 36.9277379 ], [ -86.4146532, 36.9287278 ] ], [ [ -86.4146532, 36.9287278 ], [ -86.4145022, 36.928845899999985 ] ], [ [ -86.4145022, 36.928845899999985 ], [ -86.4143836, 36.928954599999983 ] ], [ [ -86.4143836, 36.928954599999983 ], [ -86.4139973, 36.929386 ] ], [ [ -86.4139973, 36.929386 ], [ -86.413976700000021, 36.9294097 ] ], [ [ -86.413976700000021, 36.9294097 ], [ -86.4136665, 36.9297662 ] ], [ [ -86.4136665, 36.9297662 ], [ -86.4135821, 36.92986770000001 ] ], [ [ -86.4135821, 36.92986770000001 ], [ -86.4134884, 36.929953 ] ], [ [ -86.4134884, 36.929953 ], [ -86.4133217, 36.93001229999998 ] ] ] } },
{ "type": "Feature", "properties": { "name": "Greenwood Lane", "highway": "residential", "length": 1057.0, "risk_tier": "low", "zone_type": "sinkhole" }, "geometry": { "type": "MultiLineString", "coordinates": [ [ [ -86.4218437, 36.9238287 ], [ -86.421794, 36.92389 ] ], [ [ -86.421794, 36.92389 ], [ -86.4217454, 36.9239524 ] ], [ [ -86.4217454, 36.9239524 ], [ -86.421623, 36.924096 ] ], [ [ -86.421623, 36.924096 ], [ -86.421385, 36.924345 ] ], [ [ -86.421385, 36.924345 ], [ -86.4211244, 36.9246333 ] ], [ [ -86.4211244, 36.9246333 ], [ -86.420605, 36.925193 ] ], [ [ -86.420605, 36.925193 ], [ -86.420514, 36.925283 ] ], [ [ -86.420514, 36.925283 ], [ -86.4202771, 36.925498 ] ], [ [ -86.4202771, 36.925498 ], [ -86.420009, 36.925729 ] ], [ [ -86.420009, 36.925729 ], [ -86.419908, 36.925824 ] ], [ [ -86.419908, 36.925824 ], [ -86.41981, 36.925923 ] ], [ [ -86.41981, 36.925923 ], [ -86.4197671, 36.925969 ] ], [ [ -86.4197671, 36.925969 ], [ -86.419615, 36.926135 ] ], [ [ -86.419615, 36.926135 ], [ -86.419404, 36.926368 ] ], [ [ -86.419404, 36.926368 ], [ -86.41929, 36.92649 ] ], [ [ -86.41929, 36.92649 ], [ -86.4192401, 36.926547599999978 ] ], [ [ -86.4192401, 36.926547599999978 ], [ -86.418819, 36.9270109 ] ], [ [ -86.418819, 36.9270109 ], [ -86.418761, 36.92705010000001 ] ], [ [ -86.418761, 36.92705010000001 ], [ -86.4186956, 36.9270944 ] ], [ [ -86.4186956, 36.9270944 ], [ -86.4185648, 36.927172799999987 ] ], [ [ -86.4185648, 36.927172799999987 ], [ -86.4184014, 36.9272549 ] ], [ [ -86.4184014, 36.9272549 ], [ -86.4182379, 36.9273109 ] ], [ [ -86.4182379, 36.9273109 ], [ -86.4180184, 36.9273669 ] ], [ [ -86.4180184, 36.9273669 ], [ -86.4179157, 36.927389299999973 ] ], [ [ -86.4179157, 36.927389299999973 ], [ -86.4168086, 36.92754930000001 ] ], [ [ -86.4168086, 36.92754930000001 ], [ -86.4165619, 36.927635 ] ], [ [ -86.4165619, 36.927635 ], [ -86.4163527, 36.9277379 ] ], [ [ -86.4163527, 36.9277379 ], [ -86.4146532, 36.9287278 ] ], [ [ -86.4146532, 36.9287278 ], [ -86.4145022, 36.928845899999985 ] ], [ [ -86.4145022, 36.928845899999985 ], [ -86.4143836, 36.928954599999983 ] ], [ [ -86.4143836, 36.928954599999983 ], [ -86.4139973, 36.929386 ] ], [ [ -86.4139973, 36.929386 ], [ -86.413976700000021, 36.9294097 ] ], [ [ -86.413976700000021, 36.9294097 ], [ -86.4136665, 36.9297662 ] ], [ [ -86.4136665, 36.9297662 ], [ -86.4135821, 36.92986770000001 ] ], [ [ -86.4135821, 36.92986770000001 ], [ -86.4134884, 36.929953 ] ], [ [ -86.4134884, 36.929953 ], [ -86.4133217, 36.93001229999998 ] ] ] } },
{ "type": "Feature", "properties": { "name": "Carriage Hill Drive", "highway": "residential", "length": 821.0, "risk_tier": "low", "zone_type": "sinkhole" }, "geometry": { "type": "MultiLineString", "coordinates": [ [ [ -86.449395, 36.944771 ], [ -86.449349, 36.944825 ] ], [ [ -86.449349, 36.944825 ], [ -86.449325, 36.944859 ] ], [ [ -86.449325, 36.944859 ], [ -86.449277, 36.944944 ] ], [ [ -86.449277, 36.944944 ], [ -86.449228, 36.945054 ] ], [ [ -86.449228, 36.945054 ], [ -86.449178, 36.945193 ] ], [ [ -86.449178, 36.945193 ], [ -86.4491, 36.945443 ] ], [ [ -86.4491, 36.945443 ], [ -86.448984, 36.945835 ] ], [ [ -86.448984, 36.945835 ], [ -86.448927, 36.946048 ] ], [ [ -86.448927, 36.946048 ], [ -86.448804, 36.946473 ] ], [ [ -86.448804, 36.946473 ], [ -86.448599, 36.947147 ] ], [ [ -86.448599, 36.947147 ], [ -86.448441, 36.94765 ] ], [ [ -86.448441, 36.94765 ], [ -86.447851, 36.949566 ] ], [ [ -86.447851, 36.949566 ], [ -86.447091, 36.951913 ] ] ] } },
{ "type": "Feature", "properties": { "name": "Yuma Circle", "highway": "residential", "length": 381.0, "risk_tier": "low", "zone_type": "sinkhole" }, "geometry": { "type": "MultiLineString", "coordinates": [ [ [ -86.462983, 36.954268 ], [ -86.462731, 36.954236 ] ], [ [ -86.462731, 36.954236 ], [ -86.462059, 36.954151 ] ], [ [ -86.462059, 36.954151 ], [ -86.461726, 36.954101 ] ], [ [ -86.461726, 36.954101 ], [ -86.461659, 36.95411 ] ], [ [ -86.461659, 36.95411 ], [ -86.461608, 36.954137 ] ], [ [ -86.461608, 36.954137 ], [ -86.461577, 36.954175 ] ], [ [ -86.461577, 36.954175 ], [ -86.461556, 36.954286 ] ], [ [ -86.461556, 36.954286 ], [ -86.461522, 36.95461 ] ], [ [ -86.461522, 36.95461 ], [ -86.461478, 36.954887 ] ], [ [ -86.461478, 36.954887 ], [ -86.461398, 36.955198 ] ], [ [ -86.461398, 36.955198 ], [ -86.4614, 36.955268 ] ], [ [ -86.4614, 36.955268 ], [ -86.461415, 36.955329 ] ], [ [ -86.461415, 36.955329 ], [ -86.461452, 36.955374 ] ], [ [ -86.461452, 36.955374 ], [ -86.461505, 36.955402 ] ], [ [ -86.461505, 36.955402 ], [ -86.461685, 36.95544 ] ], [ [ -86.461685, 36.95544 ], [ -86.462723, 36.955564 ] ] ] } },
{ "type": "Feature", "properties": { "name": "Yuma Circle", "highway": "residential", "length": 381.0, "risk_tier": "low", "zone_type": "sinkhole" }, "geometry": { "type": "MultiLineString", "coordinates": [ [ [ -86.462983, 36.954268 ], [ -86.462731, 36.954236 ] ], [ [ -86.462731, 36.954236 ], [ -86.462059, 36.954151 ] ], [ [ -86.462059, 36.954151 ], [ -86.461726, 36.954101 ] ], [ [ -86.461726, 36.954101 ], [ -86.461659, 36.95411 ] ], [ [ -86.461659, 36.95411 ], [ -86.461608, 36.954137 ] ], [ [ -86.461608, 36.954137 ], [ -86.461577, 36.954175 ] ], [ [ -86.461577, 36.954175 ], [ -86.461556, 36.954286 ] ], [ [ -86.461556, 36.954286 ], [ -86.461522, 36.95461 ] ], [ [ -86.461522, 36.95461 ], [ -86.461478, 36.954887 ] ], [ [ -86.461478, 36.954887 ], [ -86.461398, 36.955198 ] ], [ [ -86.461398, 36.955198 ], [ -86.4614, 36.955268 ] ], [ [ -86.4614, 36.955268 ], [ -86.461415, 36.955329 ] ], [ [ -86.461415, 36.955329 ], [ -86.461452, 36.955374 ] ], [ [ -86.461452, 36.955374 ], [ -86.461505, 36.955402 ] ], [ [ -86.461505, 36.955402 ], [ -86.461685, 36.95544 ] ], [ [ -86.461685, 36.95544 ], [ -86.462723, 36.955564 ] ] ] } },
{ "type": "Feature", "properties": { "name": "Montgomery Way", "highway": "residential", "length": 494.0, "risk_tier": "low", "zone_type": "sinkhole" }, "geometry": { "type": "MultiLineString", "coordinates": [ [ [ -86.4744433, 36.942254 ], [ -86.474813, 36.941105 ] ], [ [ -86.474813, 36.941105 ], [ -86.474931, 36.940747 ] ], [ [ -86.474931, 36.940747 ], [ -86.474948, 36.940692 ] ], [ [ -86.474948, 36.940692 ], [ -86.474959, 36.940641 ] ], [ [ -86.474959, 36.940641 ], [ -86.474955, 36.940594 ] ], [ [ -86.474955, 36.940594 ], [ -86.474927, 36.940554 ] ], [ [ -86.474927, 36.940554 ], [ -86.47488, 36.940525 ] ], [ [ -86.47488, 36.940525 ], [ -86.474814, 36.940505 ] ], [ [ -86.474814, 36.940505 ], [ -86.474728, 36.940491 ] ], [ [ -86.474728, 36.940491 ], [ -86.474416, 36.940458 ] ], [ [ -86.474416, 36.940458 ], [ -86.473844, 36.940382 ] ], [ [ -86.473844, 36.940382 ], [ -86.473724, 36.940371 ] ], [ [ -86.473724, 36.940371 ], [ -86.473604, 36.940367 ] ], [ [ -86.473604, 36.940367 ], [ -86.473485, 36.940378 ] ], [ [ -86.473485, 36.940378 ], [ -86.473372, 36.940406 ] ], [ [ -86.473372, 36.940406 ], [ -86.473269, 36.940449 ] ], [ [ -86.473269, 36.940449 ], [ -86.473175, 36.940505 ] ], [ [ -86.473175, 36.940505 ], [ -86.473094, 36.940572 ] ], [ [ -86.473094, 36.940572 ], [ -86.472375, 36.941545 ] ] ] } },
{ "type": "Feature", "properties": { "name": "Edward Drive", "highway": "residential", "length": 330.0, "risk_tier": "low", "zone_type": "sinkhole" }, "geometry": { "type": "MultiLineString", "coordinates": [ [ [ -86.456639, 36.945798 ], [ -86.4564209, 36.9473651 ] ], [ [ -86.4564209, 36.9473651 ], [ -86.456228, 36.94875 ] ] ] } },
{ "type": "Feature", "properties": { "name": "Edward Drive", "highway": "residential", "length": 330.0, "risk_tier": "low", "zone_type": "sinkhole" }, "geometry": { "type": "MultiLineString", "coordinates": [ [ [ -86.456639, 36.945798 ], [ -86.4564209, 36.9473651 ] ], [ [ -86.4564209, 36.9473651 ], [ -86.456228, 36.94875 ] ] ] } },
{ "type": "Feature", "properties": { "name": "Edward Drive", "highway": "residential", "length": 330.0, "risk_tier": "low", "zone_type": "sinkhole" }, "geometry": { "type": "MultiLineString", "coordinates": [ [ [ -86.456639, 36.945798 ], [ -86.4564209, 36.9473651 ] ], [ [ -86.4564209, 36.9473651 ], [ -86.456228, 36.94875 ] ] ] } },
{ "type": "Feature", "properties": { "name": null, "highway": "residential", "length": 37.0, "risk_tier": "low", "zone_type": "sinkhole" }, "geometry": { "type": "MultiLineString", "coordinates": [ [ [ -86.4696471, 36.9537979 ], [ -86.4697408, 36.9537504 ] ], [ [ -86.4697408, 36.9537504 ], [ -86.4698291, 36.95368950000001 ] ], [ [ -86.4698291, 36.95368950000001 ], [ -86.4698944, 36.953552 ] ] ] } },
{ "type": "Feature", "properties": { "name": "River Bend Street", "highway": "residential", "length": 37.0, "risk_tier": "low", "zone_type": "sinkhole" }, "geometry": { "type": "MultiLineString", "coordinates": [ [ [ -86.4698944, 36.953552 ], [ -86.4697268, 36.953636 ] ], [ [ -86.4697268, 36.953636 ], [ -86.4696835, 36.953686 ] ], [ [ -86.4696835, 36.953686 ], [ -86.4696569, 36.9537768 ] ], [ [ -86.4696569, 36.9537768 ], [ -86.4696471, 36.9537979 ] ] ] } },
{ "type": "Feature", "properties": { "name": "Hunting Creek Drive", "highway": "residential", "length": 490.0, "risk_tier": "low", "zone_type": "sinkhole" }, "geometry": { "type": "MultiLineString", "coordinates": [ [ [ -86.456554, 36.939236 ], [ -86.456484, 36.939369 ] ], [ [ -86.456484, 36.939369 ], [ -86.456256, 36.939738 ] ], [ [ -86.456256, 36.939738 ], [ -86.456064, 36.940003 ] ], [ [ -86.456064, 36.940003 ], [ -86.455714, 36.940467 ] ], [ [ -86.455714, 36.940467 ], [ -86.4556121, 36.9405933 ] ], [ [ -86.4556121, 36.9405933 ], [ -86.455368, 36.940896 ] ], [ [ -86.455368, 36.940896 ], [ -86.455222, 36.941065 ] ], [ [ -86.455222, 36.941065 ], [ -86.454788, 36.941616 ] ], [ [ -86.454788, 36.941616 ], [ -86.454073, 36.942492 ] ], [ [ -86.454073, 36.942492 ], [ -86.453844, 36.942789 ] ], [ [ -86.453844, 36.942789 ], [ -86.453674, 36.94299 ] ] ] } },
{ "type": "Feature", "properties": { "name": "Canton Avenue", "highway": "residential", "length": 230.0, "risk_tier": "low", "zone_type": "sinkhole" }, "geometry": { "type": "MultiLineString", "coordinates": [ [ [ -86.437773, 36.966458 ], [ -86.437946, 36.966703 ] ], [ [ -86.437946, 36.966703 ], [ -86.438067, 36.966864 ] ], [ [ -86.438067, 36.966864 ], [ -86.4384461, 36.9674062 ] ], [ [ -86.4384461, 36.9674062 ], [ -86.438532, 36.967529 ] ], [ [ -86.438532, 36.967529 ], [ -86.438949, 36.968099 ] ], [ [ -86.438949, 36.968099 ], [ -86.4390171, 36.968207 ] ], [ [ -86.4390171, 36.968207 ], [ -86.43905, 36.968258 ] ] ] } },
{ "type": "Feature", "properties": { "name": "Calico Court", "highway": "residential", "length": 165.0, "risk_tier": "low", "zone_type": "sinkhole" }, "geometry": { "type": "MultiLineString", "coordinates": [ [ [ -86.454714, 36.964656 ], [ -86.454686, 36.964662 ] ], [ [ -86.454686, 36.964662 ], [ -86.454609, 36.964668 ] ], [ [ -86.454609, 36.964668 ], [ -86.454535, 36.964666 ] ], [ [ -86.454535, 36.964666 ], [ -86.454397, 36.96465 ] ], [ [ -86.454397, 36.96465 ], [ -86.454284, 36.96463 ] ], [ [ -86.454284, 36.96463 ], [ -86.454072, 36.964576 ] ], [ [ -86.454072, 36.964576 ], [ -86.4535925, 36.9644881 ] ], [ [ -86.4535925, 36.9644881 ], [ -86.4528983, 36.964365599999979 ] ] ] } },
{ "type": "Feature", "properties": { "name": null, "highway": "residential", "length": 463.0, "risk_tier": "low", "zone_type": "sinkhole" }, "geometry": { "type": "MultiLineString", "coordinates": [ [ [ -86.47737, 36.95457 ], [ -86.477501, 36.954637 ] ], [ [ -86.477501, 36.954637 ], [ -86.477643, 36.954704 ] ], [ [ -86.477643, 36.954704 ], [ -86.477826, 36.954782 ] ], [ [ -86.477826, 36.954782 ], [ -86.478362, 36.954997 ] ], [ [ -86.478362, 36.954997 ], [ -86.479207, 36.955346 ] ], [ [ -86.479207, 36.955346 ], [ -86.479326, 36.955384 ] ], [ [ -86.479326, 36.955384 ], [ -86.47937, 36.955388 ] ], [ [ -86.47937, 36.955388 ], [ -86.479415, 36.955381 ] ], [ [ -86.479415, 36.955381 ], [ -86.479456, 36.955363 ] ], [ [ -86.479456, 36.955363 ], [ -86.479701, 36.955139 ] ], [ [ -86.479701, 36.955139 ], [ -86.479794, 36.955048 ] ], [ [ -86.479794, 36.955048 ], [ -86.479811, 36.955023 ] ], [ [ -86.479811, 36.955023 ], [ -86.47982, 36.954997 ] ], [ [ -86.47982, 36.954997 ], [ -86.479821, 36.954976 ] ], [ [ -86.479821, 36.954976 ], [ -86.479814, 36.954955 ] ], [ [ -86.479814, 36.954955 ], [ -86.479793, 36.954932 ] ], [ [ -86.479793, 36.954932 ], [ -86.479724, 36.954885 ] ], [ [ -86.479724, 36.954885 ], [ -86.479015, 36.954584 ] ], [ [ -86.479015, 36.954584 ], [ -86.47879, 36.954495 ] ], [ [ -86.47879, 36.954495 ], [ -86.478549, 36.954406 ] ], [ [ -86.478549, 36.954406 ], [ -86.478237, 36.954281 ] ], [ [ -86.478237, 36.954281 ], [ -86.477997, 36.954179 ] ], [ [ -86.477997, 36.954179 ], [ -86.477867, 36.954113 ] ] ] } },
{ "type": "Feature", "properties": { "name": null, "highway": "residential", "length": 463.0, "risk_tier": "low", "zone_type": "sinkhole" }, "geometry": { "type": "MultiLineString", "coordinates": [ [ [ -86.47737, 36.95457 ], [ -86.477501, 36.954637 ] ], [ [ -86.477501, 36.954637 ], [ -86.477643, 36.954704 ] ], [ [ -86.477643, 36.954704 ], [ -86.477826, 36.954782 ] ], [ [ -86.477826, 36.954782 ], [ -86.478362, 36.954997 ] ], [ [ -86.478362, 36.954997 ], [ -86.479207, 36.955346 ] ], [ [ -86.479207, 36.955346 ], [ -86.479326, 36.955384 ] ], [ [ -86.479326, 36.955384 ], [ -86.47937, 36.955388 ] ], [ [ -86.47937, 36.955388 ], [ -86.479415, 36.955381 ] ], [ [ -86.479415, 36.955381 ], [ -86.479456, 36.955363 ] ], [ [ -86.479456, 36.955363 ], [ -86.479701, 36.955139 ] ], [ [ -86.479701, 36.955139 ], [ -86.479794, 36.955048 ] ], [ [ -86.479794, 36.955048 ], [ -86.479811, 36.955023 ] ], [ [ -86.479811, 36.955023 ], [ -86.47982, 36.954997 ] ], [ [ -86.47982, 36.954997 ], [ -86.479821, 36.954976 ] ], [ [ -86.479821, 36.954976 ], [ -86.479814, 36.954955 ] ], [ [ -86.479814, 36.954955 ], [ -86.479793, 36.954932 ] ], [ [ -86.479793, 36.954932 ], [ -86.479724, 36.954885 ] ], [ [ -86.479724, 36.954885 ], [ -86.479015, 36.954584 ] ], [ [ -86.479015, 36.954584 ], [ -86.47879, 36.954495 ] ], [ [ -86.47879, 36.954495 ], [ -86.478549, 36.954406 ] ], [ [ -86.478549, 36.954406 ], [ -86.478237, 36.954281 ] ], [ [ -86.478237, 36.954281 ], [ -86.477997, 36.954179 ] ], [ [ -86.477997, 36.954179 ], [ -86.477867, 36.954113 ] ] ] } },
{ "type": "Feature", "properties": { "name": null, "highway": "residential", "length": 463.0, "risk_tier": "low", "zone_type": "sinkhole" }, "geometry": { "type": "MultiLineString", "coordinates": [ [ [ -86.47737, 36.95457 ], [ -86.477501, 36.954637 ] ], [ [ -86.477501, 36.954637 ], [ -86.477643, 36.954704 ] ], [ [ -86.477643, 36.954704 ], [ -86.477826, 36.954782 ] ], [ [ -86.477826, 36.954782 ], [ -86.478362, 36.954997 ] ], [ [ -86.478362, 36.954997 ], [ -86.479207, 36.955346 ] ], [ [ -86.479207, 36.955346 ], [ -86.479326, 36.955384 ] ], [ [ -86.479326, 36.955384 ], [ -86.47937, 36.955388 ] ], [ [ -86.47937, 36.955388 ], [ -86.479415, 36.955381 ] ], [ [ -86.479415, 36.955381 ], [ -86.479456, 36.955363 ] ], [ [ -86.479456, 36.955363 ], [ -86.479701, 36.955139 ] ], [ [ -86.479701, 36.955139 ], [ -86.479794, 36.955048 ] ], [ [ -86.479794, 36.955048 ], [ -86.479811, 36.955023 ] ], [ [ -86.479811, 36.955023 ], [ -86.47982, 36.954997 ] ], [ [ -86.47982, 36.954997 ], [ -86.479821, 36.954976 ] ], [ [ -86.479821, 36.954976 ], [ -86.479814, 36.954955 ] ], [ [ -86.479814, 36.954955 ], [ -86.479793, 36.954932 ] ], [ [ -86.479793, 36.954932 ], [ -86.479724, 36.954885 ] ], [ [ -86.479724, 36.954885 ], [ -86.479015, 36.954584 ] ], [ [ -86.479015, 36.954584 ], [ -86.47879, 36.954495 ] ], [ [ -86.47879, 36.954495 ], [ -86.478549, 36.954406 ] ], [ [ -86.478549, 36.954406 ], [ -86.478237, 36.954281 ] ], [ [ -86.478237, 36.954281 ], [ -86.477997, 36.954179 ] ], [ [ -86.477997, 36.954179 ], [ -86.477867, 36.954113 ] ] ] } },
{ "type": "Feature", "properties": { "name": "Old Nashville Rd Loop No 2", "highway": "residential", "length": 48.0, "risk_tier": "low", "zone_type": "sinkhole" }, "geometry": { "type": "MultiLineString", "coordinates": [ [ [ -86.494449, 36.927139 ], [ -86.494366, 36.927184 ] ], [ [ -86.494366, 36.927184 ], [ -86.494253, 36.927236 ] ], [ [ -86.494253, 36.927236 ], [ -86.494039, 36.927318 ] ], [ [ -86.494039, 36.927318 ], [ -86.493973, 36.92735 ] ] ] } },
{ "type": "Feature", "properties": { "name": "Old Nashville Rd Loop No 2", "highway": "residential", "length": 266.0, "risk_tier": "low", "zone_type": "sinkhole" }, "geometry": { "type": "MultiLineString", "coordinates": [ [ [ -86.493973, 36.92735 ], [ -86.493903, 36.927375 ] ], [ [ -86.493903, 36.927375 ], [ -86.493788, 36.927423 ] ], [ [ -86.493788, 36.927423 ], [ -86.49371, 36.92747 ] ], [ [ -86.49371, 36.92747 ], [ -86.493633, 36.927529 ] ], [ [ -86.493633, 36.927529 ], [ -86.49347, 36.927704 ] ], [ [ -86.49347, 36.927704 ], [ -86.493398, 36.927803 ] ], [ [ -86.493398, 36.927803 ], [ -86.493348, 36.927905 ] ], [ [ -86.493348, 36.927905 ], [ -86.493178, 36.928407 ] ], [ [ -86.493178, 36.928407 ], [ -86.493129, 36.928539 ] ], [ [ -86.493129, 36.928539 ], [ -86.4931105, 36.9285769 ] ], [ [ -86.4931105, 36.9285769 ], [ -86.493085, 36.928629 ] ], [ [ -86.493085, 36.928629 ], [ -86.493057, 36.928673 ] ], [ [ -86.493057, 36.928673 ], [ -86.492987, 36.928773 ] ], [ [ -86.492987, 36.928773 ], [ -86.4925488, 36.9293798 ] ] ] } },
{ "type": "Feature", "properties": { "name": "Hamilton Drive", "highway": "residential", "length": 137.0, "risk_tier": "low", "zone_type": "sinkhole" }, "geometry": { "type": "MultiLineString", "coordinates": [ [ [ -86.4523231, 36.9671402 ], [ -86.4520651, 36.967539499999987 ] ], [ [ -86.4520651, 36.967539499999987 ], [ -86.4519764, 36.9676819 ] ], [ [ -86.4519764, 36.9676819 ], [ -86.4519021, 36.9678012 ] ], [ [ -86.4519021, 36.9678012 ], [ -86.4517942, 36.9679745 ] ], [ [ -86.4517942, 36.9679745 ], [ -86.4515846, 36.968222 ] ] ] } },
{ "type": "Feature", "properties": { "name": "Hamilton Drive", "highway": "residential", "length": 137.0, "risk_tier": "low", "zone_type": "sinkhole" }, "geometry": { "type": "MultiLineString", "coordinates": [ [ [ -86.4523231, 36.9671402 ], [ -86.4520651, 36.967539499999987 ] ], [ [ -86.4520651, 36.967539499999987 ], [ -86.4519764, 36.9676819 ] ], [ [ -86.4519764, 36.9676819 ], [ -86.4519021, 36.9678012 ] ], [ [ -86.4519021, 36.9678012 ], [ -86.4517942, 36.9679745 ] ], [ [ -86.4517942, 36.9679745 ], [ -86.4515846, 36.968222 ] ] ] } },
{ "type": "Feature", "properties": { "name": null, "highway": "residential", "length": 42.0, "risk_tier": "low", "zone_type": "sinkhole" }, "geometry": { "type": "MultiLineString", "coordinates": [ [ [ -86.441645, 36.954348 ], [ -86.441568, 36.954311 ] ], [ [ -86.441568, 36.954311 ], [ -86.441572, 36.954389 ] ], [ [ -86.441572, 36.954389 ], [ -86.441584, 36.95442 ] ], [ [ -86.441584, 36.95442 ], [ -86.441593, 36.954432 ] ], [ [ -86.441593, 36.954432 ], [ -86.441605, 36.954441 ] ], [ [ -86.441605, 36.954441 ], [ -86.441633, 36.954448 ] ], [ [ -86.441633, 36.954448 ], [ -86.44165, 36.954447 ] ], [ [ -86.44165, 36.954447 ], [ -86.441675, 36.954436 ] ], [ [ -86.441675, 36.954436 ], [ -86.441685, 36.954426 ] ], [ [ -86.441685, 36.954426 ], [ -86.441689, 36.954415 ] ], [ [ -86.441689, 36.954415 ], [ -86.441686, 36.954381 ] ], [ [ -86.441686, 36.954381 ], [ -86.44168, 36.954372 ] ], [ [ -86.44168, 36.954372 ], [ -86.441645, 36.954348 ] ] ] } },
{ "type": "Feature", "properties": { "name": null, "highway": "residential", "length": 42.0, "risk_tier": "low", "zone_type": "sinkhole" }, "geometry": { "type": "MultiLineString", "coordinates": [ [ [ -86.441645, 36.954348 ], [ -86.441568, 36.954311 ] ], [ [ -86.441568, 36.954311 ], [ -86.441572, 36.954389 ] ], [ [ -86.441572, 36.954389 ], [ -86.441584, 36.95442 ] ], [ [ -86.441584, 36.95442 ], [ -86.441593, 36.954432 ] ], [ [ -86.441593, 36.954432 ], [ -86.441605, 36.954441 ] ], [ [ -86.441605, 36.954441 ], [ -86.441633, 36.954448 ] ], [ [ -86.441633, 36.954448 ], [ -86.44165, 36.954447 ] ], [ [ -86.44165, 36.954447 ], [ -86.441675, 36.954436 ] ], [ [ -86.441675, 36.954436 ], [ -86.441685, 36.954426 ] ], [ [ -86.441685, 36.954426 ], [ -86.441689, 36.954415 ] ], [ [ -86.441689, 36.954415 ], [ -86.441686, 36.954381 ] ], [ [ -86.441686, 36.954381 ], [ -86.44168, 36.954372 ] ], [ [ -86.44168, 36.954372 ], [ -86.441645, 36.954348 ] ] ] } },
{ "type": "Feature", "properties": { "name": "New Towne Drive", "highway": "residential", "length": 36.0, "risk_tier": "low", "zone_type": "sinkhole" }, "geometry": { "type": "MultiLineString", "coordinates": [ [ [ -86.4003161, 36.9693009 ], [ -86.4002062, 36.9693617 ] ], [ [ -86.4002062, 36.9693617 ], [ -86.3999985, 36.9695015 ] ] ] } },
{ "type": "Feature", "properties": { "name": "New Towne Drive", "highway": "residential", "length": 38.0, "risk_tier": "low", "zone_type": "sinkhole" }, "geometry": { "type": "MultiLineString", "coordinates": [ [ [ -86.4006877, 36.9687813 ], [ -86.4005219, 36.9688884 ] ], [ [ -86.4005219, 36.9688884 ], [ -86.4003505, 36.9689847 ] ] ] } },
{ "type": "Feature", "properties": { "name": "New Towne Drive", "highway": "residential", "length": 38.0, "risk_tier": "low", "zone_type": "sinkhole" }, "geometry": { "type": "MultiLineString", "coordinates": [ [ [ -86.4006877, 36.9687813 ], [ -86.4005219, 36.9688884 ] ], [ [ -86.4005219, 36.9688884 ], [ -86.4003505, 36.9689847 ] ] ] } },
{ "type": "Feature", "properties": { "name": "New Towne Drive", "highway": "residential", "length": 38.0, "risk_tier": "low", "zone_type": "sinkhole" }, "geometry": { "type": "MultiLineString", "coordinates": [ [ [ -86.4006877, 36.9687813 ], [ -86.4005219, 36.9688884 ] ], [ [ -86.4005219, 36.9688884 ], [ -86.4003505, 36.9689847 ] ] ] } },
{ "type": "Feature", "properties": { "name": "New Towne Drive", "highway": "residential", "length": 42.0, "risk_tier": "low", "zone_type": "sinkhole" }, "geometry": { "type": "MultiLineString", "coordinates": [ [ [ -86.4005205, 36.969133 ], [ -86.4005657, 36.9690157 ] ], [ [ -86.4005657, 36.9690157 ], [ -86.4006063, 36.9689127 ] ], [ [ -86.4006063, 36.9689127 ], [ -86.4006877, 36.9687813 ] ] ] } },
{ "type": "Feature", "properties": { "name": "New Towne Drive", "highway": "residential", "length": 42.0, "risk_tier": "low", "zone_type": "sinkhole" }, "geometry": { "type": "MultiLineString", "coordinates": [ [ [ -86.4005205, 36.969133 ], [ -86.4005657, 36.9690157 ] ], [ [ -86.4005657, 36.9690157 ], [ -86.4006063, 36.9689127 ] ], [ [ -86.4006063, 36.9689127 ], [ -86.4006877, 36.9687813 ] ] ] } },
{ "type": "Feature", "properties": { "name": "New Towne Drive", "highway": "residential", "length": 42.0, "risk_tier": "low", "zone_type": "sinkhole" }, "geometry": { "type": "MultiLineString", "coordinates": [ [ [ -86.4005205, 36.969133 ], [ -86.4005657, 36.9690157 ] ], [ [ -86.4005657, 36.9690157 ], [ -86.4006063, 36.9689127 ] ], [ [ -86.4006063, 36.9689127 ], [ -86.4006877, 36.9687813 ] ] ] } },
{ "type": "Feature", "properties": { "name": "New Towne Drive", "highway": "residential", "length": 35.0, "risk_tier": "low", "zone_type": "sinkhole" }, "geometry": { "type": "MultiLineString", "coordinates": [ [ [ -86.4001433, 36.9692123 ], [ -86.400096600000012, 36.969317 ] ], [ [ -86.400096600000012, 36.969317 ], [ -86.4000323, 36.969418799999985 ] ], [ [ -86.4000323, 36.969418799999985 ], [ -86.3999985, 36.9695015 ] ] ] } },
{ "type": "Feature", "properties": { "name": "New Towne Drive", "highway": "residential", "length": 35.0, "risk_tier": "low", "zone_type": "sinkhole" }, "geometry": { "type": "MultiLineString", "coordinates": [ [ [ -86.4001433, 36.9692123 ], [ -86.400096600000012, 36.969317 ] ], [ [ -86.400096600000012, 36.969317 ], [ -86.4000323, 36.969418799999985 ] ], [ [ -86.4000323, 36.969418799999985 ], [ -86.3999985, 36.9695015 ] ] ] } },
{ "type": "Feature", "properties": { "name": "New Towne Drive", "highway": "residential", "length": 35.0, "risk_tier": "low", "zone_type": "sinkhole" }, "geometry": { "type": "MultiLineString", "coordinates": [ [ [ -86.4001433, 36.9692123 ], [ -86.400096600000012, 36.969317 ] ], [ [ -86.400096600000012, 36.969317 ], [ -86.4000323, 36.969418799999985 ] ], [ [ -86.4000323, 36.969418799999985 ], [ -86.3999985, 36.9695015 ] ] ] } },
{ "type": "Feature", "properties": { "name": "Fieldstone Boulevard", "highway": "residential", "length": 456.0, "risk_tier": "low", "zone_type": "sinkhole" }, "geometry": { "type": "MultiLineString", "coordinates": [ [ [ -86.4287964, 36.9296476 ], [ -86.4295771, 36.93003130000001 ] ], [ [ -86.4295771, 36.93003130000001 ], [ -86.4298882, 36.93022 ] ], [ [ -86.4298882, 36.93022 ], [ -86.4301776, 36.9305286 ] ], [ [ -86.4301776, 36.9305286 ], [ -86.430445, 36.9308515 ] ], [ [ -86.430445, 36.9308515 ], [ -86.4308027, 36.9312026 ] ], [ [ -86.4308027, 36.9312026 ], [ -86.4309108, 36.9313087 ] ], [ [ -86.4309108, 36.9313087 ], [ -86.4311908, 36.9315819 ] ], [ [ -86.4311908, 36.9315819 ], [ -86.431525, 36.931908 ] ], [ [ -86.431525, 36.931908 ], [ -86.4318416, 36.9322396 ] ], [ [ -86.4318416, 36.9322396 ], [ -86.4321614, 36.9326671 ] ] ] } },
{ "type": "Feature", "properties": { "name": null, "highway": "residential", "length": 90.0, "risk_tier": "low", "zone_type": "sinkhole" }, "geometry": { "type": "MultiLineString", "coordinates": [ [ [ -86.416754, 36.947179 ], [ -86.416788, 36.947117 ] ], [ [ -86.416788, 36.947117 ], [ -86.416911, 36.946931 ] ], [ [ -86.416911, 36.946931 ], [ -86.417071, 36.946628 ] ], [ [ -86.417071, 36.946628 ], [ -86.417069, 36.946607 ] ], [ [ -86.417069, 36.946607 ], [ -86.417061, 36.946586 ] ], [ [ -86.417061, 36.946586 ], [ -86.417035, 36.946543 ] ], [ [ -86.417035, 36.946543 ], [ -86.417005, 36.946502 ] ], [ [ -86.417005, 36.946502 ], [ -86.416991, 36.946491 ] ], [ [ -86.416991, 36.946491 ], [ -86.416974, 36.946483 ] ], [ [ -86.416974, 36.946483 ], [ -86.416933, 36.946479 ] ] ] } },
{ "type": "Feature", "properties": { "name": "Whitney Drive", "highway": "unclassified", "length": 725.0, "risk_tier": "low", "zone_type": "sinkhole" }, "geometry": { "type": "MultiLineString", "coordinates": [ [ [ -86.528763400000017, 36.941370099999986 ], [ -86.5279157, 36.9404551 ] ], [ [ -86.5279157, 36.9404551 ], [ -86.5268055, 36.939256800000017 ] ], [ [ -86.5268055, 36.939256800000017 ], [ -86.5266739, 36.9391585 ] ], [ [ -86.5266739, 36.9391585 ], [ -86.5265504, 36.9391003 ] ], [ [ -86.5265504, 36.9391003 ], [ -86.5240891, 36.938204 ] ], [ [ -86.5240891, 36.938204 ], [ -86.523861, 36.9380875 ] ], [ [ -86.523861, 36.9380875 ], [ -86.5235886, 36.93792040000001 ] ], [ [ -86.5235886, 36.93792040000001 ], [ -86.5233542, 36.937750800000011 ] ], [ [ -86.5233542, 36.937750800000011 ], [ -86.5231039, 36.9375305 ] ], [ [ -86.5231039, 36.9375305 ], [ -86.5228917, 36.937292499999984 ] ], [ [ -86.5228917, 36.937292499999984 ], [ -86.5228062, 36.937176 ] ] ] } },
{ "type": "Feature", "properties": { "name": "Whitney Drive", "highway": "unclassified", "length": 725.0, "risk_tier": "low", "zone_type": "sinkhole" }, "geometry": { "type": "MultiLineString", "coordinates": [ [ [ -86.528763400000017, 36.941370099999986 ], [ -86.5279157, 36.9404551 ] ], [ [ -86.5279157, 36.9404551 ], [ -86.5268055, 36.939256800000017 ] ], [ [ -86.5268055, 36.939256800000017 ], [ -86.5266739, 36.9391585 ] ], [ [ -86.5266739, 36.9391585 ], [ -86.5265504, 36.9391003 ] ], [ [ -86.5265504, 36.9391003 ], [ -86.5240891, 36.938204 ] ], [ [ -86.5240891, 36.938204 ], [ -86.523861, 36.9380875 ] ], [ [ -86.523861, 36.9380875 ], [ -86.5235886, 36.93792040000001 ] ], [ [ -86.5235886, 36.93792040000001 ], [ -86.5233542, 36.937750800000011 ] ], [ [ -86.5233542, 36.937750800000011 ], [ -86.5231039, 36.9375305 ] ], [ [ -86.5231039, 36.9375305 ], [ -86.5228917, 36.937292499999984 ] ], [ [ -86.5228917, 36.937292499999984 ], [ -86.5228062, 36.937176 ] ] ] } }
]
}
